# Blender 4.5.3 LTS
# www.blender.org
o Cube
v 1.226971 0.390852 -1.519304
v 1.316794 0.000000 0.328705
v 1.226971 0.390852 0.328705
v 0.438998 0.181825 -1.981979
v 0.000101 0.390852 -1.771541
v 3.843317 0.283476 -3.703299
v 0.666276 0.564156 -1.337278
v 4.083253 0.283476 -3.494845
v 4.277911 0.283476 -3.243587
v 0.877896 0.416904 0.328706
v 0.666276 0.564156 -1.306422
v 0.877896 0.000000 -1.901983
v 0.438998 0.000000 -1.986296
v 0.438998 0.390852 -1.744069
v 0.877896 0.390852 -1.655087
v 1.316793 0.000000 -0.473455
v 1.316793 0.000000 -1.523900
v 1.226971 0.390852 -1.190877
v 1.226971 0.390852 -0.481014
v 4.419810 0.283476 -2.959180
v 4.503498 0.283476 -2.652555
v 0.679478 0.434667 -1.346440
v 0.000101 0.416904 -1.453701
v 0.438999 0.416904 -1.425429
v 0.877896 0.416904 -0.690253
v 0.877896 0.416904 -1.333406
v 4.525759 0.283476 -2.335495
v 4.485736 0.283476 -2.020185
v 4.384968 0.283476 -1.718741
v 4.227328 0.283476 -1.442748
v 4.164982 0.000000 -1.486988
v 4.315189 0.000000 -1.749968
v 4.411205 0.000000 -2.037198
v 4.449341 0.000000 -2.337641
v 4.428130 0.000000 -2.639752
v 4.348389 0.000000 -2.931920
v 4.213180 0.000000 -3.202917
v 4.027700 0.000000 -3.442328
v 3.799078 0.000000 -3.640953
v 3.536098 0.000000 -3.791161
v 3.248866 0.000000 -3.887177
v 2.948423 0.000000 -3.925313
v 2.646311 0.000000 -3.904101
v 2.354145 0.000000 -3.824359
v 2.083149 0.000000 -3.689151
v 1.843737 0.000000 -3.503671
v 1.645112 0.000000 -3.275047
v 1.494904 0.000000 -3.012068
v 1.398888 0.000000 -2.724837
v 1.360752 0.000000 -2.424394
v 1.381963 0.000000 -2.122283
v 1.461705 0.000000 -1.830116
v 1.596914 0.000000 -1.559120
v 1.782394 0.000000 -1.319708
v 2.011017 0.000000 -1.121082
v 2.273996 0.000000 -0.970875
v 2.561227 0.000000 -0.874858
v 2.861671 0.000000 -0.836724
v 3.163781 0.000000 -0.857935
v 3.455948 0.000000 -0.937676
v 3.726944 0.000000 -1.072885
v 3.966356 0.000000 -1.258366
v 4.164982 0.205156 -1.486988
v 4.315189 0.205156 -1.749968
v 4.411205 0.205156 -2.037198
v 4.449341 0.205156 -2.337641
v 4.428130 0.205156 -2.639752
v 4.348389 0.205156 -2.931920
v 4.213180 0.205156 -3.202917
v 4.027700 0.205156 -3.442328
v 3.799078 0.205156 -3.640953
v 3.536098 0.205156 -3.791161
v 3.248866 0.205156 -3.887177
v 2.948423 0.205156 -3.925313
v 2.646311 0.205156 -3.904101
v 2.354145 0.205156 -3.824359
v 2.083149 0.205156 -3.689151
v 1.843737 0.205156 -3.503671
v 1.645112 0.205156 -3.275047
v 1.494904 0.205156 -3.012068
v 1.398888 0.205156 -2.724837
v 1.360752 0.205156 -2.424394
v 1.381963 0.205156 -2.122283
v 1.461705 0.205156 -1.830116
v 1.596914 0.205156 -1.559120
v 1.782394 0.205156 -1.319708
v 2.011017 0.205156 -1.121082
v 2.273996 0.205156 -0.970875
v 2.561227 0.205156 -0.874858
v 2.861671 0.205156 -0.836724
v 3.163781 0.205156 -0.857935
v 3.455948 0.205156 -0.937676
v 3.726944 0.205156 -1.072885
v 3.966356 0.205156 -1.258366
v 3.567324 0.283476 -3.860940
v 3.265879 0.283476 -3.961707
v 2.950569 0.283476 -4.001729
v 2.633509 0.283476 -3.979469
v 2.326884 0.283476 -3.895781
v 2.042479 0.283476 -3.753881
v 1.791220 0.283476 -3.559223
v 1.582765 0.283476 -3.319287
v 1.425125 0.283476 -3.043295
v 1.324357 0.283476 -2.741850
v 1.284335 0.283476 -2.426541
v 1.306595 0.283476 -2.109480
v 1.390284 0.283476 -1.802855
v 1.532182 0.283476 -1.518449
v 1.726841 0.283476 -1.267190
v 1.966777 0.283476 -1.058736
v 2.242770 0.283476 -0.901096
v 2.544214 0.283476 -0.800328
v 2.859524 0.283476 -0.760306
v 3.176584 0.283476 -0.782566
v 3.483209 0.283476 -0.866255
v 3.767615 0.283476 -1.008154
v 4.018874 0.283476 -1.202813
v 3.878605 0.283476 -3.753030
v 4.127565 0.283476 -3.536736
v 4.329544 0.283476 -3.276028
v 4.476781 0.283476 -2.980925
v 4.563615 0.283476 -2.662767
v 4.586713 0.283476 -2.333783
v 4.545186 0.283476 -2.006614
v 4.440628 0.283476 -1.693833
v 4.277059 0.283476 -1.407459
v 3.592232 0.283476 -3.916599
v 3.279450 0.283476 -4.021157
v 2.952281 0.283476 -4.062685
v 2.623296 0.283476 -4.039586
v 2.305140 0.283476 -3.952750
v 2.010037 0.283476 -3.805514
v 1.749329 0.283476 -3.603535
v 1.533034 0.283476 -3.354576
v 1.369466 0.283476 -3.068203
v 1.264908 0.283476 -2.755421
v 1.223380 0.283476 -2.428252
v 1.246477 0.283476 -2.099268
v 1.333314 0.283476 -1.781111
v 1.480549 0.283476 -1.486008
v 1.682529 0.283476 -1.225299
v 1.931489 0.283476 -1.009005
v 2.217862 0.283476 -0.845436
v 2.530643 0.283476 -0.740879
v 2.857812 0.283476 -0.699351
v 3.186796 0.283476 -0.722449
v 3.504953 0.283476 -0.809284
v 3.800056 0.283476 -0.956521
v 4.060764 0.283476 -1.158500
v 3.888921 0.000000 -3.767568
v 4.140519 0.000000 -3.548982
v 4.344639 0.000000 -3.285511
v 4.493435 0.000000 -2.987282
v 4.581190 0.000000 -2.665753
v 4.604532 0.000000 -2.333282
v 4.562565 0.000000 -2.002647
v 4.456900 0.000000 -1.686552
v 4.291597 0.000000 -1.397144
v 3.599514 0.000000 -3.932871
v 3.283417 0.000000 -4.038536
v 2.952782 0.000000 -4.080504
v 2.620311 0.000000 -4.057161
v 2.298783 0.000000 -3.969405
v 2.000554 0.000000 -3.820609
v 1.737083 0.000000 -3.616489
v 1.518496 0.000000 -3.364891
v 1.353194 0.000000 -3.075484
v 1.247528 0.000000 -2.759389
v 1.205561 0.000000 -2.428753
v 1.228903 0.000000 -2.096283
v 1.316660 0.000000 -1.774754
v 1.465455 0.000000 -1.476525
v 1.669575 0.000000 -1.213053
v 1.921173 0.000000 -0.994467
v 2.210580 0.000000 -0.829165
v 2.526675 0.000000 -0.723500
v 2.857312 0.000000 -0.681532
v 3.189782 0.000000 -0.704875
v 3.511310 0.000000 -0.792630
v 3.809540 0.000000 -0.941427
v 4.073010 0.000000 -1.145547
v 2.210580 0.248748 -0.829165
v 2.526675 0.248748 -0.723500
v 4.493435 0.248748 -2.987282
v 4.344639 0.248748 -3.285511
v 2.857312 0.248748 -0.681532
v 4.581190 0.248748 -2.665753
v 1.353194 0.248748 -3.075484
v 1.247528 0.248748 -2.759389
v 3.189782 0.248748 -0.704875
v 4.604532 0.248748 -2.333282
v 1.518496 0.248748 -3.364891
v 3.511310 0.248748 -0.792630
v 4.562565 0.248748 -2.002647
v 1.737083 0.248748 -3.616489
v 3.809540 0.248748 -0.941427
v 4.456900 0.248748 -1.686552
v 2.000554 0.248748 -3.820609
v 4.073010 0.248748 -1.145547
v 4.291597 0.248748 -1.397144
v 2.298783 0.248748 -3.969405
v 1.205561 0.248748 -2.428753
v 2.620311 0.248748 -4.057161
v 1.228903 0.248748 -2.096283
v 2.952782 0.248748 -4.080504
v 1.316660 0.248748 -1.774754
v 3.283417 0.248748 -4.038536
v 1.465455 0.248748 -1.476525
v 3.599514 0.248748 -3.932871
v 1.669575 0.248748 -1.213053
v 3.888921 0.248748 -3.767568
v 1.921173 0.248748 -0.994467
v 4.140519 0.248748 -3.548982
v 1.498819 0.283476 -1.497487
v 1.698208 0.283476 -1.240122
v 2.312833 0.283476 -3.932593
v 2.021516 0.283476 -3.787246
v 1.943975 0.283476 -1.026601
v 2.626909 0.283476 -4.018315
v 2.226675 0.283476 -0.865130
v 3.583418 0.283476 -3.896905
v 3.274648 0.283476 -4.000122
v 2.535444 0.283476 -0.761914
v 4.420934 0.283476 -1.702646
v 4.524151 0.283476 -2.011416
v 1.764151 0.283476 -3.587856
v 1.550630 0.283476 -3.342089
v 3.866119 0.283476 -3.735434
v 2.858418 0.283476 -0.720919
v 4.259462 0.283476 -1.419946
v 4.111886 0.283476 -3.521914
v 3.183183 0.283476 -0.743721
v 4.311275 0.283476 -3.264550
v 3.497260 0.283476 -0.829442
v 4.456623 0.283476 -2.973231
v 3.788577 0.283476 -0.974791
v 4.542344 0.283476 -2.659154
v 4.045942 0.283476 -1.174179
v 2.951675 0.283476 -4.041117
v 4.565145 0.283476 -2.334388
v 1.285943 0.283476 -2.750619
v 1.244948 0.283476 -2.427647
v 1.389160 0.283476 -3.059389
v 1.267749 0.283476 -2.102882
v 1.353472 0.283476 -1.788805
v 4.164982 0.131886 -1.486988
v 4.315189 0.131886 -1.749968
v 2.861671 0.131886 -0.836724
v 3.163781 0.131886 -0.857935
v 2.083149 0.131886 -3.689151
v 1.843737 0.131886 -3.503671
v 4.411205 0.131886 -2.037198
v 3.455948 0.131886 -0.937676
v 1.645112 0.131886 -3.275047
v 4.449341 0.131886 -2.337641
v 3.726944 0.131886 -1.072885
v 1.494904 0.131886 -3.012068
v 4.428130 0.131886 -2.639752
v 3.966356 0.131886 -1.258366
v 1.398888 0.131886 -2.724837
v 4.348389 0.131886 -2.931920
v 1.360752 0.131886 -2.424394
v 4.213180 0.131886 -3.202917
v 1.381963 0.131886 -2.122283
v 4.027700 0.131886 -3.442328
v 1.461705 0.131886 -1.830116
v 3.799078 0.131886 -3.640953
v 1.596914 0.131886 -1.559120
v 3.536098 0.131886 -3.791161
v 1.782394 0.131886 -1.319708
v 3.248866 0.131886 -3.887177
v 2.011017 0.131886 -1.121082
v 2.948423 0.131886 -3.925313
v 2.273996 0.131886 -0.970875
v 2.646311 0.131886 -3.904101
v 2.561227 0.131886 -0.874858
v 2.354145 0.131886 -3.824359
v 3.111542 0.205156 -2.437275
v 3.111542 0.131886 -2.437275
v 2.848465 0.131886 -2.587538
v 2.848465 0.205156 -2.587538
v 2.698337 0.131886 -2.324697
v 2.698337 0.205156 -2.324697
v 2.961413 0.205156 -2.174434
v 2.961413 0.131886 -2.174434
v 3.022105 0.193116 -2.150371
v 3.065448 0.193116 -2.176928
v 3.102778 0.193116 -2.211431
v 3.132660 0.193116 -2.252553
v 3.153944 0.193116 -2.298715
v 3.165814 0.193116 -2.348142
v 3.167813 0.193116 -2.398935
v 3.159864 0.193116 -2.449143
v 3.142274 0.193116 -2.496835
v 3.115716 0.193116 -2.540178
v 3.081214 0.193116 -2.577508
v 3.040091 0.193116 -2.607390
v 2.993930 0.193116 -2.628675
v 2.944502 0.193116 -2.640544
v 2.893709 0.193116 -2.642543
v 2.843502 0.193116 -2.634595
v 2.795810 0.193116 -2.617004
v 2.752466 0.193116 -2.590447
v 2.715136 0.193116 -2.555944
v 2.685255 0.193116 -2.514822
v 2.663970 0.193116 -2.468660
v 2.652100 0.193116 -2.419233
v 2.650101 0.193116 -2.368439
v 2.658050 0.193116 -2.318232
v 2.675641 0.193116 -2.270540
v 2.702198 0.193116 -2.227197
v 2.736701 0.193116 -2.189867
v 2.777823 0.193116 -2.159985
v 2.823985 0.193116 -2.138701
v 2.873412 0.193116 -2.126831
v 2.924206 0.193116 -2.124831
v 2.974413 0.193116 -2.132780
v 3.022105 0.269577 -2.150371
v 3.065448 0.269577 -2.176928
v 3.102778 0.269577 -2.211431
v 3.132660 0.269577 -2.252553
v 3.153944 0.269577 -2.298715
v 3.165814 0.269577 -2.348142
v 3.167813 0.269577 -2.398935
v 3.159864 0.269577 -2.449143
v 3.142274 0.269577 -2.496835
v 3.115716 0.269577 -2.540178
v 3.081214 0.269577 -2.577508
v 3.040091 0.269577 -2.607390
v 2.993930 0.269577 -2.628675
v 2.944502 0.269577 -2.640544
v 2.893709 0.269577 -2.642543
v 2.843502 0.269577 -2.634595
v 2.795810 0.269577 -2.617004
v 2.752466 0.269577 -2.590447
v 2.715136 0.269577 -2.555944
v 2.685255 0.269577 -2.514822
v 2.663970 0.269577 -2.468660
v 2.652100 0.269577 -2.419233
v 2.650101 0.269577 -2.368439
v 2.658050 0.269577 -2.318232
v 2.675641 0.269577 -2.270540
v 2.702198 0.269577 -2.227197
v 2.736701 0.269577 -2.189867
v 2.777823 0.269577 -2.159985
v 2.823985 0.269577 -2.138701
v 2.873412 0.269577 -2.126831
v 2.924206 0.269577 -2.124831
v 2.974413 0.269577 -2.132780
v 3.007968 0.532045 -2.179522
v 3.045896 0.532045 -2.202761
v 3.078562 0.532045 -2.232953
v 3.104710 0.532045 -2.268937
v 3.123335 0.532045 -2.309332
v 3.133722 0.532045 -2.352583
v 3.135471 0.532045 -2.397030
v 3.128516 0.532045 -2.440965
v 3.113122 0.532045 -2.482698
v 3.089884 0.532045 -2.520626
v 3.059692 0.532045 -2.553292
v 3.023707 0.532045 -2.579440
v 2.983313 0.532045 -2.598065
v 2.940061 0.532045 -2.608452
v 2.895614 0.532045 -2.610201
v 2.851680 0.532045 -2.603246
v 2.809947 0.532045 -2.587853
v 2.772018 0.532045 -2.564614
v 2.739352 0.532045 -2.534422
v 2.713204 0.532045 -2.498438
v 2.694579 0.532045 -2.458043
v 2.684192 0.532045 -2.414792
v 2.682443 0.532045 -2.370344
v 2.689399 0.532045 -2.326410
v 2.704792 0.532045 -2.284677
v 2.728031 0.532045 -2.246749
v 2.758223 0.532045 -2.214083
v 2.794207 0.532045 -2.187935
v 2.834602 0.532045 -2.169310
v 2.877853 0.532045 -2.158923
v 2.922300 0.532045 -2.157173
v 2.966235 0.532045 -2.164129
v 2.961540 0.578533 -2.182124
v 2.921206 0.578533 -2.175739
v 2.880402 0.578533 -2.177345
v 2.840696 0.578533 -2.186880
v 2.803612 0.578533 -2.203979
v 2.770577 0.578533 -2.227984
v 2.742860 0.578533 -2.257972
v 2.721525 0.578533 -2.292792
v 2.707394 0.578533 -2.331105
v 2.701009 0.578533 -2.371438
v 2.702615 0.578533 -2.412242
v 2.712150 0.578533 -2.451949
v 2.729249 0.578533 -2.489032
v 2.753253 0.578533 -2.522068
v 2.783242 0.578533 -2.549785
v 2.818062 0.578533 -2.571119
v 2.856374 0.578533 -2.585251
v 2.896708 0.578533 -2.591636
v 2.937512 0.578533 -2.590030
v 2.977219 0.578533 -2.580495
v 3.014302 0.578533 -2.563396
v 3.047338 0.578533 -2.539391
v 3.075055 0.578533 -2.509402
v 3.096389 0.578533 -2.474583
v 3.110520 0.578533 -2.436270
v 3.116906 0.578533 -2.395937
v 3.115300 0.578533 -2.355133
v 3.105764 0.578533 -2.315426
v 3.088666 0.578533 -2.278342
v 3.064661 0.578533 -2.245307
v 3.034672 0.578533 -2.217590
v 2.999853 0.578533 -2.196255
v 2.951184 0.604139 -2.221820
v 2.918794 0.604139 -2.216692
v 2.886026 0.604139 -2.217982
v 2.854139 0.604139 -2.225640
v 2.824359 0.604139 -2.239371
v 2.797830 0.604139 -2.258648
v 2.775571 0.604139 -2.282731
v 2.758438 0.604139 -2.310693
v 2.747090 0.604139 -2.341460
v 2.741962 0.604139 -2.373851
v 2.743252 0.604139 -2.406619
v 2.750909 0.604139 -2.438505
v 2.764641 0.604139 -2.468286
v 2.783918 0.604139 -2.494815
v 2.808001 0.604139 -2.517074
v 2.835963 0.604139 -2.534206
v 2.866730 0.604139 -2.545555
v 2.899120 0.604139 -2.550682
v 2.931888 0.604139 -2.549392
v 2.963775 0.604139 -2.541735
v 2.993556 0.604139 -2.528004
v 3.020085 0.604139 -2.508727
v 3.042343 0.604139 -2.484644
v 3.059476 0.604139 -2.456682
v 3.070824 0.604139 -2.425915
v 3.075952 0.604139 -2.393524
v 3.074663 0.604139 -2.360757
v 3.067005 0.604139 -2.328869
v 3.053273 0.604139 -2.299089
v 3.033996 0.604139 -2.272560
v 3.009914 0.604139 -2.250301
v 2.981952 0.604139 -2.233169
v 2.931675 0.622348 -2.296605
v 2.914249 0.622348 -2.293846
v 2.896621 0.622348 -2.294540
v 2.879466 0.622348 -2.298660
v 2.863445 0.622348 -2.306047
v 2.849172 0.622348 -2.316418
v 2.837198 0.622348 -2.329374
v 2.827980 0.622348 -2.344418
v 2.821875 0.622348 -2.360970
v 2.819116 0.622348 -2.378395
v 2.819810 0.622348 -2.396024
v 2.823930 0.622348 -2.413179
v 2.831317 0.622348 -2.429200
v 2.841687 0.622348 -2.443473
v 2.854644 0.622348 -2.455447
v 2.869687 0.622348 -2.464664
v 2.886240 0.622348 -2.470769
v 2.903664 0.622348 -2.473528
v 2.921294 0.622348 -2.472835
v 2.938448 0.622348 -2.468714
v 2.954470 0.622348 -2.461328
v 2.968742 0.622348 -2.450957
v 2.980716 0.622348 -2.438001
v 2.989934 0.622348 -2.422957
v 2.996039 0.622348 -2.406405
v 2.998798 0.622348 -2.388979
v 2.998104 0.622348 -2.371351
v 2.993985 0.622348 -2.354196
v 2.986598 0.622348 -2.338175
v 2.976226 0.622348 -2.323902
v 2.963270 0.622348 -2.311927
v 2.948227 0.622348 -2.302711
v 2.918196 0.624624 -2.348273
v 2.911109 0.624624 -2.347150
v 2.903940 0.624624 -2.347433
v 2.896963 0.624624 -2.349108
v 2.890448 0.624624 -2.352112
v 2.884644 0.624624 -2.356330
v 2.879774 0.624624 -2.361599
v 2.876025 0.624624 -2.367717
v 2.873542 0.624624 -2.374449
v 2.872420 0.624624 -2.381535
v 2.872702 0.624624 -2.388705
v 2.874377 0.624624 -2.395681
v 2.877382 0.624624 -2.402197
v 2.881599 0.624624 -2.408001
v 2.886868 0.624624 -2.412871
v 2.892986 0.624624 -2.416620
v 2.899718 0.624624 -2.419103
v 2.906805 0.624624 -2.420224
v 2.913974 0.624624 -2.419942
v 2.920951 0.624624 -2.418267
v 2.927466 0.624624 -2.415263
v 2.933271 0.624624 -2.411045
v 2.938141 0.624624 -2.405776
v 2.941889 0.624624 -2.399658
v 2.944372 0.624624 -2.392926
v 2.945494 0.624624 -2.385839
v 2.945212 0.624624 -2.378670
v 2.943537 0.624624 -2.371694
v 2.940532 0.624624 -2.365178
v 2.936315 0.624624 -2.359374
v 2.931046 0.624624 -2.354504
v 2.924928 0.624624 -2.350755
v 2.961322 0.193116 -2.275710
v 2.981381 0.193116 -2.288000
v 2.998657 0.193116 -2.303968
v 3.012486 0.193116 -2.322999
v 3.022336 0.193116 -2.344362
v 3.027829 0.193116 -2.367237
v 3.028754 0.193116 -2.390744
v 3.025076 0.193116 -2.413980
v 3.016934 0.193116 -2.436051
v 3.004644 0.193116 -2.456110
v 2.988677 0.193116 -2.473387
v 2.969646 0.193116 -2.487216
v 2.948282 0.193116 -2.497066
v 2.925407 0.193116 -2.502559
v 2.901900 0.193116 -2.503484
v 2.878665 0.193116 -2.499806
v 2.856593 0.193116 -2.491665
v 2.836534 0.193116 -2.479375
v 2.819257 0.193116 -2.463407
v 2.805429 0.193116 -2.444376
v 2.795578 0.193116 -2.423012
v 2.790085 0.193116 -2.400137
v 2.789160 0.193116 -2.376631
v 2.792839 0.193116 -2.353395
v 2.800979 0.193116 -2.331323
v 2.813270 0.193116 -2.311264
v 2.829238 0.193116 -2.293988
v 2.848269 0.193116 -2.280159
v 2.869632 0.193116 -2.270308
v 2.892507 0.193116 -2.264815
v 2.916014 0.193116 -2.263890
v 2.939250 0.193116 -2.267569
v 2.961322 0.000000 -2.275710
v 2.981381 0.000000 -2.288000
v 2.998657 0.000000 -2.303968
v 3.012486 0.000000 -2.322999
v 3.022336 0.000000 -2.344362
v 3.027829 0.000000 -2.367237
v 3.028754 0.000000 -2.390744
v 3.025076 0.000000 -2.413980
v 3.016934 0.000000 -2.436051
v 3.004644 0.000000 -2.456110
v 2.988677 0.000000 -2.473387
v 2.969646 0.000000 -2.487216
v 2.948282 0.000000 -2.497066
v 2.925407 0.000000 -2.502559
v 2.901900 0.000000 -2.503484
v 2.878665 0.000000 -2.499806
v 2.856593 0.000000 -2.491665
v 2.836534 0.000000 -2.479375
v 2.819257 0.000000 -2.463407
v 2.805429 0.000000 -2.444376
v 2.795578 0.000000 -2.423012
v 2.790085 0.000000 -2.400137
v 2.789160 0.000000 -2.376631
v 2.792839 0.000000 -2.353395
v 2.800979 0.000000 -2.331323
v 2.813270 0.000000 -2.311264
v 2.829238 0.000000 -2.293988
v 2.848269 0.000000 -2.280159
v 2.869632 0.000000 -2.270308
v 2.892507 0.000000 -2.264815
v 2.916014 0.000000 -2.263890
v 2.939250 0.000000 -2.267569
v 4.315189 0.168521 -1.749968
v 4.411205 0.168521 -2.037198
v 4.449341 0.168521 -2.337641
v 4.428130 0.168521 -2.639752
v 4.348389 0.168521 -2.931920
v 4.213180 0.168521 -3.202917
v 4.027700 0.168521 -3.442328
v 3.799078 0.168521 -3.640953
v 3.210274 0.168521 -2.464175
v 2.083149 0.168521 -3.689151
v 1.843737 0.168521 -3.503671
v 1.645112 0.168521 -3.275047
v 3.536098 0.168521 -3.791161
v 3.248866 0.168521 -3.887177
v 2.948423 0.168521 -3.925313
v 2.646311 0.168521 -3.904101
v 2.354145 0.168521 -3.824359
v 2.821477 0.168521 -2.686246
v 4.164982 0.168521 -1.486988
v 2.861671 0.168521 -0.836724
v 3.163781 0.168521 -0.857935
v 3.455948 0.168521 -0.937676
v 3.726944 0.168521 -1.072885
v 3.966356 0.168521 -1.258366
v 2.273996 0.168521 -0.970875
v 2.561227 0.168521 -0.874858
v 2.988401 0.168521 -2.075726
v 1.494904 0.168521 -3.012068
v 1.398888 0.168521 -2.724837
v 1.360752 0.168521 -2.424394
v 1.381963 0.168521 -2.122283
v 1.461705 0.168521 -1.830116
v 1.596914 0.168521 -1.559120
v 1.782394 0.168521 -1.319708
v 2.011017 0.168521 -1.121082
v 2.599605 0.168521 -2.297797
v 1.316793 0.064286 -1.733235
v 1.316794 0.064286 0.328705
v 0.219550 0.181825 -2.001935
v 0.438998 0.064286 -1.985724
v 0.877896 0.064286 -1.901345
v 1.316793 0.064286 -1.523038
v 1.316793 0.064286 -0.471909
v 1.097344 0.390852 -1.579894
v 1.097345 0.416904 0.328706
v 1.225457 0.000000 -1.774710
v 1.097345 0.416904 -0.585505
v 1.097344 0.416904 -1.254945
v 1.225457 0.064286 -1.773933
v 0.851681 0.434667 -1.334045
v 0.658447 0.000000 -1.952273
v 0.658447 0.390852 -1.708296
v 0.658447 0.416904 -1.388522
v 0.658447 0.064286 -1.951676
v 0.827092 0.564156 -1.296888
v -0.438796 0.000000 -1.990497
v 0.219550 0.390852 -1.764762
v 0.219550 0.416904 -1.446730
v -0.219347 0.181825 -2.001935
v 1.316793 0.181825 -1.721521
v 1.292890 0.292458 -1.662226
v 1.292891 0.292458 0.328705
v 1.316794 0.181825 0.328705
v 0.000101 0.292458 -1.938745
v 0.000101 0.181825 -2.004279
v 0.438998 0.292458 -1.911866
v 0.438998 0.181825 -1.977778
v 0.877896 0.292458 -1.825118
v 0.877896 0.181825 -1.892447
v 1.292890 0.292458 -1.167728
v 1.316793 0.181825 -1.167637
v 1.292891 0.292458 -0.445346
v 1.316793 0.181825 -0.447792
v 1.097344 0.292458 -1.752305
v 1.097344 0.181825 -1.821129
v 0.658447 0.292458 -1.876928
v 0.658447 0.181825 -1.943371
v 0.219550 0.292458 -1.932108
v 0.219550 0.181825 -1.997734
v 1.226971 -0.390852 -1.519304
v 1.226971 -0.390852 0.328705
v 0.000101 -0.390852 -1.771541
v 3.843317 -0.283476 -3.703299
v 0.231752 0.581919 0.328706
v 4.083253 -0.283476 -3.494845
v 4.277911 -0.283476 -3.243587
v 0.877896 -0.416904 0.328706
v 0.438998 -0.390852 -1.744069
v 0.877896 -0.390852 -1.655087
v 1.226971 -0.390852 -1.190877
v 1.226971 -0.390852 -0.481014
v 4.419810 -0.283476 -2.959180
v 4.503498 -0.283476 -2.652555
v 0.000102 -0.416904 -0.836948
v 0.000101 -0.416904 -1.453701
v 0.438999 -0.416904 -1.425429
v 0.877896 -0.416904 -0.690253
v 0.877896 -0.416904 -1.333406
v 4.525759 -0.283476 -2.335495
v 4.485736 -0.283476 -2.020185
v 4.384968 -0.283476 -1.718741
v 4.227328 -0.283476 -1.442748
v 4.164982 -0.205156 -1.486988
v 4.315189 -0.205156 -1.749968
v 4.411205 -0.205156 -2.037198
v 4.449341 -0.205156 -2.337641
v 4.428130 -0.205156 -2.639752
v 4.348389 -0.205156 -2.931920
v 4.213180 -0.205156 -3.202917
v 4.027700 -0.205156 -3.442328
v 3.799078 -0.205156 -3.640953
v 3.536098 -0.205156 -3.791161
v 3.248866 -0.205156 -3.887177
v 2.948423 -0.205156 -3.925313
v 2.646311 -0.205156 -3.904101
v 2.354145 -0.205156 -3.824359
v 2.083149 -0.205156 -3.689151
v 1.843737 -0.205156 -3.503671
v 1.645112 -0.205156 -3.275047
v 1.494904 -0.205156 -3.012068
v 1.398888 -0.205156 -2.724837
v 1.360752 -0.205156 -2.424394
v 1.381963 -0.205156 -2.122283
v 1.461705 -0.205156 -1.830116
v 1.596914 -0.205156 -1.559120
v 1.782394 -0.205156 -1.319708
v 2.011017 -0.205156 -1.121082
v 2.273996 -0.205156 -0.970875
v 2.561227 -0.205156 -0.874858
v 2.861671 -0.205156 -0.836724
v 3.163781 -0.205156 -0.857935
v 3.455948 -0.205156 -0.937676
v 3.726944 -0.205156 -1.072885
v 3.966356 -0.205156 -1.258366
v 3.567324 -0.283476 -3.860940
v 3.265879 -0.283476 -3.961707
v 2.950569 -0.283476 -4.001729
v 2.633509 -0.283476 -3.979469
v 2.326884 -0.283476 -3.895781
v 2.042479 -0.283476 -3.753881
v 1.791220 -0.283476 -3.559223
v 1.582765 -0.283476 -3.319287
v 1.425125 -0.283476 -3.043295
v 1.324357 -0.283476 -2.741850
v 1.284335 -0.283476 -2.426541
v 1.306595 -0.283476 -2.109480
v 1.390284 -0.283476 -1.802855
v 1.532182 -0.283476 -1.518449
v 1.726841 -0.283476 -1.267190
v 1.966777 -0.283476 -1.058736
v 2.242770 -0.283476 -0.901096
v 2.544214 -0.283476 -0.800328
v 2.859524 -0.283476 -0.760306
v 3.176584 -0.283476 -0.782566
v 3.483209 -0.283476 -0.866255
v 3.767615 -0.283476 -1.008154
v 4.018874 -0.283476 -1.202813
v 3.878605 -0.283476 -3.753030
v 4.127565 -0.283476 -3.536736
v 4.329544 -0.283476 -3.276028
v 4.476781 -0.283476 -2.980925
v 4.563615 -0.283476 -2.662767
v 4.586713 -0.283476 -2.333783
v 4.545186 -0.283476 -2.006614
v 4.440628 -0.283476 -1.693833
v 4.277059 -0.283476 -1.407459
v 3.592232 -0.283476 -3.916599
v 3.279450 -0.283476 -4.021157
v 2.952281 -0.283476 -4.062685
v 2.623296 -0.283476 -4.039586
v 2.305140 -0.283476 -3.952750
v 2.010037 -0.283476 -3.805514
v 1.749329 -0.283476 -3.603535
v 1.533034 -0.283476 -3.354576
v 1.369466 -0.283476 -3.068203
v 1.264908 -0.283476 -2.755421
v 1.223380 -0.283476 -2.428252
v 1.246477 -0.283476 -2.099268
v 1.333314 -0.283476 -1.781111
v 1.480549 -0.283476 -1.486008
v 1.682529 -0.283476 -1.225299
v 1.931489 -0.283476 -1.009005
v 2.217862 -0.283476 -0.845436
v 2.530643 -0.283476 -0.740879
v 2.857812 -0.283476 -0.699351
v 3.186796 -0.283476 -0.722449
v 3.504953 -0.283476 -0.809284
v 3.800056 -0.283476 -0.956521
v 4.060764 -0.283476 -1.158500
v 2.210580 -0.248748 -0.829165
v 2.526675 -0.248748 -0.723500
v 4.493435 -0.248748 -2.987282
v 4.344639 -0.248748 -3.285511
v 2.857312 -0.248748 -0.681532
v 4.581190 -0.248748 -2.665753
v 1.353194 -0.248748 -3.075484
v 1.247528 -0.248748 -2.759389
v 3.189782 -0.248748 -0.704875
v 4.604532 -0.248748 -2.333282
v 1.518496 -0.248748 -3.364891
v 3.511310 -0.248748 -0.792630
v 4.562565 -0.248748 -2.002647
v 1.737083 -0.248748 -3.616489
v 3.809540 -0.248748 -0.941427
v 4.456900 -0.248748 -1.686552
v 2.000554 -0.248748 -3.820609
v 4.073010 -0.248748 -1.145547
v 4.291597 -0.248748 -1.397144
v 2.298783 -0.248748 -3.969405
v 1.205561 -0.248748 -2.428753
v 2.620311 -0.248748 -4.057161
v 1.228903 -0.248748 -2.096283
v 2.952782 -0.248748 -4.080504
v 1.316660 -0.248748 -1.774754
v 3.283417 -0.248748 -4.038536
v 1.465455 -0.248748 -1.476525
v 3.599514 -0.248748 -3.932871
v 1.669575 -0.248748 -1.213053
v 3.888921 -0.248748 -3.767568
v 1.921173 -0.248748 -0.994467
v 4.140519 -0.248748 -3.548982
v 1.498819 -0.283476 -1.497487
v 1.698208 -0.283476 -1.240122
v 2.312833 -0.283476 -3.932593
v 2.021516 -0.283476 -3.787246
v 1.943975 -0.283476 -1.026601
v 2.626909 -0.283476 -4.018315
v 2.226675 -0.283476 -0.865130
v 3.583418 -0.283476 -3.896905
v 3.274648 -0.283476 -4.000122
v 2.535444 -0.283476 -0.761914
v 4.420934 -0.283476 -1.702646
v 4.524151 -0.283476 -2.011416
v 1.764151 -0.283476 -3.587856
v 1.550630 -0.283476 -3.342089
v 3.866119 -0.283476 -3.735434
v 2.858418 -0.283476 -0.720919
v 4.259462 -0.283476 -1.419946
v 4.111886 -0.283476 -3.521914
v 3.183183 -0.283476 -0.743721
v 4.311275 -0.283476 -3.264550
v 3.497260 -0.283476 -0.829442
v 4.456623 -0.283476 -2.973231
v 3.788577 -0.283476 -0.974791
v 4.542344 -0.283476 -2.659154
v 4.045942 -0.283476 -1.174179
v 2.951675 -0.283476 -4.041117
v 4.565145 -0.283476 -2.334388
v 1.285943 -0.283476 -2.750619
v 1.244948 -0.283476 -2.427647
v 1.389160 -0.283476 -3.059389
v 1.267749 -0.283476 -2.102882
v 1.353472 -0.283476 -1.788805
v 4.164982 -0.131886 -1.486988
v 4.315189 -0.131886 -1.749968
v 2.861671 -0.131886 -0.836724
v 3.163781 -0.131886 -0.857935
v 2.083149 -0.131886 -3.689151
v 1.843737 -0.131886 -3.503671
v 4.411205 -0.131886 -2.037198
v 3.455948 -0.131886 -0.937676
v 1.645112 -0.131886 -3.275047
v 4.449341 -0.131886 -2.337641
v 3.726944 -0.131886 -1.072885
v 1.494904 -0.131886 -3.012068
v 4.428130 -0.131886 -2.639752
v 3.966356 -0.131886 -1.258366
v 1.398888 -0.131886 -2.724837
v 4.348389 -0.131886 -2.931920
v 1.360752 -0.131886 -2.424394
v 4.213180 -0.131886 -3.202917
v 1.381963 -0.131886 -2.122283
v 4.027700 -0.131886 -3.442328
v 1.461705 -0.131886 -1.830116
v 3.799078 -0.131886 -3.640953
v 1.596914 -0.131886 -1.559120
v 3.536098 -0.131886 -3.791161
v 1.782394 -0.131886 -1.319708
v 3.248866 -0.131886 -3.887177
v 2.011017 -0.131886 -1.121082
v 2.948423 -0.131886 -3.925313
v 2.273996 -0.131886 -0.970875
v 2.646311 -0.131886 -3.904101
v 2.561227 -0.131886 -0.874858
v 2.354145 -0.131886 -3.824359
v 3.111542 -0.205156 -2.437275
v 3.111542 -0.131886 -2.437275
v 2.848465 -0.131886 -2.587538
v 2.848465 -0.205156 -2.587538
v 2.698337 -0.131886 -2.324697
v 2.698337 -0.205156 -2.324697
v 2.961413 -0.205156 -2.174434
v 2.961413 -0.131886 -2.174434
v 3.022105 -0.193116 -2.150371
v 3.065448 -0.193116 -2.176928
v 3.102778 -0.193116 -2.211431
v 3.132660 -0.193116 -2.252553
v 3.153944 -0.193116 -2.298715
v 3.165814 -0.193116 -2.348142
v 3.167813 -0.193116 -2.398935
v 3.159864 -0.193116 -2.449143
v 3.142274 -0.193116 -2.496835
v 3.115716 -0.193116 -2.540178
v 3.081214 -0.193116 -2.577508
v 3.040091 -0.193116 -2.607390
v 2.993930 -0.193116 -2.628675
v 2.944502 -0.193116 -2.640544
v 2.893709 -0.193116 -2.642543
v 2.843502 -0.193116 -2.634595
v 2.795810 -0.193116 -2.617004
v 2.752466 -0.193116 -2.590447
v 2.715136 -0.193116 -2.555944
v 2.685255 -0.193116 -2.514822
v 2.663970 -0.193116 -2.468660
v 2.652100 -0.193116 -2.419233
v 2.650101 -0.193116 -2.368439
v 2.658050 -0.193116 -2.318232
v 2.675641 -0.193116 -2.270540
v 2.702198 -0.193116 -2.227197
v 2.736701 -0.193116 -2.189867
v 2.777823 -0.193116 -2.159985
v 2.823985 -0.193116 -2.138701
v 2.873412 -0.193116 -2.126831
v 2.924206 -0.193116 -2.124831
v 2.974413 -0.193116 -2.132780
v 3.022105 -0.269577 -2.150371
v 3.065448 -0.269577 -2.176928
v 3.102778 -0.269577 -2.211431
v 3.132660 -0.269577 -2.252553
v 3.153944 -0.269577 -2.298715
v 3.165814 -0.269577 -2.348142
v 3.167813 -0.269577 -2.398935
v 3.159864 -0.269577 -2.449143
v 3.142274 -0.269577 -2.496835
v 3.115716 -0.269577 -2.540178
v 3.081214 -0.269577 -2.577508
v 3.040091 -0.269577 -2.607390
v 2.993930 -0.269577 -2.628675
v 2.944502 -0.269577 -2.640544
v 2.893709 -0.269577 -2.642543
v 2.843502 -0.269577 -2.634595
v 2.795810 -0.269577 -2.617004
v 2.752466 -0.269577 -2.590447
v 2.715136 -0.269577 -2.555944
v 2.685255 -0.269577 -2.514822
v 2.663970 -0.269577 -2.468660
v 2.652100 -0.269577 -2.419233
v 2.650101 -0.269577 -2.368439
v 2.658050 -0.269577 -2.318232
v 2.675641 -0.269577 -2.270540
v 2.702198 -0.269577 -2.227197
v 2.736701 -0.269577 -2.189867
v 2.777823 -0.269577 -2.159985
v 2.823985 -0.269577 -2.138701
v 2.873412 -0.269577 -2.126831
v 2.924206 -0.269577 -2.124831
v 2.974413 -0.269577 -2.132780
v 3.007968 -0.532045 -2.179522
v 3.045896 -0.532045 -2.202761
v 3.078562 -0.532045 -2.232953
v 3.104710 -0.532045 -2.268937
v 3.123335 -0.532045 -2.309332
v 3.133722 -0.532045 -2.352583
v 3.135471 -0.532045 -2.397030
v 3.128516 -0.532045 -2.440965
v 3.113122 -0.532045 -2.482698
v 3.089884 -0.532045 -2.520626
v 3.059692 -0.532045 -2.553292
v 3.023707 -0.532045 -2.579440
v 2.983313 -0.532045 -2.598065
v 2.940061 -0.532045 -2.608452
v 2.895614 -0.532045 -2.610201
v 2.851680 -0.532045 -2.603246
v 2.809947 -0.532045 -2.587853
v 2.772018 -0.532045 -2.564614
v 2.739352 -0.532045 -2.534422
v 2.713204 -0.532045 -2.498438
v 2.694579 -0.532045 -2.458043
v 2.684192 -0.532045 -2.414792
v 2.682443 -0.532045 -2.370344
v 2.689399 -0.532045 -2.326410
v 2.704792 -0.532045 -2.284677
v 2.728031 -0.532045 -2.246749
v 2.758223 -0.532045 -2.214083
v 2.794207 -0.532045 -2.187935
v 2.834602 -0.532045 -2.169310
v 2.877853 -0.532045 -2.158923
v 2.922300 -0.532045 -2.157173
v 2.966235 -0.532045 -2.164129
v 2.961540 -0.578533 -2.182124
v 2.921206 -0.578533 -2.175739
v 2.880402 -0.578533 -2.177345
v 2.840696 -0.578533 -2.186880
v 2.803612 -0.578533 -2.203979
v 2.770577 -0.578533 -2.227984
v 2.742860 -0.578533 -2.257972
v 2.721525 -0.578533 -2.292792
v 2.707394 -0.578533 -2.331105
v 2.701009 -0.578533 -2.371438
v 2.702615 -0.578533 -2.412242
v 2.712150 -0.578533 -2.451949
v 2.729249 -0.578533 -2.489032
v 2.753253 -0.578533 -2.522068
v 2.783242 -0.578533 -2.549785
v 2.818062 -0.578533 -2.571119
v 2.856374 -0.578533 -2.585251
v 2.896708 -0.578533 -2.591636
v 2.937512 -0.578533 -2.590030
v 2.977219 -0.578533 -2.580495
v 3.014302 -0.578533 -2.563396
v 3.047338 -0.578533 -2.539391
v 3.075055 -0.578533 -2.509402
v 3.096389 -0.578533 -2.474583
v 3.110520 -0.578533 -2.436270
v 3.116906 -0.578533 -2.395937
v 3.115300 -0.578533 -2.355133
v 3.105764 -0.578533 -2.315426
v 3.088666 -0.578533 -2.278342
v 3.064661 -0.578533 -2.245307
v 3.034672 -0.578533 -2.217590
v 2.999853 -0.578533 -2.196255
v 2.951184 -0.604139 -2.221820
v 2.918794 -0.604139 -2.216692
v 2.886026 -0.604139 -2.217982
v 2.854139 -0.604139 -2.225640
v 2.824359 -0.604139 -2.239371
v 2.797830 -0.604139 -2.258648
v 2.775571 -0.604139 -2.282731
v 2.758438 -0.604139 -2.310693
v 2.747090 -0.604139 -2.341460
v 2.741962 -0.604139 -2.373851
v 2.743252 -0.604139 -2.406619
v 2.750909 -0.604139 -2.438505
v 2.764641 -0.604139 -2.468286
v 2.783918 -0.604139 -2.494815
v 2.808001 -0.604139 -2.517074
v 2.835963 -0.604139 -2.534206
v 2.866730 -0.604139 -2.545555
v 2.899120 -0.604139 -2.550682
v 2.931888 -0.604139 -2.549392
v 2.963775 -0.604139 -2.541735
v 2.993556 -0.604139 -2.528004
v 3.020085 -0.604139 -2.508727
v 3.042343 -0.604139 -2.484644
v 3.059476 -0.604139 -2.456682
v 3.070824 -0.604139 -2.425915
v 3.075952 -0.604139 -2.393524
v 3.074663 -0.604139 -2.360757
v 3.067005 -0.604139 -2.328869
v 3.053273 -0.604139 -2.299089
v 3.033996 -0.604139 -2.272560
v 3.009914 -0.604139 -2.250301
v 2.981952 -0.604139 -2.233169
v 2.931675 -0.622348 -2.296605
v 2.914249 -0.622348 -2.293846
v 2.896621 -0.622348 -2.294540
v 2.879466 -0.622348 -2.298660
v 2.863445 -0.622348 -2.306047
v 2.849172 -0.622348 -2.316418
v 2.837198 -0.622348 -2.329374
v 2.827980 -0.622348 -2.344418
v 2.821875 -0.622348 -2.360970
v 2.819116 -0.622348 -2.378395
v 2.819810 -0.622348 -2.396024
v 2.823930 -0.622348 -2.413179
v 2.831317 -0.622348 -2.429200
v 2.841687 -0.622348 -2.443473
v 2.854644 -0.622348 -2.455447
v 2.869687 -0.622348 -2.464664
v 2.886240 -0.622348 -2.470769
v 2.903664 -0.622348 -2.473528
v 2.921294 -0.622348 -2.472835
v 2.938448 -0.622348 -2.468714
v 2.954470 -0.622348 -2.461328
v 2.968742 -0.622348 -2.450957
v 2.980716 -0.622348 -2.438001
v 2.989934 -0.622348 -2.422957
v 2.996039 -0.622348 -2.406405
v 2.998798 -0.622348 -2.388979
v 2.998104 -0.622348 -2.371351
v 2.993985 -0.622348 -2.354196
v 2.986598 -0.622348 -2.338175
v 2.976226 -0.622348 -2.323902
v 2.963270 -0.622348 -2.311927
v 2.948227 -0.622348 -2.302711
v 2.918196 -0.624624 -2.348273
v 2.911109 -0.624624 -2.347150
v 2.903940 -0.624624 -2.347433
v 2.896963 -0.624624 -2.349108
v 2.890448 -0.624624 -2.352112
v 2.884644 -0.624624 -2.356330
v 2.879774 -0.624624 -2.361599
v 2.876025 -0.624624 -2.367717
v 2.873542 -0.624624 -2.374449
v 2.872420 -0.624624 -2.381535
v 2.872702 -0.624624 -2.388705
v 2.874377 -0.624624 -2.395681
v 2.877382 -0.624624 -2.402197
v 2.881599 -0.624624 -2.408001
v 2.886868 -0.624624 -2.412871
v 2.892986 -0.624624 -2.416620
v 2.899718 -0.624624 -2.419103
v 2.906805 -0.624624 -2.420224
v 2.913974 -0.624624 -2.419942
v 2.920951 -0.624624 -2.418267
v 2.927466 -0.624624 -2.415263
v 2.933271 -0.624624 -2.411045
v 2.938141 -0.624624 -2.405776
v 2.941889 -0.624624 -2.399658
v 2.944372 -0.624624 -2.392926
v 2.945494 -0.624624 -2.385839
v 2.945212 -0.624624 -2.378670
v 2.943537 -0.624624 -2.371694
v 2.940532 -0.624624 -2.365178
v 2.936315 -0.624624 -2.359374
v 2.931046 -0.624624 -2.354504
v 2.924928 -0.624624 -2.350755
v 2.961322 -0.193116 -2.275710
v 2.981381 -0.193116 -2.288000
v 2.998657 -0.193116 -2.303968
v 3.012486 -0.193116 -2.322999
v 3.022336 -0.193116 -2.344362
v 3.027829 -0.193116 -2.367237
v 3.028754 -0.193116 -2.390744
v 3.025076 -0.193116 -2.413980
v 3.016934 -0.193116 -2.436051
v 3.004644 -0.193116 -2.456110
v 2.988677 -0.193116 -2.473387
v 2.969646 -0.193116 -2.487216
v 2.948282 -0.193116 -2.497066
v 2.925407 -0.193116 -2.502559
v 2.901900 -0.193116 -2.503484
v 2.878665 -0.193116 -2.499806
v 2.856593 -0.193116 -2.491665
v 2.836534 -0.193116 -2.479375
v 2.819257 -0.193116 -2.463407
v 2.805429 -0.193116 -2.444376
v 2.795578 -0.193116 -2.423012
v 2.790085 -0.193116 -2.400137
v 2.789160 -0.193116 -2.376631
v 2.792839 -0.193116 -2.353395
v 2.800979 -0.193116 -2.331323
v 2.813270 -0.193116 -2.311264
v 2.829238 -0.193116 -2.293988
v 2.848269 -0.193116 -2.280159
v 2.869632 -0.193116 -2.270308
v 2.892507 -0.193116 -2.264815
v 2.916014 -0.193116 -2.263890
v 2.939250 -0.193116 -2.267569
v 4.315189 -0.168521 -1.749968
v 4.411205 -0.168521 -2.037198
v 4.449341 -0.168521 -2.337641
v 4.428130 -0.168521 -2.639752
v 4.348389 -0.168521 -2.931920
v 4.213180 -0.168521 -3.202917
v 4.027700 -0.168521 -3.442328
v 3.799078 -0.168521 -3.640953
v 3.210274 -0.168521 -2.464175
v 2.083149 -0.168521 -3.689151
v 1.843737 -0.168521 -3.503671
v 1.645112 -0.168521 -3.275047
v 3.536098 -0.168521 -3.791161
v 3.248866 -0.168521 -3.887177
v 2.948423 -0.168521 -3.925313
v 2.646311 -0.168521 -3.904101
v 2.354145 -0.168521 -3.824359
v 2.821477 -0.168521 -2.686246
v 4.164982 -0.168521 -1.486988
v 2.861671 -0.168521 -0.836724
v 3.163781 -0.168521 -0.857935
v 3.455948 -0.168521 -0.937676
v 3.726944 -0.168521 -1.072885
v 3.966356 -0.168521 -1.258366
v 2.273996 -0.168521 -0.970875
v 2.561227 -0.168521 -0.874858
v 2.988401 -0.168521 -2.075726
v 1.494904 -0.168521 -3.012068
v 1.398888 -0.168521 -2.724837
v 1.360752 -0.168521 -2.424394
v 1.381963 -0.168521 -2.122283
v 1.461705 -0.168521 -1.830116
v 1.596914 -0.168521 -1.559120
v 1.782394 -0.168521 -1.319708
v 2.011017 -0.168521 -1.121082
v 2.599605 -0.168521 -2.297797
v 1.316793 -0.064286 -1.733235
v 1.316794 -0.064286 0.328705
v -0.438796 0.181825 -1.981978
v 0.438998 -0.064286 -1.985724
v 0.877896 -0.064286 -1.901345
v 1.316793 -0.064286 -1.523038
v 1.316793 -0.064286 -0.471909
v 1.097344 -0.390852 -1.579894
v 1.097345 -0.416904 0.328706
v 1.097345 -0.416904 -0.585505
v 1.097344 -0.416904 -1.254945
v 1.225457 -0.064286 -1.773933
v 0.658448 -0.416904 0.328706
v 0.658447 -0.390852 -1.708296
v 0.658447 -0.416904 -0.758955
v 0.658447 -0.416904 -1.388522
v 0.658447 -0.064286 -1.951676
v 0.000102 0.581919 0.328706
v 0.219550 -0.390852 -1.764762
v 0.219550 -0.416904 -0.828739
v 0.219550 -0.416904 -1.446730
v -0.438796 0.064286 -1.989925
v 1.316793 -0.181825 -1.721521
v 1.292890 -0.292458 -1.662226
v 1.292891 -0.292458 0.328705
v 1.316794 -0.181825 0.328705
v 0.000101 -0.292458 -1.938745
v 0.000101 -0.181825 -2.004279
v 0.438998 -0.292458 -1.911866
v 0.438998 -0.181825 -1.977778
v 0.877896 -0.292458 -1.825118
v 0.877896 -0.181825 -1.892447
v 1.292890 -0.292458 -1.167728
v 1.316793 -0.181825 -1.510828
v 1.292891 -0.292458 -0.445346
v 1.316793 -0.181825 -0.447792
v 1.097344 -0.292458 -1.752305
v 1.225457 -0.181825 -1.762978
v 0.658447 -0.292458 -1.876928
v 0.658447 -0.181825 -1.943371
v 0.219550 -0.292458 -1.932108
v 0.219550 -0.181825 -1.997734
v 1.316793 0.000000 -0.827513
v 1.226971 0.390852 -0.835945
v 0.679478 0.434667 -1.377295
v 0.877896 0.416904 -1.011829
v 1.316793 0.064286 -0.826282
v 1.097345 0.416904 -0.920224
v 1.316793 0.181825 -0.807714
v 1.292890 0.292458 -0.806537
v 1.226971 -0.390852 -0.835945
v 0.000101 -0.416904 -1.145325
v 0.438999 -0.416904 -1.114451
v 0.877896 -0.416904 -1.011829
v 1.316793 -0.064286 -0.826282
v 1.097345 -0.416904 -0.920224
v 0.658447 -0.416904 -1.073739
v 0.219550 -0.416904 -1.137735
v 1.316793 -0.181825 -0.807714
v 1.292890 -0.292458 -0.806537
v 1.208630 -1.312964 -1.383604
v 1.208630 -1.312964 -1.705181
v 1.428079 -1.312964 -1.626719
v 1.428079 -1.312964 -1.291999
v 1.250093 -0.830745 -1.426647
v 1.406543 -1.254618 -1.602512
v 1.422583 -1.298074 -1.620541
v 1.203134 -1.298074 -1.699003
v 1.187095 -1.254618 -1.680973
v 1.030644 -0.830745 -1.505108
v 1.030644 -0.830745 -1.183532
v 1.187095 -1.254618 -1.359396
v 1.203134 -1.298074 -1.377426
v 1.422583 -1.298074 -1.285821
v 1.406543 -1.254618 -1.267792
v 1.250093 -0.830745 -1.091927
v 1.193292 -1.314031 -1.367089
v 1.193292 -1.314031 -1.734773
v 1.444205 -1.314031 -1.645062
v 1.444205 -1.314031 -1.262351
v 1.437921 -1.297006 -1.637998
v 1.187008 -1.297006 -1.360026
v 1.187008 -1.297006 -1.727709
v 1.437921 -1.297006 -1.255287
v 1.427080 0.000000 -1.631078
v 1.427080 0.064286 -1.630217
v 1.427080 0.064286 -1.840414
v 1.335744 0.064286 -1.881111
v 1.335744 0.000000 -1.881889
v 1.427080 -0.064286 -1.630217
v 1.427080 -0.064286 -1.840414
v 1.335744 -0.064286 -1.881111
v 2.104140 0.064286 -0.954193
v 2.104140 0.000000 -0.955739
v 1.841602 0.064286 -1.161073
v 2.104140 -0.064286 -0.954193
v 1.841602 -0.064286 -1.161073
v 1.841602 0.000000 -1.162303
v 0.851681 0.434667 -1.303190
v 0.000102 -0.256354 -0.714700
v 0.827092 0.564156 -1.266032
v 0.641625 0.581919 0.328706
v 0.436688 0.581919 0.328706
v 0.000102 0.581919 -0.822427
v 0.000101 0.581919 -1.110410
v 0.000101 0.581919 -1.398394
v 0.436688 0.581919 -0.791166
v 0.436688 0.581919 -1.081578
v 0.436688 0.581919 -1.371991
v 0.846561 0.581919 0.328706
v 0.846561 0.581919 -0.685433
v 0.846560 0.581919 -0.985743
v 0.846560 0.581919 -1.286054
v 0.641624 0.581919 -0.749591
v 0.641624 0.581919 -1.337525
v 0.231751 0.581919 -0.814761
v 0.231751 0.581919 -1.391884
v 0.641624 0.581919 -1.043558
v 0.231751 0.581919 -1.103322
v 0.641625 -0.196750 0.328706
v 0.436688 -0.196750 0.328706
v 0.436688 -0.196750 -0.791166
v 0.641624 -0.196750 -0.749591
v 0.290104 -0.196750 -0.808043
v 0.394209 -0.046817 0.328706
v 0.436688 -0.196750 -1.081578
v 0.641624 -0.196750 -1.043558
v 0.347940 -0.196750 -1.090995
v 0.231752 -0.046817 0.328706
v 0.000102 -0.046817 0.328706
v 0.000102 -0.046817 -0.708264
v 0.394209 -0.046817 -0.683482
v 0.231751 -0.046817 -0.702187
v 0.776323 0.581919 0.328706
v 0.776323 0.581919 -0.707422
v 0.776323 0.581919 -1.005558
v 1.208630 -1.312964 -1.676153
v 1.428079 -1.312964 -1.596505
v 1.422583 -1.298074 -1.590328
v 1.203134 -1.298074 -1.669975
v 1.193292 -1.314031 -1.701583
v 1.444205 -1.314031 -1.610516
v 1.437921 -1.297006 -1.603452
v 1.187008 -1.297006 -1.694520
v 0.000101 0.581919 -1.309124
v 0.436688 0.581919 -1.281968
v 0.641624 0.581919 -1.246400
v 0.231751 0.581919 -1.302434
v 0.776323 0.581919 -1.212193
v 0.000101 0.581919 -1.354923
v 0.000101 0.581919 -1.389729
v 0.436688 0.581919 -1.328154
v 0.436688 0.581919 -1.363253
v 0.641624 0.581919 -1.293151
v 0.641624 0.581919 -1.328680
v 0.231751 0.581919 -1.348326
v 0.231751 0.581919 -1.383201
v 0.837446 0.581919 0.328706
v 0.809433 0.581919 0.328706
v 0.837445 0.581919 -0.688286
v 0.809432 0.581919 -0.697056
v 0.837445 0.581919 -0.988315
v 0.809432 0.581919 -0.996218
v 0.809432 0.581919 -1.250657
v 0.837445 0.581919 -1.279333
v 0.000101 0.566177 -1.368498
v 0.000101 0.566177 -1.377163
v 0.436529 0.566177 -1.341949
v 0.436529 0.566177 -1.350687
v 0.641466 0.566177 -1.307269
v 0.641466 0.566177 -1.316114
v 0.231593 0.566177 -1.361953
v 0.231593 0.566177 -1.370635
v 0.837287 0.566177 0.328706
v 0.828172 0.566177 0.328706
v 0.837287 0.566177 -0.675720
v 0.828172 0.566177 -0.678574
v 0.837287 0.566177 -0.975749
v 0.828172 0.566177 -0.978320
v 0.828172 0.566177 -1.260045
v 0.837287 0.566177 -1.266766
v -1.226768 0.390852 -1.519303
v -1.316590 0.000000 0.328706
v -1.226768 0.390852 0.328706
v -3.843115 0.283476 -3.703297
v -0.666074 0.564156 -1.337277
v -4.083052 0.283476 -3.494842
v -4.277709 0.283476 -3.243584
v -0.877693 0.416904 0.328706
v -0.666074 0.564156 -1.306422
v -0.877693 0.000000 -1.901983
v -0.438796 0.000000 -1.986296
v -0.438796 0.390852 -1.744069
v -0.877693 0.390852 -1.655086
v -1.316590 0.000000 -0.473454
v -1.316591 0.000000 -1.523899
v -1.226768 0.390852 -1.190876
v -1.226768 0.390852 -0.481013
v -4.419608 0.283476 -2.959177
v -4.503296 0.283476 -2.652552
v -0.679275 0.434667 -1.346440
v -0.438796 0.416904 -1.425428
v -0.877693 0.416904 -0.690252
v -0.877693 0.416904 -1.333405
v -4.525557 0.283476 -2.335492
v -4.485533 0.283476 -2.020182
v -4.384765 0.283476 -1.718739
v -4.227125 0.283476 -1.442745
v -4.164779 0.000000 -1.486985
v -4.314986 0.000000 -1.749965
v -4.411003 0.000000 -2.037195
v -4.449139 0.000000 -2.337639
v -4.427927 0.000000 -2.639749
v -4.348187 0.000000 -2.931917
v -4.212978 0.000000 -3.202914
v -4.027498 0.000000 -3.442325
v -3.798876 0.000000 -3.640951
v -3.535896 0.000000 -3.791158
v -3.248665 0.000000 -3.887175
v -2.948221 0.000000 -3.925311
v -2.646110 0.000000 -3.904099
v -2.353943 0.000000 -3.824358
v -2.082947 0.000000 -3.689149
v -1.843536 0.000000 -3.503669
v -1.644910 0.000000 -3.275046
v -1.494702 0.000000 -3.012067
v -1.398686 0.000000 -2.724836
v -1.360550 0.000000 -2.424393
v -1.381761 0.000000 -2.122283
v -1.461503 0.000000 -1.830115
v -1.596711 0.000000 -1.559119
v -1.782192 0.000000 -1.319707
v -2.010814 0.000000 -1.121081
v -2.273793 0.000000 -0.970873
v -2.561023 0.000000 -0.874857
v -2.861467 0.000000 -0.836722
v -3.163577 0.000000 -0.857933
v -3.455745 0.000000 -0.937674
v -3.726741 0.000000 -1.072883
v -3.966153 0.000000 -1.258363
v -4.164779 0.205156 -1.486985
v -4.314986 0.205156 -1.749965
v -4.411003 0.205156 -2.037195
v -4.449139 0.205156 -2.337639
v -4.427927 0.205156 -2.639749
v -4.348187 0.205156 -2.931917
v -4.212978 0.205156 -3.202914
v -4.027498 0.205156 -3.442325
v -3.798876 0.205156 -3.640951
v -3.535896 0.205156 -3.791158
v -3.248665 0.205156 -3.887175
v -2.948221 0.205156 -3.925311
v -2.646110 0.205156 -3.904099
v -2.353943 0.205156 -3.824358
v -2.082947 0.205156 -3.689149
v -1.843536 0.205156 -3.503669
v -1.644910 0.205156 -3.275046
v -1.494702 0.205156 -3.012067
v -1.398686 0.205156 -2.724836
v -1.360550 0.205156 -2.424393
v -1.381761 0.205156 -2.122283
v -1.461503 0.205156 -1.830115
v -1.596711 0.205156 -1.559119
v -1.782192 0.205156 -1.319707
v -2.010814 0.205156 -1.121081
v -2.273793 0.205156 -0.970873
v -2.561023 0.205156 -0.874857
v -2.861467 0.205156 -0.836722
v -3.163577 0.205156 -0.857933
v -3.455745 0.205156 -0.937674
v -3.726741 0.205156 -1.072883
v -3.966153 0.205156 -1.258363
v -3.567122 0.283476 -3.860938
v -3.265678 0.283476 -3.961705
v -2.950368 0.283476 -4.001728
v -2.633307 0.283476 -3.979467
v -2.326683 0.283476 -3.895779
v -2.042277 0.283476 -3.753880
v -1.791018 0.283476 -3.559222
v -1.582564 0.283476 -3.319286
v -1.424924 0.283476 -3.043294
v -1.324156 0.283476 -2.741849
v -1.284133 0.283476 -2.426540
v -1.306393 0.283476 -2.109479
v -1.390081 0.283476 -1.802855
v -1.531980 0.283476 -1.518448
v -1.726638 0.283476 -1.267189
v -1.966574 0.283476 -1.058734
v -2.242566 0.283476 -0.901094
v -2.544010 0.283476 -0.800327
v -2.859321 0.283476 -0.760304
v -3.176380 0.283476 -0.782564
v -3.483006 0.283476 -0.866252
v -3.767412 0.283476 -1.008152
v -4.018671 0.283476 -1.202810
v -3.878403 0.283476 -3.753028
v -4.127364 0.283476 -3.536733
v -4.329342 0.283476 -3.276025
v -4.476579 0.283476 -2.980922
v -4.563413 0.283476 -2.662765
v -4.586511 0.283476 -2.333780
v -4.544982 0.283476 -2.006611
v -4.440425 0.283476 -1.693830
v -4.276856 0.283476 -1.407457
v -3.592031 0.283476 -3.916597
v -3.279249 0.283476 -4.021155
v -2.952080 0.283476 -4.062683
v -2.623095 0.283476 -4.039584
v -2.304939 0.283476 -3.952748
v -2.009835 0.283476 -3.805513
v -1.749128 0.283476 -3.603534
v -1.532833 0.283476 -3.354575
v -1.369264 0.283476 -3.068202
v -1.264706 0.283476 -2.755420
v -1.223178 0.283476 -2.428251
v -1.246275 0.283476 -2.099267
v -1.333111 0.283476 -1.781110
v -1.480347 0.283476 -1.486007
v -1.682326 0.283476 -1.225298
v -1.931286 0.283476 -1.009004
v -2.217658 0.283476 -0.845435
v -2.530439 0.283476 -0.740877
v -2.857609 0.283476 -0.699349
v -3.186593 0.283476 -0.722447
v -3.504750 0.283476 -0.809282
v -3.799853 0.283476 -0.956518
v -4.060561 0.283476 -1.158498
v -3.888720 0.000000 -3.767566
v -4.140318 0.000000 -3.548979
v -4.344437 0.000000 -3.285509
v -4.493233 0.000000 -2.987279
v -4.580987 0.000000 -2.665750
v -4.604330 0.000000 -2.333280
v -4.562362 0.000000 -2.002644
v -4.456697 0.000000 -1.686549
v -4.291394 0.000000 -1.397141
v -3.599312 0.000000 -3.932869
v -3.283216 0.000000 -4.038534
v -2.952581 0.000000 -4.080503
v -2.620110 0.000000 -4.057159
v -2.298582 0.000000 -3.969403
v -2.000352 0.000000 -3.820607
v -1.736882 0.000000 -3.616488
v -1.518295 0.000000 -3.364890
v -1.352993 0.000000 -3.075483
v -1.247327 0.000000 -2.759388
v -1.205359 0.000000 -2.428752
v -1.228700 0.000000 -2.096282
v -1.316457 0.000000 -1.774753
v -1.465253 0.000000 -1.476524
v -1.669372 0.000000 -1.213052
v -1.920970 0.000000 -0.994466
v -2.210377 0.000000 -0.829163
v -2.526472 0.000000 -0.723498
v -2.857108 0.000000 -0.681530
v -3.189578 0.000000 -0.704873
v -3.511107 0.000000 -0.792628
v -3.809336 0.000000 -0.941424
v -4.072807 0.000000 -1.145544
v -2.210377 0.248748 -0.829163
v -2.526472 0.248748 -0.723498
v -4.493233 0.248748 -2.987279
v -4.344437 0.248748 -3.285509
v -2.857108 0.248748 -0.681530
v -4.580987 0.248748 -2.665750
v -1.352993 0.248748 -3.075483
v -1.247327 0.248748 -2.759388
v -3.189578 0.248748 -0.704873
v -4.604330 0.248748 -2.333280
v -1.518295 0.248748 -3.364890
v -3.511107 0.248748 -0.792628
v -4.562362 0.248748 -2.002644
v -1.736882 0.248748 -3.616488
v -3.809336 0.248748 -0.941424
v -4.456697 0.248748 -1.686549
v -2.000352 0.248748 -3.820607
v -4.072807 0.248748 -1.145544
v -4.291394 0.248748 -1.397141
v -2.298582 0.248748 -3.969403
v -1.205359 0.248748 -2.428752
v -2.620110 0.248748 -4.057159
v -1.228700 0.248748 -2.096282
v -2.952581 0.248748 -4.080503
v -1.316457 0.248748 -1.774753
v -3.283216 0.248748 -4.038534
v -1.465253 0.248748 -1.476524
v -3.599312 0.248748 -3.932869
v -1.669372 0.248748 -1.213052
v -3.888720 0.248748 -3.767566
v -1.920970 0.248748 -0.994466
v -4.140318 0.248748 -3.548979
v -1.498616 0.283476 -1.497486
v -1.698005 0.283476 -1.240121
v -2.312632 0.283476 -3.932591
v -2.021314 0.283476 -3.787244
v -1.943772 0.283476 -1.026600
v -2.626708 0.283476 -4.018313
v -2.226472 0.283476 -0.865129
v -3.583217 0.283476 -3.896903
v -3.274447 0.283476 -4.000120
v -2.535241 0.283476 -0.761912
v -4.420731 0.283476 -1.702644
v -4.523948 0.283476 -2.011414
v -1.763950 0.283476 -3.587855
v -1.550429 0.283476 -3.342088
v -3.865918 0.283476 -3.735431
v -2.858214 0.283476 -0.720917
v -4.259259 0.283476 -1.419943
v -4.111684 0.283476 -3.521911
v -3.182979 0.283476 -0.743719
v -4.311073 0.283476 -3.264547
v -3.497056 0.283476 -0.829440
v -4.456421 0.283476 -2.973228
v -3.788374 0.283476 -0.974788
v -4.542141 0.283476 -2.659151
v -4.045739 0.283476 -1.174177
v -2.951474 0.283476 -4.041115
v -4.564943 0.283476 -2.334386
v -1.285741 0.283476 -2.750618
v -1.244746 0.283476 -2.427646
v -1.388958 0.283476 -3.059388
v -1.267547 0.283476 -2.102881
v -1.353269 0.283476 -1.788804
v -4.164779 0.131886 -1.486985
v -4.314986 0.131886 -1.749965
v -2.861467 0.131886 -0.836722
v -3.163577 0.131886 -0.857933
v -2.082947 0.131886 -3.689149
v -1.843536 0.131886 -3.503669
v -4.411003 0.131886 -2.037195
v -3.455745 0.131886 -0.937674
v -1.644910 0.131886 -3.275046
v -4.449139 0.131886 -2.337639
v -3.726741 0.131886 -1.072883
v -1.494702 0.131886 -3.012067
v -4.427927 0.131886 -2.639749
v -3.966153 0.131886 -1.258363
v -1.398686 0.131886 -2.724836
v -4.348187 0.131886 -2.931917
v -1.360550 0.131886 -2.424393
v -4.212978 0.131886 -3.202914
v -1.381761 0.131886 -2.122283
v -4.027498 0.131886 -3.442325
v -1.461503 0.131886 -1.830115
v -3.798876 0.131886 -3.640951
v -1.596711 0.131886 -1.559119
v -3.535896 0.131886 -3.791158
v -1.782192 0.131886 -1.319707
v -3.248665 0.131886 -3.887175
v -2.010814 0.131886 -1.121081
v -2.948221 0.131886 -3.925311
v -2.273793 0.131886 -0.970873
v -2.646110 0.131886 -3.904099
v -2.561023 0.131886 -0.874857
v -2.353943 0.131886 -3.824358
v -3.111339 0.205156 -2.437273
v -3.111339 0.131886 -2.437273
v -2.848263 0.131886 -2.587536
v -2.848263 0.205156 -2.587536
v -2.698134 0.131886 -2.324695
v -2.698134 0.205156 -2.324695
v -2.961211 0.205156 -2.174432
v -2.961210 0.131886 -2.174432
v -3.021902 0.193116 -2.150369
v -3.065246 0.193116 -2.176926
v -3.102576 0.193116 -2.211429
v -3.132457 0.193116 -2.252552
v -3.153741 0.193116 -2.298713
v -3.165612 0.193116 -2.348140
v -3.167611 0.193116 -2.398933
v -3.159662 0.193116 -2.449141
v -3.142071 0.193116 -2.496833
v -3.115514 0.193116 -2.540176
v -3.081012 0.193116 -2.577506
v -3.039889 0.193116 -2.607388
v -2.993728 0.193116 -2.628673
v -2.944300 0.193116 -2.640542
v -2.893507 0.193116 -2.642541
v -2.843299 0.193116 -2.634593
v -2.795608 0.193116 -2.617002
v -2.752264 0.193116 -2.590445
v -2.714934 0.193116 -2.555942
v -2.685053 0.193116 -2.514820
v -2.663768 0.193116 -2.468658
v -2.651898 0.193116 -2.419231
v -2.649899 0.193116 -2.368438
v -2.657847 0.193116 -2.318230
v -2.675438 0.193116 -2.270539
v -2.701995 0.193116 -2.227195
v -2.736498 0.193116 -2.189865
v -2.777621 0.193116 -2.159983
v -2.823782 0.193116 -2.138699
v -2.873209 0.193116 -2.126829
v -2.924003 0.193116 -2.124830
v -2.974210 0.193116 -2.132778
v -3.021902 0.269577 -2.150369
v -3.065246 0.269577 -2.176926
v -3.102576 0.269577 -2.211429
v -3.132457 0.269577 -2.252552
v -3.153741 0.269577 -2.298713
v -3.165612 0.269577 -2.348140
v -3.167611 0.269577 -2.398933
v -3.159662 0.269577 -2.449141
v -3.142071 0.269577 -2.496833
v -3.115514 0.269577 -2.540176
v -3.081012 0.269577 -2.577506
v -3.039889 0.269577 -2.607388
v -2.993728 0.269577 -2.628673
v -2.944300 0.269577 -2.640542
v -2.893507 0.269577 -2.642541
v -2.843299 0.269577 -2.634593
v -2.795608 0.269577 -2.617002
v -2.752264 0.269577 -2.590445
v -2.714934 0.269577 -2.555942
v -2.685053 0.269577 -2.514820
v -2.663768 0.269577 -2.468658
v -2.651898 0.269577 -2.419231
v -2.649899 0.269577 -2.368438
v -2.657847 0.269577 -2.318230
v -2.675438 0.269577 -2.270539
v -2.701995 0.269577 -2.227195
v -2.736498 0.269577 -2.189865
v -2.777621 0.269577 -2.159983
v -2.823782 0.269577 -2.138699
v -2.873209 0.269577 -2.126829
v -2.924003 0.269577 -2.124830
v -2.974210 0.269577 -2.132778
v -3.007765 0.532045 -2.179520
v -3.045693 0.532045 -2.202759
v -3.078359 0.532045 -2.232951
v -3.104507 0.532045 -2.268935
v -3.123132 0.532045 -2.309330
v -3.133519 0.532045 -2.352581
v -3.135269 0.532045 -2.397028
v -3.128314 0.532045 -2.440963
v -3.112920 0.532045 -2.482696
v -3.089681 0.532045 -2.520624
v -3.059490 0.532045 -2.553290
v -3.023505 0.532045 -2.579438
v -2.983111 0.532045 -2.598063
v -2.939859 0.532045 -2.608450
v -2.895412 0.532045 -2.610199
v -2.851477 0.532045 -2.603244
v -2.809744 0.532045 -2.587851
v -2.771816 0.532045 -2.564612
v -2.739150 0.532045 -2.534420
v -2.713002 0.532045 -2.498436
v -2.694377 0.532045 -2.458041
v -2.683990 0.532045 -2.414790
v -2.682241 0.532045 -2.370342
v -2.689196 0.532045 -2.326408
v -2.704589 0.532045 -2.284675
v -2.727828 0.532045 -2.246747
v -2.758020 0.532045 -2.214081
v -2.794004 0.532045 -2.187933
v -2.834399 0.532045 -2.169308
v -2.877650 0.532045 -2.158921
v -2.922097 0.532045 -2.157171
v -2.966032 0.532045 -2.164127
v -2.961338 0.578533 -2.182122
v -2.921004 0.578533 -2.175737
v -2.880200 0.578533 -2.177343
v -2.840493 0.578533 -2.186878
v -2.803410 0.578533 -2.203977
v -2.770374 0.578533 -2.227982
v -2.742657 0.578533 -2.257970
v -2.721323 0.578533 -2.292790
v -2.707191 0.578533 -2.331103
v -2.700806 0.578533 -2.371436
v -2.702412 0.578533 -2.412241
v -2.711948 0.578533 -2.451947
v -2.729047 0.578533 -2.489030
v -2.753051 0.578533 -2.522066
v -2.783040 0.578533 -2.549783
v -2.817859 0.578533 -2.571117
v -2.856172 0.578533 -2.585249
v -2.896505 0.578533 -2.591634
v -2.937310 0.578533 -2.590028
v -2.977016 0.578533 -2.580493
v -3.014100 0.578533 -2.563394
v -3.047135 0.578533 -2.539389
v -3.074852 0.578533 -2.509400
v -3.096187 0.578533 -2.474581
v -3.110318 0.578533 -2.436268
v -3.116704 0.578533 -2.395935
v -3.115098 0.578533 -2.355131
v -3.105562 0.578533 -2.315424
v -3.088463 0.578533 -2.278341
v -3.064458 0.578533 -2.245305
v -3.034470 0.578533 -2.217588
v -2.999650 0.578533 -2.196254
v -2.950982 0.604139 -2.221818
v -2.918591 0.604139 -2.216691
v -2.885823 0.604139 -2.217980
v -2.853937 0.604139 -2.225638
v -2.824156 0.604139 -2.239369
v -2.797627 0.604139 -2.258646
v -2.775368 0.604139 -2.282729
v -2.758236 0.604139 -2.310691
v -2.746887 0.604139 -2.341459
v -2.741760 0.604139 -2.373849
v -2.743050 0.604139 -2.406617
v -2.750707 0.604139 -2.438504
v -2.764438 0.604139 -2.468284
v -2.783716 0.604139 -2.494813
v -2.807798 0.604139 -2.517072
v -2.835760 0.604139 -2.534204
v -2.866528 0.604139 -2.545553
v -2.898918 0.604139 -2.550680
v -2.931686 0.604139 -2.549391
v -2.963573 0.604139 -2.541733
v -2.993353 0.604139 -2.528002
v -3.019882 0.604139 -2.508725
v -3.042141 0.604139 -2.484642
v -3.059273 0.604139 -2.456680
v -3.070622 0.604139 -2.425913
v -3.075750 0.604139 -2.393523
v -3.074460 0.604139 -2.360755
v -3.066802 0.604139 -2.328867
v -3.053071 0.604139 -2.299087
v -3.033794 0.604139 -2.272558
v -3.009711 0.604139 -2.250299
v -2.981749 0.604139 -2.233167
v -2.931472 0.622348 -2.296603
v -2.914047 0.622348 -2.293844
v -2.896418 0.622348 -2.294538
v -2.879263 0.622348 -2.298658
v -2.863242 0.622348 -2.306045
v -2.848970 0.622348 -2.316416
v -2.836995 0.622348 -2.329372
v -2.827777 0.622348 -2.344416
v -2.821672 0.622348 -2.360968
v -2.818914 0.622348 -2.378393
v -2.819607 0.622348 -2.396022
v -2.823728 0.622348 -2.413177
v -2.831115 0.622348 -2.429198
v -2.841485 0.622348 -2.443471
v -2.854441 0.622348 -2.455445
v -2.869484 0.622348 -2.464663
v -2.886037 0.622348 -2.470767
v -2.903462 0.622348 -2.473526
v -2.921092 0.622348 -2.472833
v -2.938246 0.622348 -2.468713
v -2.954268 0.622348 -2.461326
v -2.968540 0.622348 -2.450955
v -2.980514 0.622348 -2.437999
v -2.989732 0.622348 -2.422956
v -2.995837 0.622348 -2.406403
v -2.998596 0.622348 -2.388978
v -2.997902 0.622348 -2.371349
v -2.993782 0.622348 -2.354194
v -2.986395 0.622348 -2.338173
v -2.976023 0.622348 -2.323900
v -2.963068 0.622348 -2.311925
v -2.948025 0.622348 -2.302709
v -2.917993 0.624624 -2.348271
v -2.910907 0.624624 -2.347148
v -2.903738 0.624624 -2.347431
v -2.896760 0.624624 -2.349106
v -2.890245 0.624624 -2.352110
v -2.884441 0.624624 -2.356328
v -2.879571 0.624624 -2.361597
v -2.875822 0.624624 -2.367715
v -2.873339 0.624624 -2.374447
v -2.872217 0.624624 -2.381533
v -2.872500 0.624624 -2.388703
v -2.874175 0.624624 -2.395679
v -2.877180 0.624624 -2.402195
v -2.881397 0.624624 -2.408000
v -2.886666 0.624624 -2.412869
v -2.892784 0.624624 -2.416618
v -2.899516 0.624624 -2.419101
v -2.906602 0.624624 -2.420223
v -2.913772 0.624624 -2.419940
v -2.920748 0.624624 -2.418265
v -2.927264 0.624624 -2.415261
v -2.933069 0.624624 -2.411043
v -2.937938 0.624624 -2.405774
v -2.941687 0.624624 -2.399656
v -2.944170 0.624624 -2.392925
v -2.945292 0.624624 -2.385838
v -2.945009 0.624624 -2.378668
v -2.943334 0.624624 -2.371692
v -2.940330 0.624624 -2.365176
v -2.936112 0.624624 -2.359372
v -2.930843 0.624624 -2.354502
v -2.924725 0.624624 -2.350753
v -2.961119 0.193116 -2.275708
v -2.981178 0.193116 -2.287998
v -2.998454 0.193116 -2.303966
v -3.012283 0.193116 -2.322997
v -3.022133 0.193116 -2.344360
v -3.027627 0.193116 -2.367235
v -3.028552 0.193116 -2.390742
v -3.024873 0.193116 -2.413978
v -3.016732 0.193116 -2.436049
v -3.004442 0.193116 -2.456109
v -2.988474 0.193116 -2.473385
v -2.969443 0.193116 -2.487214
v -2.948080 0.193116 -2.497064
v -2.925205 0.193116 -2.502557
v -2.901698 0.193116 -2.503483
v -2.878463 0.193116 -2.499804
v -2.856391 0.193116 -2.491663
v -2.836332 0.193116 -2.479373
v -2.819055 0.193116 -2.463405
v -2.805227 0.193116 -2.444374
v -2.795376 0.193116 -2.423010
v -2.789883 0.193116 -2.400136
v -2.788957 0.193116 -2.376629
v -2.792636 0.193116 -2.353393
v -2.800777 0.193116 -2.331321
v -2.813067 0.193116 -2.311262
v -2.829035 0.193116 -2.293986
v -2.848066 0.193116 -2.280157
v -2.869430 0.193116 -2.270307
v -2.892304 0.193116 -2.264813
v -2.915811 0.193116 -2.263888
v -2.939047 0.193116 -2.267567
v -2.961119 0.000000 -2.275708
v -2.981178 0.000000 -2.287998
v -2.998454 0.000000 -2.303966
v -3.012283 0.000000 -2.322997
v -3.022133 0.000000 -2.344360
v -3.027627 0.000000 -2.367235
v -3.028552 0.000000 -2.390742
v -3.024873 0.000000 -2.413978
v -3.016732 0.000000 -2.436049
v -3.004442 0.000000 -2.456109
v -2.988474 0.000000 -2.473385
v -2.969443 0.000000 -2.487214
v -2.948080 0.000000 -2.497064
v -2.925205 0.000000 -2.502557
v -2.901698 0.000000 -2.503483
v -2.878463 0.000000 -2.499804
v -2.856391 0.000000 -2.491663
v -2.836332 0.000000 -2.479373
v -2.819055 0.000000 -2.463405
v -2.805227 0.000000 -2.444374
v -2.795376 0.000000 -2.423010
v -2.789883 0.000000 -2.400136
v -2.788957 0.000000 -2.376629
v -2.792636 0.000000 -2.353393
v -2.800777 0.000000 -2.331321
v -2.813067 0.000000 -2.311262
v -2.829035 0.000000 -2.293986
v -2.848066 0.000000 -2.280157
v -2.869430 0.000000 -2.270307
v -2.892304 0.000000 -2.264813
v -2.915811 0.000000 -2.263888
v -2.939047 0.000000 -2.267567
v -4.314986 0.168521 -1.749965
v -4.411003 0.168521 -2.037195
v -4.449139 0.168521 -2.337639
v -4.427927 0.168521 -2.639749
v -4.348187 0.168521 -2.931917
v -4.212978 0.168521 -3.202914
v -4.027498 0.168521 -3.442325
v -3.798876 0.168521 -3.640951
v -3.210071 0.168521 -2.464173
v -2.082947 0.168521 -3.689149
v -1.843536 0.168521 -3.503669
v -1.644910 0.168521 -3.275046
v -3.535896 0.168521 -3.791158
v -3.248665 0.168521 -3.887175
v -2.948221 0.168521 -3.925311
v -2.646110 0.168521 -3.904099
v -2.353943 0.168521 -3.824358
v -2.821275 0.168521 -2.686244
v -4.164779 0.168521 -1.486985
v -2.861467 0.168521 -0.836722
v -3.163577 0.168521 -0.857933
v -3.455745 0.168521 -0.937674
v -3.726741 0.168521 -1.072883
v -3.966153 0.168521 -1.258363
v -2.273793 0.168521 -0.970873
v -2.561023 0.168521 -0.874857
v -2.988199 0.168521 -2.075724
v -1.494702 0.168521 -3.012067
v -1.398686 0.168521 -2.724836
v -1.360550 0.168521 -2.424393
v -1.381761 0.168521 -2.122283
v -1.461503 0.168521 -1.830115
v -1.596711 0.168521 -1.559119
v -1.782192 0.168521 -1.319707
v -2.010814 0.168521 -1.121081
v -2.599402 0.168521 -2.297795
v -1.316591 0.064286 -1.733234
v -1.316590 0.064286 0.328706
v -0.438796 0.064286 -1.985724
v -0.877693 0.064286 -1.901345
v -1.316591 0.064286 -1.523037
v -1.316590 0.064286 -0.471908
v -1.097142 0.390852 -1.579893
v -1.097141 0.416904 0.328706
v -1.225254 0.000000 -1.774710
v -1.097142 0.416904 -0.585504
v -1.097142 0.416904 -1.254944
v -1.225254 0.064286 -1.773932
v -0.851479 0.434667 -1.334045
v -0.658245 0.000000 -1.952272
v -0.658245 0.390852 -1.708296
v -0.658245 0.416904 -1.388521
v -0.658245 0.064286 -1.951675
v -0.826889 0.564156 -1.296887
v 0.438998 0.064286 -1.989926
v -0.219347 0.390852 -1.764762
v -0.219347 0.416904 -1.446730
v 0.438998 0.000000 -1.990498
v -1.316591 0.181825 -1.721520
v -1.292688 0.292458 -1.662225
v -1.292687 0.292458 0.328706
v -1.316590 0.181825 0.328706
v -0.438796 0.292458 -1.911865
v -0.438796 0.181825 -1.977777
v -0.877693 0.292458 -1.825118
v -0.877693 0.181825 -1.892447
v -1.292688 0.292458 -1.167727
v -1.316590 0.181825 -1.167636
v -1.292687 0.292458 -0.445345
v -1.316590 0.181825 -0.447792
v -1.097142 0.292458 -1.752304
v -1.097142 0.181825 -1.821128
v -0.658245 0.292458 -1.876928
v -0.658245 0.181825 -1.943371
v -0.219347 0.292458 -1.932108
v -0.219347 0.181825 -1.997734
v -1.226768 -0.390852 -1.519303
v -1.226768 -0.390852 0.328706
v -3.843115 -0.283476 -3.703297
v -0.231548 0.581919 0.328706
v -4.083052 -0.283476 -3.494842
v -4.277709 -0.283476 -3.243584
v -0.877693 -0.416904 0.328706
v -0.438796 -0.390852 -1.744069
v -0.877693 -0.390852 -1.655086
v -1.226768 -0.390852 -1.190876
v -1.226768 -0.390852 -0.481013
v -4.419608 -0.283476 -2.959177
v -4.503296 -0.283476 -2.652552
v -0.438796 -0.416904 -1.425428
v -0.877693 -0.416904 -0.690252
v -0.877693 -0.416904 -1.333405
v -4.525557 -0.283476 -2.335492
v -4.485533 -0.283476 -2.020182
v -4.384765 -0.283476 -1.718739
v -4.227125 -0.283476 -1.442745
v -4.164779 -0.205156 -1.486985
v -4.314986 -0.205156 -1.749965
v -4.411003 -0.205156 -2.037195
v -4.449139 -0.205156 -2.337639
v -4.427927 -0.205156 -2.639749
v -4.348187 -0.205156 -2.931917
v -4.212978 -0.205156 -3.202914
v -4.027498 -0.205156 -3.442325
v -3.798876 -0.205156 -3.640951
v -3.535896 -0.205156 -3.791158
v -3.248665 -0.205156 -3.887175
v -2.948221 -0.205156 -3.925311
v -2.646110 -0.205156 -3.904099
v -2.353943 -0.205156 -3.824358
v -2.082947 -0.205156 -3.689149
v -1.843536 -0.205156 -3.503669
v -1.644910 -0.205156 -3.275046
v -1.494702 -0.205156 -3.012067
v -1.398686 -0.205156 -2.724836
v -1.360550 -0.205156 -2.424393
v -1.381761 -0.205156 -2.122283
v -1.461503 -0.205156 -1.830115
v -1.596711 -0.205156 -1.559119
v -1.782192 -0.205156 -1.319707
v -2.010814 -0.205156 -1.121081
v -2.273793 -0.205156 -0.970873
v -2.561023 -0.205156 -0.874857
v -2.861467 -0.205156 -0.836722
v -3.163577 -0.205156 -0.857933
v -3.455745 -0.205156 -0.937674
v -3.726741 -0.205156 -1.072883
v -3.966153 -0.205156 -1.258363
v -3.567122 -0.283476 -3.860938
v -3.265678 -0.283476 -3.961705
v -2.950368 -0.283476 -4.001728
v -2.633307 -0.283476 -3.979467
v -2.326683 -0.283476 -3.895779
v -2.042277 -0.283476 -3.753880
v -1.791018 -0.283476 -3.559222
v -1.582564 -0.283476 -3.319286
v -1.424924 -0.283476 -3.043294
v -1.324156 -0.283476 -2.741849
v -1.284133 -0.283476 -2.426540
v -1.306393 -0.283476 -2.109479
v -1.390081 -0.283476 -1.802855
v -1.531980 -0.283476 -1.518448
v -1.726638 -0.283476 -1.267189
v -1.966574 -0.283476 -1.058734
v -2.242566 -0.283476 -0.901094
v -2.544010 -0.283476 -0.800327
v -2.859321 -0.283476 -0.760304
v -3.176380 -0.283476 -0.782564
v -3.483006 -0.283476 -0.866252
v -3.767412 -0.283476 -1.008152
v -4.018671 -0.283476 -1.202810
v -3.878403 -0.283476 -3.753028
v -4.127364 -0.283476 -3.536733
v -4.329342 -0.283476 -3.276025
v -4.476579 -0.283476 -2.980922
v -4.563413 -0.283476 -2.662765
v -4.586511 -0.283476 -2.333780
v -4.544982 -0.283476 -2.006611
v -4.440425 -0.283476 -1.693830
v -4.276856 -0.283476 -1.407457
v -3.592031 -0.283476 -3.916597
v -3.279249 -0.283476 -4.021155
v -2.952080 -0.283476 -4.062683
v -2.623095 -0.283476 -4.039584
v -2.304939 -0.283476 -3.952748
v -2.009835 -0.283476 -3.805513
v -1.749128 -0.283476 -3.603534
v -1.532833 -0.283476 -3.354575
v -1.369264 -0.283476 -3.068202
v -1.264706 -0.283476 -2.755420
v -1.223178 -0.283476 -2.428251
v -1.246275 -0.283476 -2.099267
v -1.333111 -0.283476 -1.781110
v -1.480347 -0.283476 -1.486007
v -1.682326 -0.283476 -1.225298
v -1.931286 -0.283476 -1.009004
v -2.217658 -0.283476 -0.845435
v -2.530439 -0.283476 -0.740877
v -2.857609 -0.283476 -0.699349
v -3.186593 -0.283476 -0.722447
v -3.504750 -0.283476 -0.809282
v -3.799853 -0.283476 -0.956518
v -4.060561 -0.283476 -1.158498
v -2.210377 -0.248748 -0.829163
v -2.526472 -0.248748 -0.723498
v -4.493233 -0.248748 -2.987279
v -4.344437 -0.248748 -3.285509
v -2.857108 -0.248748 -0.681530
v -4.580987 -0.248748 -2.665750
v -1.352993 -0.248748 -3.075483
v -1.247327 -0.248748 -2.759388
v -3.189578 -0.248748 -0.704873
v -4.604330 -0.248748 -2.333280
v -1.518295 -0.248748 -3.364890
v -3.511107 -0.248748 -0.792628
v -4.562362 -0.248748 -2.002644
v -1.736882 -0.248748 -3.616488
v -3.809336 -0.248748 -0.941424
v -4.456697 -0.248748 -1.686549
v -2.000352 -0.248748 -3.820607
v -4.072807 -0.248748 -1.145544
v -4.291394 -0.248748 -1.397141
v -2.298582 -0.248748 -3.969403
v -1.205359 -0.248748 -2.428752
v -2.620110 -0.248748 -4.057159
v -1.228700 -0.248748 -2.096282
v -2.952581 -0.248748 -4.080503
v -1.316457 -0.248748 -1.774753
v -3.283216 -0.248748 -4.038534
v -1.465253 -0.248748 -1.476524
v -3.599312 -0.248748 -3.932869
v -1.669372 -0.248748 -1.213052
v -3.888720 -0.248748 -3.767566
v -1.920970 -0.248748 -0.994466
v -4.140318 -0.248748 -3.548979
v -1.498616 -0.283476 -1.497486
v -1.698005 -0.283476 -1.240121
v -2.312632 -0.283476 -3.932591
v -2.021314 -0.283476 -3.787244
v -1.943772 -0.283476 -1.026600
v -2.626708 -0.283476 -4.018313
v -2.226472 -0.283476 -0.865129
v -3.583217 -0.283476 -3.896903
v -3.274447 -0.283476 -4.000120
v -2.535241 -0.283476 -0.761912
v -4.420731 -0.283476 -1.702644
v -4.523948 -0.283476 -2.011414
v -1.763950 -0.283476 -3.587855
v -1.550429 -0.283476 -3.342088
v -3.865918 -0.283476 -3.735431
v -2.858214 -0.283476 -0.720917
v -4.259259 -0.283476 -1.419943
v -4.111684 -0.283476 -3.521911
v -3.182979 -0.283476 -0.743719
v -4.311073 -0.283476 -3.264547
v -3.497056 -0.283476 -0.829440
v -4.456421 -0.283476 -2.973228
v -3.788374 -0.283476 -0.974788
v -4.542141 -0.283476 -2.659151
v -4.045739 -0.283476 -1.174177
v -2.951474 -0.283476 -4.041115
v -4.564943 -0.283476 -2.334386
v -1.285741 -0.283476 -2.750618
v -1.244746 -0.283476 -2.427646
v -1.388958 -0.283476 -3.059388
v -1.267547 -0.283476 -2.102881
v -1.353269 -0.283476 -1.788804
v -4.164779 -0.131886 -1.486985
v -4.314986 -0.131886 -1.749965
v -2.861467 -0.131886 -0.836722
v -3.163577 -0.131886 -0.857933
v -2.082947 -0.131886 -3.689149
v -1.843536 -0.131886 -3.503669
v -4.411003 -0.131886 -2.037195
v -3.455745 -0.131886 -0.937674
v -1.644910 -0.131886 -3.275046
v -4.449139 -0.131886 -2.337639
v -3.726741 -0.131886 -1.072883
v -1.494702 -0.131886 -3.012067
v -4.427927 -0.131886 -2.639749
v -3.966153 -0.131886 -1.258363
v -1.398686 -0.131886 -2.724836
v -4.348187 -0.131886 -2.931917
v -1.360550 -0.131886 -2.424393
v -4.212978 -0.131886 -3.202914
v -1.381761 -0.131886 -2.122283
v -4.027498 -0.131886 -3.442325
v -1.461503 -0.131886 -1.830115
v -3.798876 -0.131886 -3.640951
v -1.596711 -0.131886 -1.559119
v -3.535896 -0.131886 -3.791158
v -1.782192 -0.131886 -1.319707
v -3.248665 -0.131886 -3.887175
v -2.010814 -0.131886 -1.121081
v -2.948221 -0.131886 -3.925311
v -2.273793 -0.131886 -0.970873
v -2.646110 -0.131886 -3.904099
v -2.561023 -0.131886 -0.874857
v -2.353943 -0.131886 -3.824358
v -3.111339 -0.205156 -2.437273
v -3.111339 -0.131886 -2.437273
v -2.848263 -0.131886 -2.587536
v -2.848263 -0.205156 -2.587536
v -2.698134 -0.131886 -2.324695
v -2.698134 -0.205156 -2.324695
v -2.961211 -0.205156 -2.174432
v -2.961210 -0.131886 -2.174432
v -3.021902 -0.193116 -2.150369
v -3.065246 -0.193116 -2.176926
v -3.102576 -0.193116 -2.211429
v -3.132457 -0.193116 -2.252552
v -3.153741 -0.193116 -2.298713
v -3.165612 -0.193116 -2.348140
v -3.167611 -0.193116 -2.398933
v -3.159662 -0.193116 -2.449141
v -3.142071 -0.193116 -2.496833
v -3.115514 -0.193116 -2.540176
v -3.081012 -0.193116 -2.577506
v -3.039889 -0.193116 -2.607388
v -2.993728 -0.193116 -2.628673
v -2.944300 -0.193116 -2.640542
v -2.893507 -0.193116 -2.642541
v -2.843299 -0.193116 -2.634593
v -2.795608 -0.193116 -2.617002
v -2.752264 -0.193116 -2.590445
v -2.714934 -0.193116 -2.555942
v -2.685053 -0.193116 -2.514820
v -2.663768 -0.193116 -2.468658
v -2.651898 -0.193116 -2.419231
v -2.649899 -0.193116 -2.368438
v -2.657847 -0.193116 -2.318230
v -2.675438 -0.193116 -2.270539
v -2.701995 -0.193116 -2.227195
v -2.736498 -0.193116 -2.189865
v -2.777621 -0.193116 -2.159983
v -2.823782 -0.193116 -2.138699
v -2.873209 -0.193116 -2.126829
v -2.924003 -0.193116 -2.124830
v -2.974210 -0.193116 -2.132778
v -3.021902 -0.269577 -2.150369
v -3.065246 -0.269577 -2.176926
v -3.102576 -0.269577 -2.211429
v -3.132457 -0.269577 -2.252552
v -3.153741 -0.269577 -2.298713
v -3.165612 -0.269577 -2.348140
v -3.167611 -0.269577 -2.398933
v -3.159662 -0.269577 -2.449141
v -3.142071 -0.269577 -2.496833
v -3.115514 -0.269577 -2.540176
v -3.081012 -0.269577 -2.577506
v -3.039889 -0.269577 -2.607388
v -2.993728 -0.269577 -2.628673
v -2.944300 -0.269577 -2.640542
v -2.893507 -0.269577 -2.642541
v -2.843299 -0.269577 -2.634593
v -2.795608 -0.269577 -2.617002
v -2.752264 -0.269577 -2.590445
v -2.714934 -0.269577 -2.555942
v -2.685053 -0.269577 -2.514820
v -2.663768 -0.269577 -2.468658
v -2.651898 -0.269577 -2.419231
v -2.649899 -0.269577 -2.368438
v -2.657847 -0.269577 -2.318230
v -2.675438 -0.269577 -2.270539
v -2.701995 -0.269577 -2.227195
v -2.736498 -0.269577 -2.189865
v -2.777621 -0.269577 -2.159983
v -2.823782 -0.269577 -2.138699
v -2.873209 -0.269577 -2.126829
v -2.924003 -0.269577 -2.124830
v -2.974210 -0.269577 -2.132778
v -3.007765 -0.532045 -2.179520
v -3.045693 -0.532045 -2.202759
v -3.078359 -0.532045 -2.232951
v -3.104507 -0.532045 -2.268935
v -3.123132 -0.532045 -2.309330
v -3.133519 -0.532045 -2.352581
v -3.135269 -0.532045 -2.397028
v -3.128314 -0.532045 -2.440963
v -3.112920 -0.532045 -2.482696
v -3.089681 -0.532045 -2.520624
v -3.059490 -0.532045 -2.553290
v -3.023505 -0.532045 -2.579438
v -2.983111 -0.532045 -2.598063
v -2.939859 -0.532045 -2.608450
v -2.895412 -0.532045 -2.610199
v -2.851477 -0.532045 -2.603244
v -2.809744 -0.532045 -2.587851
v -2.771816 -0.532045 -2.564612
v -2.739150 -0.532045 -2.534420
v -2.713002 -0.532045 -2.498436
v -2.694377 -0.532045 -2.458041
v -2.683990 -0.532045 -2.414790
v -2.682241 -0.532045 -2.370342
v -2.689196 -0.532045 -2.326408
v -2.704589 -0.532045 -2.284675
v -2.727828 -0.532045 -2.246747
v -2.758020 -0.532045 -2.214081
v -2.794004 -0.532045 -2.187933
v -2.834399 -0.532045 -2.169308
v -2.877650 -0.532045 -2.158921
v -2.922097 -0.532045 -2.157171
v -2.966032 -0.532045 -2.164127
v -2.961338 -0.578533 -2.182122
v -2.921004 -0.578533 -2.175737
v -2.880200 -0.578533 -2.177343
v -2.840493 -0.578533 -2.186878
v -2.803410 -0.578533 -2.203977
v -2.770374 -0.578533 -2.227982
v -2.742657 -0.578533 -2.257970
v -2.721323 -0.578533 -2.292790
v -2.707191 -0.578533 -2.331103
v -2.700806 -0.578533 -2.371436
v -2.702412 -0.578533 -2.412241
v -2.711948 -0.578533 -2.451947
v -2.729047 -0.578533 -2.489030
v -2.753051 -0.578533 -2.522066
v -2.783040 -0.578533 -2.549783
v -2.817859 -0.578533 -2.571117
v -2.856172 -0.578533 -2.585249
v -2.896505 -0.578533 -2.591634
v -2.937310 -0.578533 -2.590028
v -2.977016 -0.578533 -2.580493
v -3.014100 -0.578533 -2.563394
v -3.047135 -0.578533 -2.539389
v -3.074852 -0.578533 -2.509400
v -3.096187 -0.578533 -2.474581
v -3.110318 -0.578533 -2.436268
v -3.116704 -0.578533 -2.395935
v -3.115098 -0.578533 -2.355131
v -3.105562 -0.578533 -2.315424
v -3.088463 -0.578533 -2.278341
v -3.064458 -0.578533 -2.245305
v -3.034470 -0.578533 -2.217588
v -2.999650 -0.578533 -2.196254
v -2.950982 -0.604139 -2.221818
v -2.918591 -0.604139 -2.216691
v -2.885823 -0.604139 -2.217980
v -2.853937 -0.604139 -2.225638
v -2.824156 -0.604139 -2.239369
v -2.797627 -0.604139 -2.258646
v -2.775368 -0.604139 -2.282729
v -2.758236 -0.604139 -2.310691
v -2.746887 -0.604139 -2.341459
v -2.741760 -0.604139 -2.373849
v -2.743050 -0.604139 -2.406617
v -2.750707 -0.604139 -2.438504
v -2.764438 -0.604139 -2.468284
v -2.783716 -0.604139 -2.494813
v -2.807798 -0.604139 -2.517072
v -2.835760 -0.604139 -2.534204
v -2.866528 -0.604139 -2.545553
v -2.898918 -0.604139 -2.550680
v -2.931686 -0.604139 -2.549391
v -2.963573 -0.604139 -2.541733
v -2.993353 -0.604139 -2.528002
v -3.019882 -0.604139 -2.508725
v -3.042141 -0.604139 -2.484642
v -3.059273 -0.604139 -2.456680
v -3.070622 -0.604139 -2.425913
v -3.075750 -0.604139 -2.393523
v -3.074460 -0.604139 -2.360755
v -3.066802 -0.604139 -2.328867
v -3.053071 -0.604139 -2.299087
v -3.033794 -0.604139 -2.272558
v -3.009711 -0.604139 -2.250299
v -2.981749 -0.604139 -2.233167
v -2.931472 -0.622348 -2.296603
v -2.914047 -0.622348 -2.293844
v -2.896418 -0.622348 -2.294538
v -2.879263 -0.622348 -2.298658
v -2.863242 -0.622348 -2.306045
v -2.848970 -0.622348 -2.316416
v -2.836995 -0.622348 -2.329372
v -2.827777 -0.622348 -2.344416
v -2.821672 -0.622348 -2.360968
v -2.818914 -0.622348 -2.378393
v -2.819607 -0.622348 -2.396022
v -2.823728 -0.622348 -2.413177
v -2.831115 -0.622348 -2.429198
v -2.841485 -0.622348 -2.443471
v -2.854441 -0.622348 -2.455445
v -2.869484 -0.622348 -2.464663
v -2.886037 -0.622348 -2.470767
v -2.903462 -0.622348 -2.473526
v -2.921092 -0.622348 -2.472833
v -2.938246 -0.622348 -2.468713
v -2.954268 -0.622348 -2.461326
v -2.968540 -0.622348 -2.450955
v -2.980514 -0.622348 -2.437999
v -2.989732 -0.622348 -2.422956
v -2.995837 -0.622348 -2.406403
v -2.998596 -0.622348 -2.388978
v -2.997902 -0.622348 -2.371349
v -2.993782 -0.622348 -2.354194
v -2.986395 -0.622348 -2.338173
v -2.976023 -0.622348 -2.323900
v -2.963068 -0.622348 -2.311925
v -2.948025 -0.622348 -2.302709
v -2.917993 -0.624624 -2.348271
v -2.910907 -0.624624 -2.347148
v -2.903738 -0.624624 -2.347431
v -2.896760 -0.624624 -2.349106
v -2.890245 -0.624624 -2.352110
v -2.884441 -0.624624 -2.356328
v -2.879571 -0.624624 -2.361597
v -2.875822 -0.624624 -2.367715
v -2.873339 -0.624624 -2.374447
v -2.872217 -0.624624 -2.381533
v -2.872500 -0.624624 -2.388703
v -2.874175 -0.624624 -2.395679
v -2.877180 -0.624624 -2.402195
v -2.881397 -0.624624 -2.408000
v -2.886666 -0.624624 -2.412869
v -2.892784 -0.624624 -2.416618
v -2.899516 -0.624624 -2.419101
v -2.906602 -0.624624 -2.420223
v -2.913772 -0.624624 -2.419940
v -2.920748 -0.624624 -2.418265
v -2.927264 -0.624624 -2.415261
v -2.933069 -0.624624 -2.411043
v -2.937938 -0.624624 -2.405774
v -2.941687 -0.624624 -2.399656
v -2.944170 -0.624624 -2.392925
v -2.945292 -0.624624 -2.385838
v -2.945009 -0.624624 -2.378668
v -2.943334 -0.624624 -2.371692
v -2.940330 -0.624624 -2.365176
v -2.936112 -0.624624 -2.359372
v -2.930843 -0.624624 -2.354502
v -2.924725 -0.624624 -2.350753
v -2.961119 -0.193116 -2.275708
v -2.981178 -0.193116 -2.287998
v -2.998454 -0.193116 -2.303966
v -3.012283 -0.193116 -2.322997
v -3.022133 -0.193116 -2.344360
v -3.027627 -0.193116 -2.367235
v -3.028552 -0.193116 -2.390742
v -3.024873 -0.193116 -2.413978
v -3.016732 -0.193116 -2.436049
v -3.004442 -0.193116 -2.456109
v -2.988474 -0.193116 -2.473385
v -2.969443 -0.193116 -2.487214
v -2.948080 -0.193116 -2.497064
v -2.925205 -0.193116 -2.502557
v -2.901698 -0.193116 -2.503483
v -2.878463 -0.193116 -2.499804
v -2.856391 -0.193116 -2.491663
v -2.836332 -0.193116 -2.479373
v -2.819055 -0.193116 -2.463405
v -2.805227 -0.193116 -2.444374
v -2.795376 -0.193116 -2.423010
v -2.789883 -0.193116 -2.400136
v -2.788957 -0.193116 -2.376629
v -2.792636 -0.193116 -2.353393
v -2.800777 -0.193116 -2.331321
v -2.813067 -0.193116 -2.311262
v -2.829035 -0.193116 -2.293986
v -2.848066 -0.193116 -2.280157
v -2.869430 -0.193116 -2.270307
v -2.892304 -0.193116 -2.264813
v -2.915811 -0.193116 -2.263888
v -2.939047 -0.193116 -2.267567
v -4.314986 -0.168521 -1.749965
v -4.411003 -0.168521 -2.037195
v -4.449139 -0.168521 -2.337639
v -4.427927 -0.168521 -2.639749
v -4.348187 -0.168521 -2.931917
v -4.212978 -0.168521 -3.202914
v -4.027498 -0.168521 -3.442325
v -3.798876 -0.168521 -3.640951
v -3.210071 -0.168521 -2.464173
v -2.082947 -0.168521 -3.689149
v -1.843536 -0.168521 -3.503669
v -1.644910 -0.168521 -3.275046
v -3.535896 -0.168521 -3.791158
v -3.248665 -0.168521 -3.887175
v -2.948221 -0.168521 -3.925311
v -2.646110 -0.168521 -3.904099
v -2.353943 -0.168521 -3.824358
v -2.821275 -0.168521 -2.686244
v -4.164779 -0.168521 -1.486985
v -2.861467 -0.168521 -0.836722
v -3.163577 -0.168521 -0.857933
v -3.455745 -0.168521 -0.937674
v -3.726741 -0.168521 -1.072883
v -3.966153 -0.168521 -1.258363
v -2.273793 -0.168521 -0.970873
v -2.561023 -0.168521 -0.874857
v -2.988199 -0.168521 -2.075724
v -1.494702 -0.168521 -3.012067
v -1.398686 -0.168521 -2.724836
v -1.360550 -0.168521 -2.424393
v -1.381761 -0.168521 -2.122283
v -1.461503 -0.168521 -1.830115
v -1.596711 -0.168521 -1.559119
v -1.782192 -0.168521 -1.319707
v -2.010814 -0.168521 -1.121081
v -2.599402 -0.168521 -2.297795
v -1.316591 -0.064286 -1.733234
v -1.316590 -0.064286 0.328706
v -0.438796 -0.064286 -1.985724
v -0.877693 -0.064286 -1.901345
v -1.316591 -0.064286 -1.523037
v -1.316590 -0.064286 -0.471908
v -1.097142 -0.390852 -1.579893
v -1.097141 -0.416904 0.328706
v -1.097142 -0.416904 -0.585504
v -1.097142 -0.416904 -1.254944
v -1.225254 -0.064286 -1.773932
v -0.658244 -0.416904 0.328706
v -0.658245 -0.390852 -1.708296
v -0.658244 -0.416904 -0.758955
v -0.658245 -0.416904 -1.388521
v -0.658245 -0.064286 -1.951675
v -0.219347 -0.390852 -1.764762
v -0.219347 -0.416904 -0.828739
v -0.219347 -0.416904 -1.446730
v 0.000101 0.181825 -2.008481
v -1.316591 -0.181825 -1.721520
v -1.292688 -0.292458 -1.662225
v -1.292687 -0.292458 0.328706
v -1.316590 -0.181825 0.328706
v -0.438796 -0.292458 -1.911865
v -0.438796 -0.181825 -1.977777
v -0.877693 -0.292458 -1.825118
v -0.877693 -0.181825 -1.892447
v -1.292688 -0.292458 -1.167727
v -1.316591 -0.181825 -1.510827
v -1.292687 -0.292458 -0.445345
v -1.316590 -0.181825 -0.447792
v -1.097142 -0.292458 -1.752304
v -1.225254 -0.181825 -1.762977
v -0.658245 -0.292458 -1.876928
v -0.658245 -0.181825 -1.943371
v -0.219347 -0.292458 -1.932108
v -0.219347 -0.181825 -1.997734
v -1.316590 0.000000 -0.827512
v -1.226768 0.390852 -0.835945
v -0.679275 0.434667 -1.377295
v -0.877693 0.416904 -1.011829
v -1.316590 0.064286 -0.826281
v -1.097142 0.416904 -0.920224
v -1.316590 0.181825 -0.807714
v -1.292688 0.292458 -0.806536
v -1.226768 -0.390852 -0.835945
v -0.438796 -0.416904 -1.114451
v -0.877693 -0.416904 -1.011829
v -1.316590 -0.064286 -0.826281
v -1.097142 -0.416904 -0.920224
v -0.658244 -0.416904 -1.073738
v -0.219347 -0.416904 -1.137734
v -1.316590 -0.181825 -0.807714
v -1.292688 -0.292458 -0.806536
v -1.208428 -1.312964 -1.383603
v -1.208428 -1.312964 -1.705180
v -1.427876 -1.312964 -1.626718
v -1.427876 -1.312964 -1.291998
v -1.249890 -0.830745 -1.426646
v -1.406341 -1.254618 -1.602511
v -1.422380 -1.298074 -1.620540
v -1.202932 -1.298074 -1.699002
v -1.186892 -1.254618 -1.680972
v -1.030442 -0.830745 -1.505108
v -1.030441 -0.830745 -1.183531
v -1.186892 -1.254618 -1.359396
v -1.202932 -1.298074 -1.377426
v -1.422380 -1.298074 -1.285820
v -1.406341 -1.254618 -1.267791
v -1.249890 -0.830745 -1.091926
v -1.193090 -1.314031 -1.367089
v -1.193090 -1.314031 -1.734772
v -1.444002 -1.314031 -1.645061
v -1.444002 -1.314031 -1.262350
v -1.437719 -1.297006 -1.637997
v -1.186806 -1.297006 -1.360025
v -1.186806 -1.297006 -1.727708
v -1.437718 -1.297006 -1.255286
v -1.426878 0.000000 -1.631077
v -1.426878 0.064286 -1.630216
v -1.426878 0.064286 -1.840413
v -1.335542 0.064286 -1.881110
v -1.335542 0.000000 -1.881888
v -1.426878 -0.064286 -1.630216
v -1.426878 -0.064286 -1.840413
v -1.335542 -0.064286 -1.881110
v -2.103937 0.064286 -0.954191
v -2.103937 0.000000 -0.955738
v -1.841399 0.064286 -1.161072
v -2.103937 -0.064286 -0.954191
v -1.841399 -0.064286 -1.161072
v -1.841399 0.000000 -1.162302
v -0.851479 0.434667 -1.303190
v -0.826889 0.564156 -1.266032
v -0.641421 0.581919 0.328706
v -0.436484 0.581919 0.328706
v -0.436485 0.581919 -0.791166
v -0.436485 0.581919 -1.081578
v -0.436485 0.581919 -1.371991
v -0.846357 0.581919 0.328706
v -0.846358 0.581919 -0.685432
v -0.846358 0.581919 -0.985743
v -0.846358 0.581919 -1.286053
v -0.641421 0.581919 -0.749591
v -0.641421 0.581919 -1.337525
v -0.231548 0.581919 -0.814761
v -0.231548 0.581919 -1.391884
v -0.641421 0.581919 -1.043558
v -0.231548 0.581919 -1.103322
v -0.641421 -0.196750 0.328706
v -0.436484 -0.196750 0.328706
v -0.436485 -0.196750 -0.791166
v -0.641421 -0.196750 -0.749591
v -0.289901 -0.196750 -0.808042
v -0.394005 -0.046817 0.328706
v -0.436485 -0.196750 -1.081578
v -0.641421 -0.196750 -1.043558
v -0.347737 -0.196750 -1.090994
v -0.231548 -0.046817 0.328706
v -0.394006 -0.046817 -0.683482
v -0.231548 -0.046817 -0.702187
v -0.776120 0.581919 0.328706
v -0.776120 0.581919 -0.707421
v -0.776120 0.581919 -1.005558
v -1.208428 -1.312964 -1.676152
v -1.427876 -1.312964 -1.596504
v -1.422380 -1.298074 -1.590327
v -1.202932 -1.298074 -1.669974
v -1.193090 -1.314031 -1.701583
v -1.444002 -1.314031 -1.610515
v -1.437719 -1.297006 -1.603451
v -1.186806 -1.297006 -1.694519
v -0.436485 0.581919 -1.281968
v -0.641421 0.581919 -1.246400
v -0.231548 0.581919 -1.302434
v -0.776120 0.581919 -1.212192
v -0.436485 0.581919 -1.328153
v -0.436485 0.581919 -1.363253
v -0.641421 0.581919 -1.293151
v -0.641421 0.581919 -1.328679
v -0.231548 0.581919 -1.348326
v -0.231548 0.581919 -1.383201
v -0.837242 0.581919 0.328706
v -0.809229 0.581919 0.328706
v -0.837242 0.581919 -0.688286
v -0.809229 0.581919 -0.697056
v -0.837242 0.581919 -0.988314
v -0.809229 0.581919 -0.996217
v -0.809230 0.581919 -1.250657
v -0.837242 0.581919 -1.279332
v -0.436327 0.566177 -1.341948
v -0.436327 0.566177 -1.350687
v -0.641263 0.566177 -1.307268
v -0.641263 0.566177 -1.316113
v -0.231390 0.566177 -1.361953
v -0.231390 0.566177 -1.370635
v -0.837084 0.566177 0.328706
v -0.827968 0.566177 0.328706
v -0.837084 0.566177 -0.675720
v -0.827969 0.566177 -0.678573
v -0.837084 0.566177 -0.975748
v -0.827969 0.566177 -0.978320
v -0.827969 0.566177 -1.260045
v -0.837084 0.566177 -1.266766
v 1.226972 0.390852 2.176715
v 0.000103 0.000000 2.669937
v 0.000103 0.390852 2.428952
v 3.843319 0.283476 4.360708
v 0.666277 0.564156 1.994689
v 4.083256 0.283476 4.152254
v 4.277914 0.283476 3.900995
v 0.666277 0.564156 1.963834
v 0.877897 0.000000 2.559394
v 0.439000 0.000000 2.643708
v 0.439000 0.390852 2.401481
v 0.877897 0.390852 2.312498
v 1.316794 0.000000 1.130866
v 1.316794 0.000000 2.181310
v 1.226972 0.390852 1.848288
v 1.226972 0.390852 1.138425
v 4.419812 0.283476 3.616589
v 4.503500 0.283476 3.309963
v 0.679479 0.434667 2.003851
v 0.000102 0.416904 2.111113
v 0.439000 0.416904 2.082840
v 0.877897 0.416904 1.347664
v 0.877897 0.416904 1.990817
v 4.525761 0.283476 2.992904
v 4.485738 0.283476 2.677594
v 4.384970 0.283476 2.376150
v 4.227329 0.283476 2.100157
v 4.164983 0.000000 2.144397
v 4.315190 0.000000 2.407377
v 4.411207 0.000000 2.694607
v 4.449343 0.000000 2.995050
v 4.428132 0.000000 3.297160
v 4.348391 0.000000 3.589328
v 4.213182 0.000000 3.860325
v 4.027703 0.000000 4.099737
v 3.799080 0.000000 4.298362
v 3.536100 0.000000 4.448570
v 3.248869 0.000000 4.544587
v 2.948426 0.000000 4.582722
v 2.646314 0.000000 4.561511
v 2.354147 0.000000 4.481769
v 2.083152 0.000000 4.346561
v 1.843740 0.000000 4.161081
v 1.645114 0.000000 3.932458
v 1.494906 0.000000 3.669479
v 1.398890 0.000000 3.382247
v 1.360754 0.000000 3.081805
v 1.381964 0.000000 2.779694
v 1.461707 0.000000 2.487527
v 1.596915 0.000000 2.216530
v 1.782395 0.000000 1.977118
v 2.011018 0.000000 1.778492
v 2.273997 0.000000 1.628285
v 2.561228 0.000000 1.532268
v 2.861671 0.000000 1.494133
v 3.163781 0.000000 1.515344
v 3.455949 0.000000 1.595086
v 3.726945 0.000000 1.730294
v 3.966357 0.000000 1.915775
v 4.164983 0.205156 2.144397
v 4.315190 0.205156 2.407377
v 4.411207 0.205156 2.694607
v 4.449343 0.205156 2.995050
v 4.428132 0.205156 3.297160
v 4.348391 0.205156 3.589328
v 4.213182 0.205156 3.860325
v 4.027703 0.205156 4.099737
v 3.799080 0.205156 4.298362
v 3.536100 0.205156 4.448570
v 3.248869 0.205156 4.544587
v 2.948426 0.205156 4.582722
v 2.646314 0.205156 4.561511
v 2.354147 0.205156 4.481769
v 2.083152 0.205156 4.346561
v 1.843740 0.205156 4.161081
v 1.645114 0.205156 3.932458
v 1.494906 0.205156 3.669479
v 1.398890 0.205156 3.382247
v 1.360754 0.205156 3.081805
v 1.381964 0.205156 2.779694
v 1.461707 0.205156 2.487527
v 1.596915 0.205156 2.216530
v 1.782395 0.205156 1.977118
v 2.011018 0.205156 1.778492
v 2.273997 0.205156 1.628285
v 2.561228 0.205156 1.532268
v 2.861671 0.205156 1.494133
v 3.163781 0.205156 1.515344
v 3.455949 0.205156 1.595086
v 3.726945 0.205156 1.730294
v 3.966357 0.205156 1.915775
v 3.567327 0.283476 4.518349
v 3.265882 0.283476 4.619117
v 2.950572 0.283476 4.659139
v 2.633512 0.283476 4.636879
v 2.326887 0.283476 4.553191
v 2.042481 0.283476 4.411292
v 1.791222 0.283476 4.216634
v 1.582767 0.283476 3.976698
v 1.425128 0.283476 3.700705
v 1.324359 0.283476 3.399261
v 1.284337 0.283476 3.083951
v 1.306596 0.283476 2.766891
v 1.390285 0.283476 2.460266
v 1.532183 0.283476 2.175860
v 1.726842 0.283476 1.924601
v 1.966778 0.283476 1.716146
v 2.242771 0.283476 1.558506
v 2.544214 0.283476 1.457739
v 2.859525 0.283476 1.417716
v 3.176584 0.283476 1.439976
v 3.483210 0.283476 1.523664
v 3.767616 0.283476 1.665563
v 4.018875 0.283476 1.860222
v 3.878608 0.283476 4.410439
v 4.127568 0.283476 4.194145
v 4.329546 0.283476 3.933437
v 4.476783 0.283476 3.638333
v 4.563617 0.283476 3.320176
v 4.586715 0.283476 2.991192
v 4.545187 0.283476 2.664023
v 4.440629 0.283476 2.351242
v 4.277060 0.283476 2.064868
v 3.592235 0.283476 4.574009
v 3.279453 0.283476 4.678567
v 2.952284 0.283476 4.720095
v 2.623299 0.283476 4.696996
v 2.305143 0.283476 4.610160
v 2.010040 0.283476 4.462924
v 1.749332 0.283476 4.260946
v 1.533037 0.283476 4.011987
v 1.369468 0.283476 3.725614
v 1.264910 0.283476 3.412832
v 1.223382 0.283476 3.085663
v 1.246479 0.283476 2.756679
v 1.333315 0.283476 2.438522
v 1.480551 0.283476 2.143419
v 1.682530 0.283476 1.882710
v 1.931489 0.283476 1.666415
v 2.217863 0.283476 1.502846
v 2.530643 0.283476 1.398289
v 2.857813 0.283476 1.356761
v 3.186797 0.283476 1.379859
v 3.504954 0.283476 1.466694
v 3.800057 0.283476 1.613930
v 4.060765 0.283476 1.815909
v 3.888924 0.000000 4.424977
v 4.140522 0.000000 4.206390
v 4.344641 0.000000 3.942920
v 4.493437 0.000000 3.644691
v 4.581192 0.000000 3.323161
v 4.604534 0.000000 2.990691
v 4.562567 0.000000 2.660056
v 4.456901 0.000000 2.343960
v 4.291598 0.000000 2.054553
v 3.599516 0.000000 4.590281
v 3.283420 0.000000 4.695946
v 2.952785 0.000000 4.737914
v 2.620314 0.000000 4.714571
v 2.298786 0.000000 4.626815
v 2.000556 0.000000 4.478019
v 1.737085 0.000000 4.273900
v 1.518499 0.000000 4.022302
v 1.353197 0.000000 3.732895
v 1.247530 0.000000 3.416799
v 1.205563 0.000000 3.086164
v 1.228904 0.000000 2.753694
v 1.316661 0.000000 2.432165
v 1.465456 0.000000 2.133935
v 1.669576 0.000000 1.870464
v 1.921174 0.000000 1.651877
v 2.210581 0.000000 1.486575
v 2.526676 0.000000 1.380910
v 2.857312 0.000000 1.338942
v 3.189783 0.000000 1.362284
v 3.511311 0.000000 1.450040
v 3.809541 0.000000 1.598836
v 4.073011 0.000000 1.802956
v 2.210581 0.248748 1.486575
v 2.526676 0.248748 1.380910
v 4.493437 0.248748 3.644691
v 4.344641 0.248748 3.942920
v 2.857312 0.248748 1.338942
v 4.581192 0.248748 3.323161
v 1.353197 0.248748 3.732895
v 1.247530 0.248748 3.416799
v 3.189783 0.248748 1.362284
v 4.604534 0.248748 2.990691
v 1.518499 0.248748 4.022302
v 3.511311 0.248748 1.450040
v 4.562567 0.248748 2.660056
v 1.737085 0.248748 4.273900
v 3.809541 0.248748 1.598836
v 4.456901 0.248748 2.343960
v 2.000556 0.248748 4.478019
v 4.073011 0.248748 1.802956
v 4.291598 0.248748 2.054553
v 2.298786 0.248748 4.626815
v 1.205563 0.248748 3.086164
v 2.620314 0.248748 4.714571
v 1.228904 0.248748 2.753694
v 2.952785 0.248748 4.737914
v 1.316661 0.248748 2.432165
v 3.283420 0.248748 4.695946
v 1.465456 0.248748 2.133935
v 3.599516 0.248748 4.590281
v 1.669576 0.248748 1.870464
v 3.888924 0.248748 4.424977
v 1.921174 0.248748 1.651877
v 4.140522 0.248748 4.206390
v 1.498820 0.283476 2.154897
v 1.698209 0.283476 1.897532
v 2.312836 0.283476 4.590003
v 2.021519 0.283476 4.444656
v 1.943976 0.283476 1.684012
v 2.626912 0.283476 4.675725
v 2.226676 0.283476 1.522541
v 3.583421 0.283476 4.554315
v 3.274651 0.283476 4.657532
v 2.535445 0.283476 1.419324
v 4.420935 0.283476 2.360055
v 4.524152 0.283476 2.668825
v 1.764154 0.283476 4.245267
v 1.550633 0.283476 3.999500
v 3.866122 0.283476 4.392843
v 2.858419 0.283476 1.378329
v 4.259463 0.283476 2.077354
v 4.111888 0.283476 4.179322
v 3.183184 0.283476 1.401130
v 4.311277 0.283476 3.921958
v 3.497260 0.283476 1.486852
v 4.456625 0.283476 3.630640
v 3.788578 0.283476 1.632200
v 4.542346 0.283476 3.316563
v 4.045943 0.283476 1.831588
v 2.951678 0.283476 4.698526
v 4.565147 0.283476 2.991797
v 1.285945 0.283476 3.408030
v 1.244950 0.283476 3.085057
v 1.389162 0.283476 3.716800
v 1.267751 0.283476 2.760292
v 1.353473 0.283476 2.446216
v 4.164983 0.131886 2.144397
v 4.315190 0.131886 2.407377
v 2.861671 0.131886 1.494133
v 3.163781 0.131886 1.515344
v 2.083152 0.131886 4.346561
v 1.843740 0.131886 4.161081
v 4.411207 0.131886 2.694607
v 3.455949 0.131886 1.595086
v 1.645114 0.131886 3.932458
v 4.449343 0.131886 2.995050
v 3.726945 0.131886 1.730294
v 1.494906 0.131886 3.669479
v 4.428132 0.131886 3.297160
v 3.966357 0.131886 1.915775
v 1.398890 0.131886 3.382247
v 4.348391 0.131886 3.589328
v 1.360754 0.131886 3.081805
v 4.213182 0.131886 3.860325
v 1.381964 0.131886 2.779694
v 4.027703 0.131886 4.099737
v 1.461707 0.131886 2.487527
v 3.799080 0.131886 4.298362
v 1.596915 0.131886 2.216530
v 3.536100 0.131886 4.448570
v 1.782395 0.131886 1.977118
v 3.248869 0.131886 4.544587
v 2.011018 0.131886 1.778492
v 2.948426 0.131886 4.582722
v 2.273997 0.131886 1.628285
v 2.646314 0.131886 4.561511
v 2.561228 0.131886 1.532268
v 2.354147 0.131886 4.481769
v 3.111543 0.205156 3.094685
v 3.111543 0.131886 3.094685
v 2.848467 0.131886 3.244948
v 2.848467 0.205156 3.244948
v 2.698339 0.131886 2.982106
v 2.698339 0.205156 2.982106
v 2.961415 0.205156 2.831844
v 2.961415 0.131886 2.831844
v 3.022106 0.193116 2.807781
v 3.065450 0.193116 2.834337
v 3.102780 0.193116 2.868840
v 3.132661 0.193116 2.909963
v 3.153946 0.193116 2.956125
v 3.165816 0.193116 3.005552
v 3.167815 0.193116 3.056345
v 3.159866 0.193116 3.106552
v 3.142276 0.193116 3.154244
v 3.115718 0.193116 3.197588
v 3.081216 0.193116 3.234918
v 3.040093 0.193116 3.264799
v 2.993932 0.193116 3.286084
v 2.944504 0.193116 3.297954
v 2.893711 0.193116 3.299953
v 2.843503 0.193116 3.292004
v 2.795812 0.193116 3.274414
v 2.752468 0.193116 3.247856
v 2.715138 0.193116 3.213354
v 2.685257 0.193116 3.172231
v 2.663972 0.193116 3.126070
v 2.652102 0.193116 3.076642
v 2.650103 0.193116 3.025849
v 2.658052 0.193116 2.975641
v 2.675642 0.193116 2.927950
v 2.702200 0.193116 2.884606
v 2.736702 0.193116 2.847276
v 2.777825 0.193116 2.817395
v 2.823987 0.193116 2.796110
v 2.873414 0.193116 2.784240
v 2.924207 0.193116 2.782241
v 2.974414 0.193116 2.790190
v 3.022106 0.269577 2.807781
v 3.065450 0.269577 2.834337
v 3.102780 0.269577 2.868840
v 3.132661 0.269577 2.909963
v 3.153946 0.269577 2.956125
v 3.165816 0.269577 3.005552
v 3.167815 0.269577 3.056345
v 3.159866 0.269577 3.106552
v 3.142276 0.269577 3.154244
v 3.115718 0.269577 3.197588
v 3.081216 0.269577 3.234918
v 3.040093 0.269577 3.264799
v 2.993932 0.269577 3.286084
v 2.944504 0.269577 3.297954
v 2.893711 0.269577 3.299953
v 2.843503 0.269577 3.292004
v 2.795812 0.269577 3.274414
v 2.752468 0.269577 3.247856
v 2.715138 0.269577 3.213354
v 2.685257 0.269577 3.172231
v 2.663972 0.269577 3.126070
v 2.652102 0.269577 3.076642
v 2.650103 0.269577 3.025849
v 2.658052 0.269577 2.975641
v 2.675642 0.269577 2.927950
v 2.702200 0.269577 2.884606
v 2.736702 0.269577 2.847276
v 2.777825 0.269577 2.817395
v 2.823987 0.269577 2.796110
v 2.873414 0.269577 2.784240
v 2.924207 0.269577 2.782241
v 2.974414 0.269577 2.790190
v 3.007970 0.532045 2.836931
v 3.045898 0.532045 2.860170
v 3.078563 0.532045 2.890362
v 3.104712 0.532045 2.926347
v 3.123337 0.532045 2.966741
v 3.133724 0.532045 3.009993
v 3.135473 0.532045 3.054440
v 3.128518 0.532045 3.098374
v 3.113124 0.532045 3.140108
v 3.089885 0.532045 3.178036
v 3.059694 0.532045 3.210701
v 3.023709 0.532045 3.236850
v 2.983315 0.532045 3.255475
v 2.940063 0.532045 3.265862
v 2.895616 0.532045 3.267611
v 2.851681 0.532045 3.260656
v 2.809948 0.532045 3.245263
v 2.772020 0.532045 3.222024
v 2.739354 0.532045 3.191832
v 2.713206 0.532045 3.155847
v 2.694581 0.532045 3.115453
v 2.684194 0.532045 3.072201
v 2.682445 0.532045 3.027754
v 2.689400 0.532045 2.983820
v 2.704793 0.532045 2.942086
v 2.728033 0.532045 2.904158
v 2.758224 0.532045 2.871492
v 2.794209 0.532045 2.845344
v 2.834603 0.532045 2.826719
v 2.877855 0.532045 2.816332
v 2.922302 0.532045 2.814583
v 2.966236 0.532045 2.821538
v 2.961542 0.578533 2.839534
v 2.921208 0.578533 2.833148
v 2.880404 0.578533 2.834754
v 2.840698 0.578533 2.844290
v 2.803614 0.578533 2.861389
v 2.770579 0.578533 2.885393
v 2.742862 0.578533 2.915382
v 2.721527 0.578533 2.950202
v 2.707396 0.578533 2.988514
v 2.701010 0.578533 3.028848
v 2.702616 0.578533 3.069652
v 2.712152 0.578533 3.109359
v 2.729251 0.578533 3.146442
v 2.753255 0.578533 3.179477
v 2.783244 0.578533 3.207195
v 2.818063 0.578533 3.228529
v 2.856376 0.578533 3.242661
v 2.896709 0.578533 3.249046
v 2.937514 0.578533 3.247440
v 2.977221 0.578533 3.237904
v 3.014304 0.578533 3.220806
v 3.047339 0.578533 3.196800
v 3.075057 0.578533 3.166812
v 3.096391 0.578533 3.131993
v 3.110522 0.578533 3.093680
v 3.116908 0.578533 3.053346
v 3.115302 0.578533 3.012542
v 3.105766 0.578533 2.972836
v 3.088667 0.578533 2.935752
v 3.064662 0.578533 2.902717
v 3.034674 0.578533 2.874999
v 2.999855 0.578533 2.853665
v 2.951186 0.604139 2.879230
v 2.918796 0.604139 2.874102
v 2.886028 0.604139 2.875392
v 2.854141 0.604139 2.883049
v 2.824361 0.604139 2.896780
v 2.797832 0.604139 2.916058
v 2.775573 0.604139 2.940141
v 2.758440 0.604139 2.968103
v 2.747092 0.604139 2.998870
v 2.741964 0.604139 3.031260
v 2.743254 0.604139 3.064028
v 2.750911 0.604139 3.095915
v 2.764642 0.604139 3.125695
v 2.783920 0.604139 3.152225
v 2.808002 0.604139 3.174483
v 2.835964 0.604139 3.191616
v 2.866732 0.604139 3.202964
v 2.899122 0.604139 3.208092
v 2.931890 0.604139 3.206802
v 2.963777 0.604139 3.199145
v 2.993557 0.604139 3.185413
v 3.020087 0.604139 3.166136
v 3.042345 0.604139 3.142054
v 3.059478 0.604139 3.114091
v 3.070826 0.604139 3.083324
v 3.075954 0.604139 3.050934
v 3.074664 0.604139 3.018166
v 3.067006 0.604139 2.986279
v 3.053275 0.604139 2.956499
v 3.033998 0.604139 2.929970
v 3.009915 0.604139 2.907711
v 2.981953 0.604139 2.890578
v 2.931676 0.622348 2.954015
v 2.914251 0.622348 2.951256
v 2.896622 0.622348 2.951950
v 2.879468 0.622348 2.956070
v 2.863446 0.622348 2.963457
v 2.849174 0.622348 2.973828
v 2.837199 0.622348 2.986784
v 2.827982 0.622348 3.001827
v 2.821877 0.622348 3.018380
v 2.819118 0.622348 3.035805
v 2.819812 0.622348 3.053434
v 2.823932 0.622348 3.070588
v 2.831319 0.622348 3.086610
v 2.841689 0.622348 3.100882
v 2.854645 0.622348 3.112857
v 2.869689 0.622348 3.122074
v 2.886241 0.622348 3.128179
v 2.903666 0.622348 3.130938
v 2.921296 0.622348 3.130244
v 2.938450 0.622348 3.126124
v 2.954472 0.622348 3.118737
v 2.968744 0.622348 3.108366
v 2.980718 0.622348 3.095411
v 2.989936 0.622348 3.080367
v 2.996041 0.622348 3.063815
v 2.998800 0.622348 3.046389
v 2.998106 0.622348 3.028760
v 2.993986 0.622348 3.011606
v 2.986599 0.622348 2.995584
v 2.976228 0.622348 2.981312
v 2.963272 0.622348 2.969337
v 2.948229 0.622348 2.960120
v 2.918198 0.624624 3.005682
v 2.911111 0.624624 3.004560
v 2.903942 0.624624 3.004842
v 2.896965 0.624624 3.006518
v 2.890450 0.624624 3.009522
v 2.884645 0.624624 3.013740
v 2.879775 0.624624 3.019009
v 2.876026 0.624624 3.025126
v 2.873544 0.624624 3.031858
v 2.872422 0.624624 3.038945
v 2.872704 0.624624 3.046114
v 2.874379 0.624624 3.053091
v 2.877384 0.624624 3.059606
v 2.881601 0.624624 3.065411
v 2.886870 0.624624 3.070281
v 2.892988 0.624624 3.074029
v 2.899720 0.624624 3.076512
v 2.906806 0.624624 3.077634
v 2.913976 0.624624 3.077352
v 2.920953 0.624624 3.075677
v 2.927468 0.624624 3.072672
v 2.933273 0.624624 3.068455
v 2.938143 0.624624 3.063186
v 2.941891 0.624624 3.057068
v 2.944374 0.624624 3.050336
v 2.945496 0.624624 3.043249
v 2.945214 0.624624 3.036080
v 2.943538 0.624624 3.029104
v 2.940534 0.624624 3.022588
v 2.936316 0.624624 3.016783
v 2.931047 0.624624 3.011913
v 2.924929 0.624624 3.008165
v 2.961323 0.193116 2.933119
v 2.981382 0.193116 2.945410
v 2.998658 0.193116 2.961377
v 3.012487 0.193116 2.980409
v 3.022338 0.193116 3.001772
v 3.027831 0.193116 3.024647
v 3.028756 0.193116 3.048154
v 3.025078 0.193116 3.071389
v 3.016936 0.193116 3.093461
v 3.004646 0.193116 3.113520
v 2.988678 0.193116 3.130796
v 2.969647 0.193116 3.144625
v 2.948284 0.193116 3.154476
v 2.925409 0.193116 3.159969
v 2.901902 0.193116 3.160894
v 2.878667 0.193116 3.157216
v 2.856595 0.193116 3.149075
v 2.836536 0.193116 3.136784
v 2.819259 0.193116 3.120816
v 2.805431 0.193116 3.101785
v 2.795580 0.193116 3.080422
v 2.790087 0.193116 3.057547
v 2.789162 0.193116 3.034040
v 2.792840 0.193116 3.010804
v 2.800981 0.193116 2.988733
v 2.813272 0.193116 2.968674
v 2.829240 0.193116 2.951398
v 2.848271 0.193116 2.937568
v 2.869634 0.193116 2.927718
v 2.892509 0.193116 2.922225
v 2.916016 0.193116 2.921299
v 2.939251 0.193116 2.924978
v 2.961323 0.000000 2.933119
v 2.981382 0.000000 2.945410
v 2.998658 0.000000 2.961377
v 3.012487 0.000000 2.980409
v 3.022338 0.000000 3.001772
v 3.027831 0.000000 3.024647
v 3.028756 0.000000 3.048154
v 3.025078 0.000000 3.071389
v 3.016936 0.000000 3.093461
v 3.004646 0.000000 3.113520
v 2.988678 0.000000 3.130796
v 2.969647 0.000000 3.144625
v 2.948284 0.000000 3.154476
v 2.925409 0.000000 3.159969
v 2.901902 0.000000 3.160894
v 2.878667 0.000000 3.157216
v 2.856595 0.000000 3.149075
v 2.836536 0.000000 3.136784
v 2.819259 0.000000 3.120816
v 2.805431 0.000000 3.101785
v 2.795580 0.000000 3.080422
v 2.790087 0.000000 3.057547
v 2.789162 0.000000 3.034040
v 2.792840 0.000000 3.010804
v 2.800981 0.000000 2.988733
v 2.813272 0.000000 2.968674
v 2.829240 0.000000 2.951398
v 2.848271 0.000000 2.937568
v 2.869634 0.000000 2.927718
v 2.892509 0.000000 2.922225
v 2.916016 0.000000 2.921299
v 2.939251 0.000000 2.924978
v 4.315190 0.168521 2.407377
v 4.411207 0.168521 2.694607
v 4.449343 0.168521 2.995050
v 4.428132 0.168521 3.297160
v 4.348391 0.168521 3.589328
v 4.213182 0.168521 3.860325
v 4.027703 0.168521 4.099737
v 3.799080 0.168521 4.298362
v 3.210275 0.168521 3.121585
v 2.083152 0.168521 4.346561
v 1.843740 0.168521 4.161081
v 1.645114 0.168521 3.932458
v 3.536100 0.168521 4.448570
v 3.248869 0.168521 4.544587
v 2.948426 0.168521 4.582722
v 2.646314 0.168521 4.561511
v 2.354147 0.168521 4.481769
v 2.821479 0.168521 3.343656
v 4.164983 0.168521 2.144397
v 2.861671 0.168521 1.494133
v 3.163781 0.168521 1.515344
v 3.455949 0.168521 1.595086
v 3.726945 0.168521 1.730294
v 3.966357 0.168521 1.915775
v 2.273997 0.168521 1.628285
v 2.561228 0.168521 1.532268
v 2.988403 0.168521 2.733136
v 1.494906 0.168521 3.669479
v 1.398890 0.168521 3.382247
v 1.360754 0.168521 3.081805
v 1.381964 0.168521 2.779694
v 1.461707 0.168521 2.487527
v 1.596915 0.168521 2.216530
v 1.782395 0.168521 1.977118
v 2.011018 0.168521 1.778492
v 2.599607 0.168521 2.955207
v 1.316794 0.064286 2.390646
v 0.000103 0.064286 2.669383
v 0.439000 0.064286 2.643136
v 0.877897 0.064286 2.558756
v 1.316794 0.064286 2.180449
v 1.316794 0.064286 1.129320
v 1.097346 0.390852 2.237305
v 1.225458 0.000000 2.432121
v 1.097345 0.416904 1.242916
v 1.097345 0.416904 1.912355
v 1.225458 0.064286 2.431344
v 0.851682 0.434667 1.991456
v 0.658448 0.000000 2.609684
v 0.658448 0.390852 2.365707
v 0.658448 0.416904 2.045933
v 0.658448 0.064286 2.609087
v 0.827093 0.564156 1.954299
v 0.219551 0.000000 2.663457
v 0.219551 0.390852 2.422174
v 0.219551 0.416904 2.104141
v 0.219551 0.064286 2.662898
v 1.316794 0.181825 2.378931
v 1.292892 0.292458 2.319637
v 0.000103 0.292458 2.596157
v 0.000103 0.181825 2.661691
v 0.439000 0.292458 2.569277
v 0.439000 0.181825 2.635189
v 0.877897 0.292458 2.482529
v 0.877897 0.181825 2.549858
v 1.292891 0.292458 1.825139
v 1.316794 0.181825 1.825047
v 1.292891 0.292458 1.102757
v 1.316794 0.181825 1.105203
v 1.097346 0.292458 2.409716
v 1.097346 0.181825 2.478540
v 0.658448 0.292458 2.534339
v 0.658448 0.181825 2.600782
v 0.219551 0.292458 2.589520
v 0.219551 0.181825 2.655145
v 1.226972 -0.390852 2.176715
v 0.000103 -0.390852 2.428952
v 3.843319 -0.283476 4.360708
v 4.083256 -0.283476 4.152254
v 4.277914 -0.283476 3.900995
v 0.439000 -0.390852 2.401481
v 0.877897 -0.390852 2.312498
v 1.226972 -0.390852 1.848288
v 1.226972 -0.390852 1.138425
v 4.419812 -0.283476 3.616589
v 4.503500 -0.283476 3.309963
v 0.000102 -0.416904 1.494360
v 0.000102 -0.416904 2.111113
v 0.439000 -0.416904 2.082840
v 0.877897 -0.416904 1.347664
v 0.877897 -0.416904 1.990817
v 4.525761 -0.283476 2.992904
v 4.485738 -0.283476 2.677594
v 4.384970 -0.283476 2.376150
v 4.227329 -0.283476 2.100157
v 4.164983 -0.205156 2.144397
v 4.315190 -0.205156 2.407377
v 4.411207 -0.205156 2.694607
v 4.449343 -0.205156 2.995050
v 4.428132 -0.205156 3.297160
v 4.348391 -0.205156 3.589328
v 4.213182 -0.205156 3.860325
v 4.027703 -0.205156 4.099737
v 3.799080 -0.205156 4.298362
v 3.536100 -0.205156 4.448570
v 3.248869 -0.205156 4.544587
v 2.948426 -0.205156 4.582722
v 2.646314 -0.205156 4.561511
v 2.354147 -0.205156 4.481769
v 2.083152 -0.205156 4.346561
v 1.843740 -0.205156 4.161081
v 1.645114 -0.205156 3.932458
v 1.494906 -0.205156 3.669479
v 1.398890 -0.205156 3.382247
v 1.360754 -0.205156 3.081805
v 1.381964 -0.205156 2.779694
v 1.461707 -0.205156 2.487527
v 1.596915 -0.205156 2.216530
v 1.782395 -0.205156 1.977118
v 2.011018 -0.205156 1.778492
v 2.273997 -0.205156 1.628285
v 2.561228 -0.205156 1.532268
v 2.861671 -0.205156 1.494133
v 3.163781 -0.205156 1.515344
v 3.455949 -0.205156 1.595086
v 3.726945 -0.205156 1.730294
v 3.966357 -0.205156 1.915775
v 3.567327 -0.283476 4.518349
v 3.265882 -0.283476 4.619117
v 2.950572 -0.283476 4.659139
v 2.633512 -0.283476 4.636879
v 2.326887 -0.283476 4.553191
v 2.042481 -0.283476 4.411292
v 1.791222 -0.283476 4.216634
v 1.582767 -0.283476 3.976698
v 1.425128 -0.283476 3.700705
v 1.324359 -0.283476 3.399261
v 1.284337 -0.283476 3.083951
v 1.306596 -0.283476 2.766891
v 1.390285 -0.283476 2.460266
v 1.532183 -0.283476 2.175860
v 1.726842 -0.283476 1.924601
v 1.966778 -0.283476 1.716146
v 2.242771 -0.283476 1.558506
v 2.544214 -0.283476 1.457739
v 2.859525 -0.283476 1.417716
v 3.176584 -0.283476 1.439976
v 3.483210 -0.283476 1.523664
v 3.767616 -0.283476 1.665563
v 4.018875 -0.283476 1.860222
v 3.878608 -0.283476 4.410439
v 4.127568 -0.283476 4.194145
v 4.329546 -0.283476 3.933437
v 4.476783 -0.283476 3.638333
v 4.563617 -0.283476 3.320176
v 4.586715 -0.283476 2.991192
v 4.545187 -0.283476 2.664023
v 4.440629 -0.283476 2.351242
v 4.277060 -0.283476 2.064868
v 3.592235 -0.283476 4.574009
v 3.279453 -0.283476 4.678567
v 2.952284 -0.283476 4.720095
v 2.623299 -0.283476 4.696996
v 2.305143 -0.283476 4.610160
v 2.010040 -0.283476 4.462924
v 1.749332 -0.283476 4.260946
v 1.533037 -0.283476 4.011987
v 1.369468 -0.283476 3.725614
v 1.264910 -0.283476 3.412832
v 1.223382 -0.283476 3.085663
v 1.246479 -0.283476 2.756679
v 1.333315 -0.283476 2.438522
v 1.480551 -0.283476 2.143419
v 1.682530 -0.283476 1.882710
v 1.931489 -0.283476 1.666415
v 2.217863 -0.283476 1.502846
v 2.530643 -0.283476 1.398289
v 2.857813 -0.283476 1.356761
v 3.186797 -0.283476 1.379859
v 3.504954 -0.283476 1.466694
v 3.800057 -0.283476 1.613930
v 4.060765 -0.283476 1.815909
v 2.210581 -0.248748 1.486575
v 2.526676 -0.248748 1.380910
v 4.493437 -0.248748 3.644691
v 4.344641 -0.248748 3.942920
v 2.857312 -0.248748 1.338942
v 4.581192 -0.248748 3.323161
v 1.353197 -0.248748 3.732895
v 1.247530 -0.248748 3.416799
v 3.189783 -0.248748 1.362284
v 4.604534 -0.248748 2.990691
v 1.518499 -0.248748 4.022302
v 3.511311 -0.248748 1.450040
v 4.562567 -0.248748 2.660056
v 1.737085 -0.248748 4.273900
v 3.809541 -0.248748 1.598836
v 4.456901 -0.248748 2.343960
v 2.000556 -0.248748 4.478019
v 4.073011 -0.248748 1.802956
v 4.291598 -0.248748 2.054553
v 2.298786 -0.248748 4.626815
v 1.205563 -0.248748 3.086164
v 2.620314 -0.248748 4.714571
v 1.228904 -0.248748 2.753694
v 2.952785 -0.248748 4.737914
v 1.316661 -0.248748 2.432165
v 3.283420 -0.248748 4.695946
v 1.465456 -0.248748 2.133935
v 3.599516 -0.248748 4.590281
v 1.669576 -0.248748 1.870464
v 3.888924 -0.248748 4.424977
v 1.921174 -0.248748 1.651877
v 4.140522 -0.248748 4.206390
v 1.498820 -0.283476 2.154897
v 1.698209 -0.283476 1.897532
v 2.312836 -0.283476 4.590003
v 2.021519 -0.283476 4.444656
v 1.943976 -0.283476 1.684012
v 2.626912 -0.283476 4.675725
v 2.226676 -0.283476 1.522541
v 3.583421 -0.283476 4.554315
v 3.274651 -0.283476 4.657532
v 2.535445 -0.283476 1.419324
v 4.420935 -0.283476 2.360055
v 4.524152 -0.283476 2.668825
v 1.764154 -0.283476 4.245267
v 1.550633 -0.283476 3.999500
v 3.866122 -0.283476 4.392843
v 2.858419 -0.283476 1.378329
v 4.259463 -0.283476 2.077354
v 4.111888 -0.283476 4.179322
v 3.183184 -0.283476 1.401130
v 4.311277 -0.283476 3.921958
v 3.497260 -0.283476 1.486852
v 4.456625 -0.283476 3.630640
v 3.788578 -0.283476 1.632200
v 4.542346 -0.283476 3.316563
v 4.045943 -0.283476 1.831588
v 2.951678 -0.283476 4.698526
v 4.565147 -0.283476 2.991797
v 1.285945 -0.283476 3.408030
v 1.244950 -0.283476 3.085057
v 1.389162 -0.283476 3.716800
v 1.267751 -0.283476 2.760292
v 1.353473 -0.283476 2.446216
v 4.164983 -0.131886 2.144397
v 4.315190 -0.131886 2.407377
v 2.861671 -0.131886 1.494133
v 3.163781 -0.131886 1.515344
v 2.083152 -0.131886 4.346561
v 1.843740 -0.131886 4.161081
v 4.411207 -0.131886 2.694607
v 3.455949 -0.131886 1.595086
v 1.645114 -0.131886 3.932458
v 4.449343 -0.131886 2.995050
v 3.726945 -0.131886 1.730294
v 1.494906 -0.131886 3.669479
v 4.428132 -0.131886 3.297160
v 3.966357 -0.131886 1.915775
v 1.398890 -0.131886 3.382247
v 4.348391 -0.131886 3.589328
v 1.360754 -0.131886 3.081805
v 4.213182 -0.131886 3.860325
v 1.381964 -0.131886 2.779694
v 4.027703 -0.131886 4.099737
v 1.461707 -0.131886 2.487527
v 3.799080 -0.131886 4.298362
v 1.596915 -0.131886 2.216530
v 3.536100 -0.131886 4.448570
v 1.782395 -0.131886 1.977118
v 3.248869 -0.131886 4.544587
v 2.011018 -0.131886 1.778492
v 2.948426 -0.131886 4.582722
v 2.273997 -0.131886 1.628285
v 2.646314 -0.131886 4.561511
v 2.561228 -0.131886 1.532268
v 2.354147 -0.131886 4.481769
v 3.111543 -0.205156 3.094685
v 3.111543 -0.131886 3.094685
v 2.848467 -0.131886 3.244948
v 2.848467 -0.205156 3.244948
v 2.698339 -0.131886 2.982106
v 2.698339 -0.205156 2.982106
v 2.961415 -0.205156 2.831844
v 2.961415 -0.131886 2.831844
v 3.022106 -0.193116 2.807781
v 3.065450 -0.193116 2.834337
v 3.102780 -0.193116 2.868840
v 3.132661 -0.193116 2.909963
v 3.153946 -0.193116 2.956125
v 3.165816 -0.193116 3.005552
v 3.167815 -0.193116 3.056345
v 3.159866 -0.193116 3.106552
v 3.142276 -0.193116 3.154244
v 3.115718 -0.193116 3.197588
v 3.081216 -0.193116 3.234918
v 3.040093 -0.193116 3.264799
v 2.993932 -0.193116 3.286084
v 2.944504 -0.193116 3.297954
v 2.893711 -0.193116 3.299953
v 2.843503 -0.193116 3.292004
v 2.795812 -0.193116 3.274414
v 2.752468 -0.193116 3.247856
v 2.715138 -0.193116 3.213354
v 2.685257 -0.193116 3.172231
v 2.663972 -0.193116 3.126070
v 2.652102 -0.193116 3.076642
v 2.650103 -0.193116 3.025849
v 2.658052 -0.193116 2.975641
v 2.675642 -0.193116 2.927950
v 2.702200 -0.193116 2.884606
v 2.736702 -0.193116 2.847276
v 2.777825 -0.193116 2.817395
v 2.823987 -0.193116 2.796110
v 2.873414 -0.193116 2.784240
v 2.924207 -0.193116 2.782241
v 2.974414 -0.193116 2.790190
v 3.022106 -0.269577 2.807781
v 3.065450 -0.269577 2.834337
v 3.102780 -0.269577 2.868840
v 3.132661 -0.269577 2.909963
v 3.153946 -0.269577 2.956125
v 3.165816 -0.269577 3.005552
v 3.167815 -0.269577 3.056345
v 3.159866 -0.269577 3.106552
v 3.142276 -0.269577 3.154244
v 3.115718 -0.269577 3.197588
v 3.081216 -0.269577 3.234918
v 3.040093 -0.269577 3.264799
v 2.993932 -0.269577 3.286084
v 2.944504 -0.269577 3.297954
v 2.893711 -0.269577 3.299953
v 2.843503 -0.269577 3.292004
v 2.795812 -0.269577 3.274414
v 2.752468 -0.269577 3.247856
v 2.715138 -0.269577 3.213354
v 2.685257 -0.269577 3.172231
v 2.663972 -0.269577 3.126070
v 2.652102 -0.269577 3.076642
v 2.650103 -0.269577 3.025849
v 2.658052 -0.269577 2.975641
v 2.675642 -0.269577 2.927950
v 2.702200 -0.269577 2.884606
v 2.736702 -0.269577 2.847276
v 2.777825 -0.269577 2.817395
v 2.823987 -0.269577 2.796110
v 2.873414 -0.269577 2.784240
v 2.924207 -0.269577 2.782241
v 2.974414 -0.269577 2.790190
v 3.007970 -0.532045 2.836931
v 3.045898 -0.532045 2.860170
v 3.078563 -0.532045 2.890362
v 3.104712 -0.532045 2.926347
v 3.123337 -0.532045 2.966741
v 3.133724 -0.532045 3.009993
v 3.135473 -0.532045 3.054440
v 3.128518 -0.532045 3.098374
v 3.113124 -0.532045 3.140108
v 3.089885 -0.532045 3.178036
v 3.059694 -0.532045 3.210701
v 3.023709 -0.532045 3.236850
v 2.983315 -0.532045 3.255475
v 2.940063 -0.532045 3.265862
v 2.895616 -0.532045 3.267611
v 2.851681 -0.532045 3.260656
v 2.809948 -0.532045 3.245263
v 2.772020 -0.532045 3.222024
v 2.739354 -0.532045 3.191832
v 2.713206 -0.532045 3.155847
v 2.694581 -0.532045 3.115453
v 2.684194 -0.532045 3.072201
v 2.682445 -0.532045 3.027754
v 2.689400 -0.532045 2.983820
v 2.704793 -0.532045 2.942086
v 2.728033 -0.532045 2.904158
v 2.758224 -0.532045 2.871492
v 2.794209 -0.532045 2.845344
v 2.834603 -0.532045 2.826719
v 2.877855 -0.532045 2.816332
v 2.922302 -0.532045 2.814583
v 2.966236 -0.532045 2.821538
v 2.961542 -0.578533 2.839534
v 2.921208 -0.578533 2.833148
v 2.880404 -0.578533 2.834754
v 2.840698 -0.578533 2.844290
v 2.803614 -0.578533 2.861389
v 2.770579 -0.578533 2.885393
v 2.742862 -0.578533 2.915382
v 2.721527 -0.578533 2.950202
v 2.707396 -0.578533 2.988514
v 2.701010 -0.578533 3.028848
v 2.702616 -0.578533 3.069652
v 2.712152 -0.578533 3.109359
v 2.729251 -0.578533 3.146442
v 2.753255 -0.578533 3.179477
v 2.783244 -0.578533 3.207195
v 2.818063 -0.578533 3.228529
v 2.856376 -0.578533 3.242661
v 2.896709 -0.578533 3.249046
v 2.937514 -0.578533 3.247440
v 2.977221 -0.578533 3.237904
v 3.014304 -0.578533 3.220806
v 3.047339 -0.578533 3.196800
v 3.075057 -0.578533 3.166812
v 3.096391 -0.578533 3.131993
v 3.110522 -0.578533 3.093680
v 3.116908 -0.578533 3.053346
v 3.115302 -0.578533 3.012542
v 3.105766 -0.578533 2.972836
v 3.088667 -0.578533 2.935752
v 3.064662 -0.578533 2.902717
v 3.034674 -0.578533 2.874999
v 2.999855 -0.578533 2.853665
v 2.951186 -0.604139 2.879230
v 2.918796 -0.604139 2.874102
v 2.886028 -0.604139 2.875392
v 2.854141 -0.604139 2.883049
v 2.824361 -0.604139 2.896780
v 2.797832 -0.604139 2.916058
v 2.775573 -0.604139 2.940141
v 2.758440 -0.604139 2.968103
v 2.747092 -0.604139 2.998870
v 2.741964 -0.604139 3.031260
v 2.743254 -0.604139 3.064028
v 2.750911 -0.604139 3.095915
v 2.764642 -0.604139 3.125695
v 2.783920 -0.604139 3.152225
v 2.808002 -0.604139 3.174483
v 2.835964 -0.604139 3.191616
v 2.866732 -0.604139 3.202964
v 2.899122 -0.604139 3.208092
v 2.931890 -0.604139 3.206802
v 2.963777 -0.604139 3.199145
v 2.993557 -0.604139 3.185413
v 3.020087 -0.604139 3.166136
v 3.042345 -0.604139 3.142054
v 3.059478 -0.604139 3.114091
v 3.070826 -0.604139 3.083324
v 3.075954 -0.604139 3.050934
v 3.074664 -0.604139 3.018166
v 3.067006 -0.604139 2.986279
v 3.053275 -0.604139 2.956499
v 3.033998 -0.604139 2.929970
v 3.009915 -0.604139 2.907711
v 2.981953 -0.604139 2.890578
v 2.931676 -0.622348 2.954015
v 2.914251 -0.622348 2.951256
v 2.896622 -0.622348 2.951950
v 2.879468 -0.622348 2.956070
v 2.863446 -0.622348 2.963457
v 2.849174 -0.622348 2.973828
v 2.837199 -0.622348 2.986784
v 2.827982 -0.622348 3.001827
v 2.821877 -0.622348 3.018380
v 2.819118 -0.622348 3.035805
v 2.819812 -0.622348 3.053434
v 2.823932 -0.622348 3.070588
v 2.831319 -0.622348 3.086610
v 2.841689 -0.622348 3.100882
v 2.854645 -0.622348 3.112857
v 2.869689 -0.622348 3.122074
v 2.886241 -0.622348 3.128179
v 2.903666 -0.622348 3.130938
v 2.921296 -0.622348 3.130244
v 2.938450 -0.622348 3.126124
v 2.954472 -0.622348 3.118737
v 2.968744 -0.622348 3.108366
v 2.980718 -0.622348 3.095411
v 2.989936 -0.622348 3.080367
v 2.996041 -0.622348 3.063815
v 2.998800 -0.622348 3.046389
v 2.998106 -0.622348 3.028760
v 2.993986 -0.622348 3.011606
v 2.986599 -0.622348 2.995584
v 2.976228 -0.622348 2.981312
v 2.963272 -0.622348 2.969337
v 2.948229 -0.622348 2.960120
v 2.918198 -0.624624 3.005682
v 2.911111 -0.624624 3.004560
v 2.903942 -0.624624 3.004842
v 2.896965 -0.624624 3.006518
v 2.890450 -0.624624 3.009522
v 2.884645 -0.624624 3.013740
v 2.879775 -0.624624 3.019009
v 2.876026 -0.624624 3.025126
v 2.873544 -0.624624 3.031858
v 2.872422 -0.624624 3.038945
v 2.872704 -0.624624 3.046114
v 2.874379 -0.624624 3.053091
v 2.877384 -0.624624 3.059606
v 2.881601 -0.624624 3.065411
v 2.886870 -0.624624 3.070281
v 2.892988 -0.624624 3.074029
v 2.899720 -0.624624 3.076512
v 2.906806 -0.624624 3.077634
v 2.913976 -0.624624 3.077352
v 2.920953 -0.624624 3.075677
v 2.927468 -0.624624 3.072672
v 2.933273 -0.624624 3.068455
v 2.938143 -0.624624 3.063186
v 2.941891 -0.624624 3.057068
v 2.944374 -0.624624 3.050336
v 2.945496 -0.624624 3.043249
v 2.945214 -0.624624 3.036080
v 2.943538 -0.624624 3.029104
v 2.940534 -0.624624 3.022588
v 2.936316 -0.624624 3.016783
v 2.931047 -0.624624 3.011913
v 2.924929 -0.624624 3.008165
v 2.961323 -0.193116 2.933119
v 2.981382 -0.193116 2.945410
v 2.998658 -0.193116 2.961377
v 3.012487 -0.193116 2.980409
v 3.022338 -0.193116 3.001772
v 3.027831 -0.193116 3.024647
v 3.028756 -0.193116 3.048154
v 3.025078 -0.193116 3.071389
v 3.016936 -0.193116 3.093461
v 3.004646 -0.193116 3.113520
v 2.988678 -0.193116 3.130796
v 2.969647 -0.193116 3.144625
v 2.948284 -0.193116 3.154476
v 2.925409 -0.193116 3.159969
v 2.901902 -0.193116 3.160894
v 2.878667 -0.193116 3.157216
v 2.856595 -0.193116 3.149075
v 2.836536 -0.193116 3.136784
v 2.819259 -0.193116 3.120816
v 2.805431 -0.193116 3.101785
v 2.795580 -0.193116 3.080422
v 2.790087 -0.193116 3.057547
v 2.789162 -0.193116 3.034040
v 2.792840 -0.193116 3.010804
v 2.800981 -0.193116 2.988733
v 2.813272 -0.193116 2.968674
v 2.829240 -0.193116 2.951398
v 2.848271 -0.193116 2.937568
v 2.869634 -0.193116 2.927718
v 2.892509 -0.193116 2.922225
v 2.916016 -0.193116 2.921299
v 2.939251 -0.193116 2.924978
v 4.315190 -0.168521 2.407377
v 4.411207 -0.168521 2.694607
v 4.449343 -0.168521 2.995050
v 4.428132 -0.168521 3.297160
v 4.348391 -0.168521 3.589328
v 4.213182 -0.168521 3.860325
v 4.027703 -0.168521 4.099737
v 3.799080 -0.168521 4.298362
v 3.210275 -0.168521 3.121585
v 2.083152 -0.168521 4.346561
v 1.843740 -0.168521 4.161081
v 1.645114 -0.168521 3.932458
v 3.536100 -0.168521 4.448570
v 3.248869 -0.168521 4.544587
v 2.948426 -0.168521 4.582722
v 2.646314 -0.168521 4.561511
v 2.354147 -0.168521 4.481769
v 2.821479 -0.168521 3.343656
v 4.164983 -0.168521 2.144397
v 2.861671 -0.168521 1.494133
v 3.163781 -0.168521 1.515344
v 3.455949 -0.168521 1.595086
v 3.726945 -0.168521 1.730294
v 3.966357 -0.168521 1.915775
v 2.273997 -0.168521 1.628285
v 2.561228 -0.168521 1.532268
v 2.988403 -0.168521 2.733136
v 1.494906 -0.168521 3.669479
v 1.398890 -0.168521 3.382247
v 1.360754 -0.168521 3.081805
v 1.381964 -0.168521 2.779694
v 1.461707 -0.168521 2.487527
v 1.596915 -0.168521 2.216530
v 1.782395 -0.168521 1.977118
v 2.011018 -0.168521 1.778492
v 2.599607 -0.168521 2.955207
v 1.316794 -0.064286 2.390646
v 0.000103 -0.064286 2.669383
v 0.439000 -0.064286 2.643136
v 0.877897 -0.064286 2.558756
v 1.316794 -0.064286 2.180449
v 1.316794 -0.064286 1.129320
v 1.097346 -0.390852 2.237305
v 1.097345 -0.416904 1.242916
v 1.097345 -0.416904 1.912355
v 1.225458 -0.064286 2.431344
v 0.658448 -0.390852 2.365707
v 0.658448 -0.416904 1.416366
v 0.658448 -0.416904 2.045933
v 0.658448 -0.064286 2.609087
v 0.219551 -0.390852 2.422174
v 0.219551 -0.416904 1.486151
v 0.219551 -0.416904 2.104141
v 0.219551 -0.064286 2.662898
v 1.316794 -0.181825 2.378931
v 1.292892 -0.292458 2.319637
v 0.000103 -0.292458 2.596157
v 0.000103 -0.181825 2.661691
v 0.439000 -0.292458 2.569277
v 0.439000 -0.181825 2.635189
v 0.877897 -0.292458 2.482529
v 0.877897 -0.181825 2.549858
v 1.292891 -0.292458 1.825139
v 1.316794 -0.181825 2.168238
v 1.292891 -0.292458 1.102757
v 1.316794 -0.181825 1.105203
v 1.097346 -0.292458 2.409716
v 1.225458 -0.181825 2.420389
v 0.658448 -0.292458 2.534339
v 0.658448 -0.181825 2.600782
v 0.219551 -0.292458 2.589520
v 0.219551 -0.181825 2.655145
v 1.316794 0.000000 1.484923
v 1.226972 0.390852 1.493356
v 0.679479 0.434667 2.034707
v 0.877897 0.416904 1.669240
v 1.316794 0.064286 1.483693
v 1.097345 0.416904 1.577635
v 1.316794 0.181825 1.465125
v 1.292891 0.292458 1.463948
v 1.226972 -0.390852 1.493356
v 0.000102 -0.416904 1.802736
v 0.439000 -0.416904 1.771862
v 0.877897 -0.416904 1.669240
v 1.316794 -0.064286 1.483693
v 1.097345 -0.416904 1.577635
v 0.658448 -0.416904 1.731150
v 0.219551 -0.416904 1.795146
v 1.316794 -0.181825 1.465125
v 1.292891 -0.292458 1.463948
v 1.208631 -1.312964 2.041015
v 1.208632 -1.312964 2.362591
v 1.428080 -1.312964 2.284130
v 1.428080 -1.312964 1.949410
v 1.250094 -0.830745 2.084058
v 1.406545 -1.254618 2.259922
v 1.422584 -1.298074 2.277952
v 1.203136 -1.298074 2.356413
v 1.187096 -1.254618 2.338383
v 1.030645 -0.830745 2.162519
v 1.030645 -0.830745 1.840943
v 1.187096 -1.254618 2.016807
v 1.203135 -1.298074 2.034837
v 1.422584 -1.298074 1.943232
v 1.406545 -1.254618 1.925202
v 1.250094 -0.830745 1.749338
v 1.193293 -1.314031 2.024500
v 1.193294 -1.314031 2.392184
v 1.444206 -1.314031 2.302473
v 1.444206 -1.314031 1.919761
v 1.437922 -1.297006 2.295409
v 1.187009 -1.297006 2.017437
v 1.187010 -1.297006 2.385120
v 1.437922 -1.297006 1.912698
v 1.427081 0.000000 2.288489
v 1.427081 0.064286 2.287627
v 1.427081 0.064286 2.497824
v 1.335745 0.064286 2.538522
v 1.335745 0.000000 2.539299
v 1.427081 -0.064286 2.287627
v 1.427081 -0.064286 2.497824
v 1.335745 -0.064286 2.538522
v 2.104141 0.064286 1.611603
v 2.104141 0.000000 1.613149
v 1.841603 0.064286 1.818483
v 2.104141 -0.064286 1.611603
v 1.841603 -0.064286 1.818483
v 1.841603 0.000000 1.819713
v 0.851682 0.434667 1.960601
v 0.000102 -0.256354 1.372112
v 0.827093 0.564156 1.923443
v 0.000102 0.581919 1.479838
v 0.000102 0.581919 1.767822
v 0.000102 0.581919 2.055806
v 0.436688 0.581919 1.448577
v 0.436689 0.581919 1.738990
v 0.436689 0.581919 2.029402
v 0.846561 0.581919 1.342844
v 0.846561 0.581919 1.643154
v 0.846561 0.581919 1.943465
v 0.641625 0.581919 1.407003
v 0.641625 0.581919 1.994936
v 0.231752 0.581919 1.472172
v 0.231752 0.581919 2.049295
v 0.641625 0.581919 1.700969
v 0.231752 0.581919 1.760734
v 0.436688 -0.196750 1.448577
v 0.641625 -0.196750 1.407003
v 0.290105 -0.196750 1.465454
v 0.436689 -0.196750 1.738990
v 0.641625 -0.196750 1.700969
v 0.347941 -0.196750 1.748406
v 0.000102 -0.046817 1.365675
v 0.394210 -0.046817 1.340894
v 0.231752 -0.046817 1.359598
v 0.776324 0.581919 1.364833
v 0.776324 0.581919 1.662969
v 1.208632 -1.312964 2.333564
v 1.428080 -1.312964 2.253916
v 1.422584 -1.298074 2.247738
v 1.203136 -1.298074 2.327386
v 1.193294 -1.314031 2.358994
v 1.444206 -1.314031 2.267927
v 1.437922 -1.297006 2.260863
v 1.187010 -1.297006 2.351930
v 0.000102 0.581919 1.966535
v 0.436689 0.581919 1.939379
v 0.641625 0.581919 1.903811
v 0.231752 0.581919 1.959846
v 0.776324 0.581919 1.869604
v 0.000102 0.581919 2.012335
v 0.000102 0.581919 2.047141
v 0.436689 0.581919 1.985565
v 0.436689 0.581919 2.020664
v 0.641625 0.581919 1.950562
v 0.641625 0.581919 1.986091
v 0.231752 0.581919 2.005737
v 0.231752 0.581919 2.040613
v 0.837446 0.581919 1.345698
v 0.809433 0.581919 1.354468
v 0.837446 0.581919 1.645726
v 0.809433 0.581919 1.653629
v 0.809433 0.581919 1.908068
v 0.837446 0.581919 1.936744
v 0.000102 0.566177 2.025910
v 0.000102 0.566177 2.034575
v 0.436530 0.566177 1.999360
v 0.436530 0.566177 2.008098
v 0.641467 0.566177 1.964680
v 0.641467 0.566177 1.973525
v 0.231594 0.566177 2.019364
v 0.231594 0.566177 2.028047
v 0.837288 0.566177 1.333132
v 0.828172 0.566177 1.335985
v 0.837288 0.566177 1.633160
v 0.828173 0.566177 1.635731
v 0.828173 0.566177 1.917456
v 0.837288 0.566177 1.924178
v -1.226767 0.390852 2.176716
v -3.843112 0.283476 4.360711
v -0.666073 0.564156 1.994689
v -4.083049 0.283476 4.152257
v -4.277707 0.283476 3.900998
v -0.666073 0.564156 1.963834
v -0.877692 0.000000 2.559395
v -0.438795 0.000000 2.643708
v -0.438795 0.390852 2.401481
v -0.877692 0.390852 2.312498
v -1.316590 0.000000 1.130867
v -1.316589 0.000000 2.181311
v -1.226767 0.390852 1.848289
v -1.226767 0.390852 1.138425
v -4.419606 0.283476 3.616592
v -4.503294 0.283476 3.309966
v -0.679274 0.434667 2.003852
v -0.438795 0.416904 2.082840
v -0.877692 0.416904 1.347665
v -0.877692 0.416904 1.990817
v -4.525555 0.283476 2.992907
v -4.485532 0.283476 2.677597
v -4.384764 0.283476 2.376153
v -4.227124 0.283476 2.100160
v -4.164778 0.000000 2.144399
v -4.314984 0.000000 2.407379
v -4.411001 0.000000 2.694610
v -4.449137 0.000000 2.995053
v -4.427926 0.000000 3.297163
v -4.348185 0.000000 3.589331
v -4.212976 0.000000 3.860328
v -4.027496 0.000000 4.099740
v -3.798873 0.000000 4.298365
v -3.535893 0.000000 4.448572
v -3.248662 0.000000 4.544589
v -2.948219 0.000000 4.582724
v -2.646107 0.000000 4.561513
v -2.353940 0.000000 4.481771
v -2.082945 0.000000 4.346562
v -1.843533 0.000000 4.161082
v -1.644908 0.000000 3.932459
v -1.494700 0.000000 3.669480
v -1.398684 0.000000 3.382248
v -1.360548 0.000000 3.081806
v -1.381759 0.000000 2.779695
v -1.461502 0.000000 2.487528
v -1.596710 0.000000 2.216531
v -1.782190 0.000000 1.977119
v -2.010813 0.000000 1.778493
v -2.273792 0.000000 1.628286
v -2.561023 0.000000 1.532270
v -2.861466 0.000000 1.494135
v -3.163576 0.000000 1.515346
v -3.455744 0.000000 1.595088
v -3.726740 0.000000 1.730297
v -3.966152 0.000000 1.915777
v -4.164778 0.205156 2.144399
v -4.314984 0.205156 2.407379
v -4.411001 0.205156 2.694610
v -4.449137 0.205156 2.995053
v -4.427926 0.205156 3.297163
v -4.348185 0.205156 3.589331
v -4.212976 0.205156 3.860328
v -4.027496 0.205156 4.099740
v -3.798873 0.205156 4.298365
v -3.535893 0.205156 4.448572
v -3.248662 0.205156 4.544589
v -2.948219 0.205156 4.582724
v -2.646107 0.205156 4.561513
v -2.353940 0.205156 4.481771
v -2.082945 0.205156 4.346562
v -1.843533 0.205156 4.161082
v -1.644908 0.205156 3.932459
v -1.494700 0.205156 3.669480
v -1.398684 0.205156 3.382248
v -1.360548 0.205156 3.081806
v -1.381759 0.205156 2.779695
v -1.461502 0.205156 2.487528
v -1.596710 0.205156 2.216531
v -1.782190 0.205156 1.977119
v -2.010813 0.205156 1.778493
v -2.273792 0.205156 1.628286
v -2.561023 0.205156 1.532270
v -2.861466 0.205156 1.494135
v -3.163576 0.205156 1.515346
v -3.455744 0.205156 1.595088
v -3.726740 0.205156 1.730297
v -3.966152 0.205156 1.915777
v -3.567120 0.283476 4.518351
v -3.265675 0.283476 4.619119
v -2.950365 0.283476 4.659141
v -2.633305 0.283476 4.636881
v -2.326680 0.283476 4.553193
v -2.042274 0.283476 4.411293
v -1.791016 0.283476 4.216635
v -1.582561 0.283476 3.976699
v -1.424922 0.283476 3.700706
v -1.324154 0.283476 3.399262
v -1.284131 0.283476 3.083952
v -1.306391 0.283476 2.766892
v -1.390080 0.283476 2.460267
v -1.531978 0.283476 2.175861
v -1.726637 0.283476 1.924602
v -1.966573 0.283476 1.716147
v -2.242566 0.283476 1.558507
v -2.544009 0.283476 1.457740
v -2.859320 0.283476 1.417718
v -3.176379 0.283476 1.439978
v -3.483005 0.283476 1.523666
v -3.767411 0.283476 1.665565
v -4.018670 0.283476 1.860224
v -3.878401 0.283476 4.410442
v -4.127361 0.283476 4.194148
v -4.329340 0.283476 3.933440
v -4.476577 0.283476 3.638336
v -4.563411 0.283476 3.320179
v -4.586509 0.283476 2.991194
v -4.544981 0.283476 2.664026
v -4.440424 0.283476 2.351245
v -4.276855 0.283476 2.064871
v -3.592028 0.283476 4.574011
v -3.279246 0.283476 4.678569
v -2.952077 0.283476 4.720097
v -2.623092 0.283476 4.696998
v -2.304936 0.283476 4.610162
v -2.009833 0.283476 4.462925
v -1.749125 0.283476 4.260947
v -1.532830 0.283476 4.011988
v -1.369262 0.283476 3.725615
v -1.264704 0.283476 3.412833
v -1.223177 0.283476 3.085664
v -1.246274 0.283476 2.756680
v -1.333110 0.283476 2.438523
v -1.480346 0.283476 2.143420
v -1.682325 0.283476 1.882711
v -1.931285 0.283476 1.666417
v -2.217658 0.283476 1.502848
v -2.530438 0.283476 1.398291
v -2.857608 0.283476 1.356763
v -3.186592 0.283476 1.379861
v -3.504749 0.283476 1.466696
v -3.799852 0.283476 1.613932
v -4.060560 0.283476 1.815912
v -3.888717 0.000000 4.424980
v -4.140315 0.000000 4.206393
v -4.344434 0.000000 3.942923
v -4.493231 0.000000 3.644693
v -4.580986 0.000000 3.323164
v -4.604328 0.000000 2.990694
v -4.562361 0.000000 2.660059
v -4.456696 0.000000 2.343963
v -4.291393 0.000000 2.054555
v -3.599309 0.000000 4.590282
v -3.283213 0.000000 4.695948
v -2.952578 0.000000 4.737916
v -2.620107 0.000000 4.714573
v -2.298579 0.000000 4.626817
v -2.000349 0.000000 4.478020
v -1.736879 0.000000 4.273901
v -1.518292 0.000000 4.022303
v -1.352991 0.000000 3.732896
v -1.247325 0.000000 3.416800
v -1.205357 0.000000 3.086164
v -1.228699 0.000000 2.753695
v -1.316456 0.000000 2.432166
v -1.465251 0.000000 2.133936
v -1.669371 0.000000 1.870465
v -1.920969 0.000000 1.651879
v -2.210376 0.000000 1.486577
v -2.526471 0.000000 1.380911
v -2.857107 0.000000 1.338944
v -3.189578 0.000000 1.362287
v -3.511106 0.000000 1.450042
v -3.809335 0.000000 1.598838
v -4.072806 0.000000 1.802958
v -2.210376 0.248748 1.486577
v -2.526471 0.248748 1.380911
v -4.493231 0.248748 3.644693
v -4.344434 0.248748 3.942923
v -2.857107 0.248748 1.338944
v -4.580986 0.248748 3.323164
v -1.352991 0.248748 3.732896
v -1.247325 0.248748 3.416800
v -3.189578 0.248748 1.362287
v -4.604328 0.248748 2.990694
v -1.518292 0.248748 4.022303
v -3.511106 0.248748 1.450042
v -4.562361 0.248748 2.660059
v -1.736879 0.248748 4.273901
v -3.809335 0.248748 1.598838
v -4.456696 0.248748 2.343963
v -2.000349 0.248748 4.478020
v -4.072806 0.248748 1.802958
v -4.291393 0.248748 2.054555
v -2.298579 0.248748 4.626817
v -1.205357 0.248748 3.086164
v -2.620107 0.248748 4.714573
v -1.228699 0.248748 2.753695
v -2.952578 0.248748 4.737916
v -1.316456 0.248748 2.432166
v -3.283213 0.248748 4.695948
v -1.465251 0.248748 2.133936
v -3.599309 0.248748 4.590282
v -1.669371 0.248748 1.870465
v -3.888717 0.248748 4.424980
v -1.920969 0.248748 1.651879
v -4.140315 0.248748 4.206393
v -1.498615 0.283476 2.154898
v -1.698004 0.283476 1.897533
v -2.312629 0.283476 4.590005
v -2.021312 0.283476 4.444657
v -1.943771 0.283476 1.684013
v -2.626705 0.283476 4.675727
v -2.226471 0.283476 1.522542
v -3.583214 0.283476 4.554317
v -3.274444 0.283476 4.657534
v -2.535240 0.283476 1.419326
v -4.420729 0.283476 2.360058
v -4.523946 0.283476 2.668828
v -1.763948 0.283476 4.245268
v -1.550427 0.283476 3.999501
v -3.865915 0.283476 4.392846
v -2.858214 0.283476 1.378331
v -4.259258 0.283476 2.077357
v -4.111681 0.283476 4.179325
v -3.182979 0.283476 1.401133
v -4.311070 0.283476 3.921961
v -3.497055 0.283476 1.486854
v -4.456419 0.283476 3.630643
v -3.788373 0.283476 1.632202
v -4.542140 0.283476 3.316566
v -4.045738 0.283476 1.831591
v -2.951471 0.283476 4.698528
v -4.564941 0.283476 2.991800
v -1.285739 0.283476 3.408031
v -1.244744 0.283476 3.085058
v -1.388956 0.283476 3.716801
v -1.267545 0.283476 2.760293
v -1.353268 0.283476 2.446217
v -4.164778 0.131886 2.144399
v -4.314984 0.131886 2.407379
v -2.861466 0.131886 1.494135
v -3.163576 0.131886 1.515346
v -2.082945 0.131886 4.346562
v -1.843533 0.131886 4.161082
v -4.411001 0.131886 2.694610
v -3.455744 0.131886 1.595088
v -1.644908 0.131886 3.932459
v -4.449137 0.131886 2.995053
v -3.726740 0.131886 1.730297
v -1.494700 0.131886 3.669480
v -4.427926 0.131886 3.297163
v -3.966152 0.131886 1.915777
v -1.398684 0.131886 3.382248
v -4.348185 0.131886 3.589331
v -1.360548 0.131886 3.081806
v -4.212976 0.131886 3.860328
v -1.381759 0.131886 2.779695
v -4.027496 0.131886 4.099740
v -1.461502 0.131886 2.487528
v -3.798873 0.131886 4.298365
v -1.596710 0.131886 2.216531
v -3.535893 0.131886 4.448572
v -1.782190 0.131886 1.977119
v -3.248662 0.131886 4.544589
v -2.010813 0.131886 1.778493
v -2.948219 0.131886 4.582724
v -2.273792 0.131886 1.628286
v -2.646107 0.131886 4.561513
v -2.561023 0.131886 1.532270
v -2.353940 0.131886 4.481771
v -3.111337 0.205156 3.094687
v -3.111337 0.131886 3.094687
v -2.848261 0.131886 3.244950
v -2.848261 0.205156 3.244950
v -2.698133 0.131886 2.982108
v -2.698133 0.205156 2.982108
v -2.961209 0.205156 2.831846
v -2.961209 0.131886 2.831846
v -3.021900 0.193116 2.807783
v -3.065244 0.193116 2.834339
v -3.102574 0.193116 2.868842
v -3.132455 0.193116 2.909965
v -3.153740 0.193116 2.956127
v -3.165610 0.193116 3.005554
v -3.167609 0.193116 3.056347
v -3.159660 0.193116 3.106554
v -3.142070 0.193116 3.154246
v -3.115512 0.193116 3.197590
v -3.081010 0.193116 3.234920
v -3.039887 0.193116 3.264801
v -2.993726 0.193116 3.286086
v -2.944298 0.193116 3.297956
v -2.893505 0.193116 3.299955
v -2.843297 0.193116 3.292006
v -2.795606 0.193116 3.274416
v -2.752262 0.193116 3.247858
v -2.714932 0.193116 3.213356
v -2.685051 0.193116 3.172233
v -2.663766 0.193116 3.126072
v -2.651896 0.193116 3.076644
v -2.649897 0.193116 3.025851
v -2.657846 0.193116 2.975643
v -2.675436 0.193116 2.927952
v -2.701994 0.193116 2.884608
v -2.736496 0.193116 2.847278
v -2.777619 0.193116 2.817397
v -2.823781 0.193116 2.796112
v -2.873208 0.193116 2.784242
v -2.924001 0.193116 2.782243
v -2.974208 0.193116 2.790191
v -3.021900 0.269577 2.807783
v -3.065244 0.269577 2.834339
v -3.102574 0.269577 2.868842
v -3.132455 0.269577 2.909965
v -3.153740 0.269577 2.956127
v -3.165610 0.269577 3.005554
v -3.167609 0.269577 3.056347
v -3.159660 0.269577 3.106554
v -3.142070 0.269577 3.154246
v -3.115512 0.269577 3.197590
v -3.081010 0.269577 3.234920
v -3.039887 0.269577 3.264801
v -2.993726 0.269577 3.286086
v -2.944298 0.269577 3.297956
v -2.893505 0.269577 3.299955
v -2.843297 0.269577 3.292006
v -2.795606 0.269577 3.274416
v -2.752262 0.269577 3.247858
v -2.714932 0.269577 3.213356
v -2.685051 0.269577 3.172233
v -2.663766 0.269577 3.126072
v -2.651896 0.269577 3.076644
v -2.649897 0.269577 3.025851
v -2.657846 0.269577 2.975643
v -2.675436 0.269577 2.927952
v -2.701994 0.269577 2.884608
v -2.736496 0.269577 2.847278
v -2.777619 0.269577 2.817397
v -2.823781 0.269577 2.796112
v -2.873208 0.269577 2.784242
v -2.924001 0.269577 2.782243
v -2.974208 0.269577 2.790191
v -3.007764 0.532045 2.836933
v -3.045692 0.532045 2.860172
v -3.078357 0.532045 2.890364
v -3.104506 0.532045 2.926349
v -3.123131 0.532045 2.966743
v -3.133518 0.532045 3.009995
v -3.135267 0.532045 3.054442
v -3.128312 0.532045 3.098376
v -3.112918 0.532045 3.140110
v -3.089679 0.532045 3.178038
v -3.059488 0.532045 3.210703
v -3.023503 0.532045 3.236852
v -2.983109 0.532045 3.255477
v -2.939857 0.532045 3.265864
v -2.895410 0.532045 3.267613
v -2.851475 0.532045 3.260658
v -2.809742 0.532045 3.245265
v -2.771814 0.532045 3.222026
v -2.739148 0.532045 3.191834
v -2.713000 0.532045 3.155849
v -2.694375 0.532045 3.115455
v -2.683988 0.532045 3.072203
v -2.682239 0.532045 3.027756
v -2.689194 0.532045 2.983822
v -2.704587 0.532045 2.942088
v -2.727827 0.532045 2.904160
v -2.758018 0.532045 2.871494
v -2.794003 0.532045 2.845346
v -2.834397 0.532045 2.826721
v -2.877649 0.532045 2.816334
v -2.922096 0.532045 2.814585
v -2.966030 0.532045 2.821540
v -2.961336 0.578533 2.839536
v -2.921002 0.578533 2.833150
v -2.880198 0.578533 2.834756
v -2.840492 0.578533 2.844292
v -2.803408 0.578533 2.861391
v -2.770373 0.578533 2.885395
v -2.742656 0.578533 2.915384
v -2.721321 0.578533 2.950204
v -2.707190 0.578533 2.988516
v -2.700804 0.578533 3.028850
v -2.702410 0.578533 3.069654
v -2.711946 0.578533 3.109361
v -2.729045 0.578533 3.146444
v -2.753049 0.578533 3.179479
v -2.783038 0.578533 3.207197
v -2.817858 0.578533 3.228531
v -2.856170 0.578533 3.242662
v -2.896503 0.578533 3.249048
v -2.937308 0.578533 3.247442
v -2.977015 0.578533 3.237906
v -3.014098 0.578533 3.220808
v -3.047133 0.578533 3.196802
v -3.074851 0.578533 3.166814
v -3.096185 0.578533 3.131995
v -3.110316 0.578533 3.093682
v -3.116702 0.578533 3.053348
v -3.115096 0.578533 3.012544
v -3.105560 0.578533 2.972837
v -3.088461 0.578533 2.935754
v -3.064456 0.578533 2.902719
v -3.034468 0.578533 2.875001
v -2.999649 0.578533 2.853667
v -2.950980 0.604139 2.879232
v -2.918590 0.604139 2.874104
v -2.885822 0.604139 2.875394
v -2.853935 0.604139 2.883051
v -2.824155 0.604139 2.896782
v -2.797626 0.604139 2.916060
v -2.775367 0.604139 2.940143
v -2.758234 0.604139 2.968105
v -2.746886 0.604139 2.998872
v -2.741758 0.604139 3.031262
v -2.743048 0.604139 3.064030
v -2.750705 0.604139 3.095917
v -2.764436 0.604139 3.125697
v -2.783714 0.604139 3.152226
v -2.807796 0.604139 3.174485
v -2.835758 0.604139 3.191618
v -2.866526 0.604139 3.202966
v -2.898916 0.604139 3.208094
v -2.931684 0.604139 3.206804
v -2.963571 0.604139 3.199147
v -2.993351 0.604139 3.185415
v -3.019881 0.604139 3.166138
v -3.042139 0.604139 3.142056
v -3.059272 0.604139 3.114093
v -3.070620 0.604139 3.083326
v -3.075748 0.604139 3.050936
v -3.074458 0.604139 3.018168
v -3.066800 0.604139 2.986281
v -3.053069 0.604139 2.956501
v -3.033792 0.604139 2.929972
v -3.009709 0.604139 2.907713
v -2.981747 0.604139 2.890580
v -2.931470 0.622348 2.954017
v -2.914045 0.622348 2.951258
v -2.896416 0.622348 2.951952
v -2.879262 0.622348 2.956072
v -2.863240 0.622348 2.963459
v -2.848968 0.622348 2.973830
v -2.836993 0.622348 2.986786
v -2.827776 0.622348 3.001829
v -2.821671 0.622348 3.018382
v -2.818912 0.622348 3.035807
v -2.819606 0.622348 3.053436
v -2.823726 0.622348 3.070590
v -2.831113 0.622348 3.086612
v -2.841483 0.622348 3.100884
v -2.854439 0.622348 3.112859
v -2.869483 0.622348 3.122076
v -2.886035 0.622348 3.128181
v -2.903460 0.622348 3.130940
v -2.921090 0.622348 3.130246
v -2.938244 0.622348 3.126126
v -2.954266 0.622348 3.118739
v -2.968538 0.622348 3.108368
v -2.980512 0.622348 3.095412
v -2.989730 0.622348 3.080369
v -2.995835 0.622348 3.063817
v -2.998594 0.622348 3.046391
v -2.997900 0.622348 3.028762
v -2.993780 0.622348 3.011608
v -2.986393 0.622348 2.995586
v -2.976022 0.622348 2.981314
v -2.963066 0.622348 2.969339
v -2.948023 0.622348 2.960122
v -2.917992 0.624624 3.005684
v -2.910905 0.624624 3.004562
v -2.903736 0.624624 3.004844
v -2.896759 0.624624 3.006520
v -2.890244 0.624624 3.009524
v -2.884439 0.624624 3.013741
v -2.879569 0.624624 3.019011
v -2.875820 0.624624 3.025128
v -2.873338 0.624624 3.031860
v -2.872216 0.624624 3.038947
v -2.872498 0.624624 3.046116
v -2.874173 0.624624 3.053093
v -2.877178 0.624624 3.059608
v -2.881395 0.624624 3.065413
v -2.886664 0.624624 3.070283
v -2.892782 0.624624 3.074031
v -2.899514 0.624624 3.076514
v -2.906600 0.624624 3.077636
v -2.913770 0.624624 3.077354
v -2.920747 0.624624 3.075679
v -2.927262 0.624624 3.072674
v -2.933067 0.624624 3.068456
v -2.937937 0.624624 3.063188
v -2.941685 0.624624 3.057070
v -2.944168 0.624624 3.050338
v -2.945290 0.624624 3.043251
v -2.945008 0.624624 3.036082
v -2.943332 0.624624 3.029105
v -2.940328 0.624624 3.022590
v -2.936110 0.624624 3.016785
v -2.930841 0.624624 3.011915
v -2.924723 0.624624 3.008167
v -2.961117 0.193116 2.933121
v -2.981176 0.193116 2.945411
v -2.998452 0.193116 2.961379
v -3.012281 0.193116 2.980411
v -3.022132 0.193116 3.001774
v -3.027625 0.193116 3.024649
v -3.028550 0.193116 3.048156
v -3.024872 0.193116 3.071391
v -3.016730 0.193116 3.093463
v -3.004440 0.193116 3.113522
v -2.988472 0.193116 3.130798
v -2.969441 0.193116 3.144627
v -2.948078 0.193116 3.154478
v -2.925203 0.193116 3.159971
v -2.901696 0.193116 3.160896
v -2.878461 0.193116 3.157218
v -2.856389 0.193116 3.149077
v -2.836330 0.193116 3.136786
v -2.819053 0.193116 3.120818
v -2.805225 0.193116 3.101787
v -2.795374 0.193116 3.080424
v -2.789881 0.193116 3.057549
v -2.788956 0.193116 3.034042
v -2.792634 0.193116 3.010806
v -2.800775 0.193116 2.988735
v -2.813066 0.193116 2.968676
v -2.829034 0.193116 2.951400
v -2.848065 0.193116 2.937570
v -2.869428 0.193116 2.927720
v -2.892303 0.193116 2.922227
v -2.915810 0.193116 2.921301
v -2.939045 0.193116 2.924980
v -2.961117 0.000000 2.933121
v -2.981176 0.000000 2.945411
v -2.998452 0.000000 2.961379
v -3.012281 0.000000 2.980411
v -3.022132 0.000000 3.001774
v -3.027625 0.000000 3.024649
v -3.028550 0.000000 3.048156
v -3.024872 0.000000 3.071391
v -3.016730 0.000000 3.093463
v -3.004440 0.000000 3.113522
v -2.988472 0.000000 3.130798
v -2.969441 0.000000 3.144627
v -2.948078 0.000000 3.154478
v -2.925203 0.000000 3.159971
v -2.901696 0.000000 3.160896
v -2.878461 0.000000 3.157218
v -2.856389 0.000000 3.149077
v -2.836330 0.000000 3.136786
v -2.819053 0.000000 3.120818
v -2.805225 0.000000 3.101787
v -2.795374 0.000000 3.080424
v -2.789881 0.000000 3.057549
v -2.788956 0.000000 3.034042
v -2.792634 0.000000 3.010806
v -2.800775 0.000000 2.988735
v -2.813066 0.000000 2.968676
v -2.829034 0.000000 2.951400
v -2.848065 0.000000 2.937570
v -2.869428 0.000000 2.927720
v -2.892303 0.000000 2.922227
v -2.915810 0.000000 2.921301
v -2.939045 0.000000 2.924980
v -4.314984 0.168521 2.407379
v -4.411001 0.168521 2.694610
v -4.449137 0.168521 2.995053
v -4.427926 0.168521 3.297163
v -4.348185 0.168521 3.589331
v -4.212976 0.168521 3.860328
v -4.027496 0.168521 4.099740
v -3.798873 0.168521 4.298365
v -3.210069 0.168521 3.121587
v -2.082945 0.168521 4.346562
v -1.843533 0.168521 4.161082
v -1.644908 0.168521 3.932459
v -3.535893 0.168521 4.448572
v -3.248662 0.168521 4.544589
v -2.948219 0.168521 4.582724
v -2.646107 0.168521 4.561513
v -2.353940 0.168521 4.481771
v -2.821273 0.168521 3.343657
v -4.164778 0.168521 2.144399
v -2.861466 0.168521 1.494135
v -3.163576 0.168521 1.515346
v -3.455744 0.168521 1.595088
v -3.726740 0.168521 1.730297
v -3.966152 0.168521 1.915777
v -2.273792 0.168521 1.628286
v -2.561023 0.168521 1.532270
v -2.988197 0.168521 2.733138
v -1.494700 0.168521 3.669480
v -1.398684 0.168521 3.382248
v -1.360548 0.168521 3.081806
v -1.381759 0.168521 2.779695
v -1.461502 0.168521 2.487528
v -1.596710 0.168521 2.216531
v -1.782190 0.168521 1.977119
v -2.010813 0.168521 1.778493
v -2.599401 0.168521 2.955209
v -1.316589 0.064286 2.390647
v -0.438795 0.064286 2.643136
v -0.877692 0.064286 2.558757
v -1.316589 0.064286 2.180450
v -1.316590 0.064286 1.129321
v -1.097141 0.390852 2.237305
v -1.225253 0.000000 2.432122
v -1.097141 0.416904 1.242916
v -1.097141 0.416904 1.912356
v -1.225253 0.064286 2.431345
v -0.851478 0.434667 1.991457
v -0.658243 0.000000 2.609684
v -0.658243 0.390852 2.365708
v -0.658243 0.416904 2.045933
v -0.658243 0.064286 2.609087
v -0.826888 0.564156 1.954299
v -0.219346 0.000000 2.663457
v -0.219346 0.390852 2.422174
v -0.219346 0.416904 2.104142
v -0.219346 0.064286 2.662898
v -1.316589 0.181825 2.378932
v -1.292686 0.292458 2.319638
v -0.438795 0.292458 2.569278
v -0.438795 0.181825 2.635189
v -0.877692 0.292458 2.482530
v -0.877692 0.181825 2.549859
v -1.292687 0.292458 1.825140
v -1.316589 0.181825 1.825048
v -1.292687 0.292458 1.102758
v -1.316590 0.181825 1.105204
v -1.097141 0.292458 2.409717
v -1.097141 0.181825 2.478540
v -0.658243 0.292458 2.534340
v -0.658243 0.181825 2.600783
v -0.219346 0.292458 2.589520
v -0.219346 0.181825 2.655145
v -1.226767 -0.390852 2.176716
v -3.843112 -0.283476 4.360711
v -4.083049 -0.283476 4.152257
v -4.277707 -0.283476 3.900998
v -0.438795 -0.390852 2.401481
v -0.877692 -0.390852 2.312498
v -1.226767 -0.390852 1.848289
v -1.226767 -0.390852 1.138425
v -4.419606 -0.283476 3.616592
v -4.503294 -0.283476 3.309966
v -0.438795 -0.416904 2.082840
v -0.877692 -0.416904 1.347665
v -0.877692 -0.416904 1.990817
v -4.525555 -0.283476 2.992907
v -4.485532 -0.283476 2.677597
v -4.384764 -0.283476 2.376153
v -4.227124 -0.283476 2.100160
v -4.164778 -0.205156 2.144399
v -4.314984 -0.205156 2.407379
v -4.411001 -0.205156 2.694610
v -4.449137 -0.205156 2.995053
v -4.427926 -0.205156 3.297163
v -4.348185 -0.205156 3.589331
v -4.212976 -0.205156 3.860328
v -4.027496 -0.205156 4.099740
v -3.798873 -0.205156 4.298365
v -3.535893 -0.205156 4.448572
v -3.248662 -0.205156 4.544589
v -2.948219 -0.205156 4.582724
v -2.646107 -0.205156 4.561513
v -2.353940 -0.205156 4.481771
v -2.082945 -0.205156 4.346562
v -1.843533 -0.205156 4.161082
v -1.644908 -0.205156 3.932459
v -1.494700 -0.205156 3.669480
v -1.398684 -0.205156 3.382248
v -1.360548 -0.205156 3.081806
v -1.381759 -0.205156 2.779695
v -1.461502 -0.205156 2.487528
v -1.596710 -0.205156 2.216531
v -1.782190 -0.205156 1.977119
v -2.010813 -0.205156 1.778493
v -2.273792 -0.205156 1.628286
v -2.561023 -0.205156 1.532270
v -2.861466 -0.205156 1.494135
v -3.163576 -0.205156 1.515346
v -3.455744 -0.205156 1.595088
v -3.726740 -0.205156 1.730297
v -3.966152 -0.205156 1.915777
v -3.567120 -0.283476 4.518351
v -3.265675 -0.283476 4.619119
v -2.950365 -0.283476 4.659141
v -2.633305 -0.283476 4.636881
v -2.326680 -0.283476 4.553193
v -2.042274 -0.283476 4.411293
v -1.791016 -0.283476 4.216635
v -1.582561 -0.283476 3.976699
v -1.424922 -0.283476 3.700706
v -1.324154 -0.283476 3.399262
v -1.284131 -0.283476 3.083952
v -1.306391 -0.283476 2.766892
v -1.390080 -0.283476 2.460267
v -1.531978 -0.283476 2.175861
v -1.726637 -0.283476 1.924602
v -1.966573 -0.283476 1.716147
v -2.242566 -0.283476 1.558507
v -2.544009 -0.283476 1.457740
v -2.859320 -0.283476 1.417718
v -3.176379 -0.283476 1.439978
v -3.483005 -0.283476 1.523666
v -3.767411 -0.283476 1.665565
v -4.018670 -0.283476 1.860224
v -3.878401 -0.283476 4.410442
v -4.127361 -0.283476 4.194148
v -4.329340 -0.283476 3.933440
v -4.476577 -0.283476 3.638336
v -4.563411 -0.283476 3.320179
v -4.586509 -0.283476 2.991194
v -4.544981 -0.283476 2.664026
v -4.440424 -0.283476 2.351245
v -4.276855 -0.283476 2.064871
v -3.592028 -0.283476 4.574011
v -3.279246 -0.283476 4.678569
v -2.952077 -0.283476 4.720097
v -2.623092 -0.283476 4.696998
v -2.304936 -0.283476 4.610162
v -2.009833 -0.283476 4.462925
v -1.749125 -0.283476 4.260947
v -1.532830 -0.283476 4.011988
v -1.369262 -0.283476 3.725615
v -1.264704 -0.283476 3.412833
v -1.223177 -0.283476 3.085664
v -1.246274 -0.283476 2.756680
v -1.333110 -0.283476 2.438523
v -1.480346 -0.283476 2.143420
v -1.682325 -0.283476 1.882711
v -1.931285 -0.283476 1.666417
v -2.217658 -0.283476 1.502848
v -2.530438 -0.283476 1.398291
v -2.857608 -0.283476 1.356763
v -3.186592 -0.283476 1.379861
v -3.504749 -0.283476 1.466696
v -3.799852 -0.283476 1.613932
v -4.060560 -0.283476 1.815912
v -2.210376 -0.248748 1.486577
v -2.526471 -0.248748 1.380911
v -4.493231 -0.248748 3.644693
v -4.344434 -0.248748 3.942923
v -2.857107 -0.248748 1.338944
v -4.580986 -0.248748 3.323164
v -1.352991 -0.248748 3.732896
v -1.247325 -0.248748 3.416800
v -3.189578 -0.248748 1.362287
v -4.604328 -0.248748 2.990694
v -1.518292 -0.248748 4.022303
v -3.511106 -0.248748 1.450042
v -4.562361 -0.248748 2.660059
v -1.736879 -0.248748 4.273901
v -3.809335 -0.248748 1.598838
v -4.456696 -0.248748 2.343963
v -2.000349 -0.248748 4.478020
v -4.072806 -0.248748 1.802958
v -4.291393 -0.248748 2.054555
v -2.298579 -0.248748 4.626817
v -1.205357 -0.248748 3.086164
v -2.620107 -0.248748 4.714573
v -1.228699 -0.248748 2.753695
v -2.952578 -0.248748 4.737916
v -1.316456 -0.248748 2.432166
v -3.283213 -0.248748 4.695948
v -1.465251 -0.248748 2.133936
v -3.599309 -0.248748 4.590282
v -1.669371 -0.248748 1.870465
v -3.888717 -0.248748 4.424980
v -1.920969 -0.248748 1.651879
v -4.140315 -0.248748 4.206393
v -1.498615 -0.283476 2.154898
v -1.698004 -0.283476 1.897533
v -2.312629 -0.283476 4.590005
v -2.021312 -0.283476 4.444657
v -1.943771 -0.283476 1.684013
v -2.626705 -0.283476 4.675727
v -2.226471 -0.283476 1.522542
v -3.583214 -0.283476 4.554317
v -3.274444 -0.283476 4.657534
v -2.535240 -0.283476 1.419326
v -4.420729 -0.283476 2.360058
v -4.523946 -0.283476 2.668828
v -1.763948 -0.283476 4.245268
v -1.550427 -0.283476 3.999501
v -3.865915 -0.283476 4.392846
v -2.858214 -0.283476 1.378331
v -4.259258 -0.283476 2.077357
v -4.111681 -0.283476 4.179325
v -3.182979 -0.283476 1.401133
v -4.311070 -0.283476 3.921961
v -3.497055 -0.283476 1.486854
v -4.456419 -0.283476 3.630643
v -3.788373 -0.283476 1.632202
v -4.542140 -0.283476 3.316566
v -4.045738 -0.283476 1.831591
v -2.951471 -0.283476 4.698528
v -4.564941 -0.283476 2.991800
v -1.285739 -0.283476 3.408031
v -1.244744 -0.283476 3.085058
v -1.388956 -0.283476 3.716801
v -1.267545 -0.283476 2.760293
v -1.353268 -0.283476 2.446217
v -4.164778 -0.131886 2.144399
v -4.314984 -0.131886 2.407379
v -2.861466 -0.131886 1.494135
v -3.163576 -0.131886 1.515346
v -2.082945 -0.131886 4.346562
v -1.843533 -0.131886 4.161082
v -4.411001 -0.131886 2.694610
v -3.455744 -0.131886 1.595088
v -1.644908 -0.131886 3.932459
v -4.449137 -0.131886 2.995053
v -3.726740 -0.131886 1.730297
v -1.494700 -0.131886 3.669480
v -4.427926 -0.131886 3.297163
v -3.966152 -0.131886 1.915777
v -1.398684 -0.131886 3.382248
v -4.348185 -0.131886 3.589331
v -1.360548 -0.131886 3.081806
v -4.212976 -0.131886 3.860328
v -1.381759 -0.131886 2.779695
v -4.027496 -0.131886 4.099740
v -1.461502 -0.131886 2.487528
v -3.798873 -0.131886 4.298365
v -1.596710 -0.131886 2.216531
v -3.535893 -0.131886 4.448572
v -1.782190 -0.131886 1.977119
v -3.248662 -0.131886 4.544589
v -2.010813 -0.131886 1.778493
v -2.948219 -0.131886 4.582724
v -2.273792 -0.131886 1.628286
v -2.646107 -0.131886 4.561513
v -2.561023 -0.131886 1.532270
v -2.353940 -0.131886 4.481771
v -3.111337 -0.205156 3.094687
v -3.111337 -0.131886 3.094687
v -2.848261 -0.131886 3.244950
v -2.848261 -0.205156 3.244950
v -2.698133 -0.131886 2.982108
v -2.698133 -0.205156 2.982108
v -2.961209 -0.205156 2.831846
v -2.961209 -0.131886 2.831846
v -3.021900 -0.193116 2.807783
v -3.065244 -0.193116 2.834339
v -3.102574 -0.193116 2.868842
v -3.132455 -0.193116 2.909965
v -3.153740 -0.193116 2.956127
v -3.165610 -0.193116 3.005554
v -3.167609 -0.193116 3.056347
v -3.159660 -0.193116 3.106554
v -3.142070 -0.193116 3.154246
v -3.115512 -0.193116 3.197590
v -3.081010 -0.193116 3.234920
v -3.039887 -0.193116 3.264801
v -2.993726 -0.193116 3.286086
v -2.944298 -0.193116 3.297956
v -2.893505 -0.193116 3.299955
v -2.843297 -0.193116 3.292006
v -2.795606 -0.193116 3.274416
v -2.752262 -0.193116 3.247858
v -2.714932 -0.193116 3.213356
v -2.685051 -0.193116 3.172233
v -2.663766 -0.193116 3.126072
v -2.651896 -0.193116 3.076644
v -2.649897 -0.193116 3.025851
v -2.657846 -0.193116 2.975643
v -2.675436 -0.193116 2.927952
v -2.701994 -0.193116 2.884608
v -2.736496 -0.193116 2.847278
v -2.777619 -0.193116 2.817397
v -2.823781 -0.193116 2.796112
v -2.873208 -0.193116 2.784242
v -2.924001 -0.193116 2.782243
v -2.974208 -0.193116 2.790191
v -3.021900 -0.269577 2.807783
v -3.065244 -0.269577 2.834339
v -3.102574 -0.269577 2.868842
v -3.132455 -0.269577 2.909965
v -3.153740 -0.269577 2.956127
v -3.165610 -0.269577 3.005554
v -3.167609 -0.269577 3.056347
v -3.159660 -0.269577 3.106554
v -3.142070 -0.269577 3.154246
v -3.115512 -0.269577 3.197590
v -3.081010 -0.269577 3.234920
v -3.039887 -0.269577 3.264801
v -2.993726 -0.269577 3.286086
v -2.944298 -0.269577 3.297956
v -2.893505 -0.269577 3.299955
v -2.843297 -0.269577 3.292006
v -2.795606 -0.269577 3.274416
v -2.752262 -0.269577 3.247858
v -2.714932 -0.269577 3.213356
v -2.685051 -0.269577 3.172233
v -2.663766 -0.269577 3.126072
v -2.651896 -0.269577 3.076644
v -2.649897 -0.269577 3.025851
v -2.657846 -0.269577 2.975643
v -2.675436 -0.269577 2.927952
v -2.701994 -0.269577 2.884608
v -2.736496 -0.269577 2.847278
v -2.777619 -0.269577 2.817397
v -2.823781 -0.269577 2.796112
v -2.873208 -0.269577 2.784242
v -2.924001 -0.269577 2.782243
v -2.974208 -0.269577 2.790191
v -3.007764 -0.532045 2.836933
v -3.045692 -0.532045 2.860172
v -3.078357 -0.532045 2.890364
v -3.104506 -0.532045 2.926349
v -3.123131 -0.532045 2.966743
v -3.133518 -0.532045 3.009995
v -3.135267 -0.532045 3.054442
v -3.128312 -0.532045 3.098376
v -3.112918 -0.532045 3.140110
v -3.089679 -0.532045 3.178038
v -3.059488 -0.532045 3.210703
v -3.023503 -0.532045 3.236852
v -2.983109 -0.532045 3.255477
v -2.939857 -0.532045 3.265864
v -2.895410 -0.532045 3.267613
v -2.851475 -0.532045 3.260658
v -2.809742 -0.532045 3.245265
v -2.771814 -0.532045 3.222026
v -2.739148 -0.532045 3.191834
v -2.713000 -0.532045 3.155849
v -2.694375 -0.532045 3.115455
v -2.683988 -0.532045 3.072203
v -2.682239 -0.532045 3.027756
v -2.689194 -0.532045 2.983822
v -2.704587 -0.532045 2.942088
v -2.727827 -0.532045 2.904160
v -2.758018 -0.532045 2.871494
v -2.794003 -0.532045 2.845346
v -2.834397 -0.532045 2.826721
v -2.877649 -0.532045 2.816334
v -2.922096 -0.532045 2.814585
v -2.966030 -0.532045 2.821540
v -2.961336 -0.578533 2.839536
v -2.921002 -0.578533 2.833150
v -2.880198 -0.578533 2.834756
v -2.840492 -0.578533 2.844292
v -2.803408 -0.578533 2.861391
v -2.770373 -0.578533 2.885395
v -2.742656 -0.578533 2.915384
v -2.721321 -0.578533 2.950204
v -2.707190 -0.578533 2.988516
v -2.700804 -0.578533 3.028850
v -2.702410 -0.578533 3.069654
v -2.711946 -0.578533 3.109361
v -2.729045 -0.578533 3.146444
v -2.753049 -0.578533 3.179479
v -2.783038 -0.578533 3.207197
v -2.817858 -0.578533 3.228531
v -2.856170 -0.578533 3.242662
v -2.896503 -0.578533 3.249048
v -2.937308 -0.578533 3.247442
v -2.977015 -0.578533 3.237906
v -3.014098 -0.578533 3.220808
v -3.047133 -0.578533 3.196802
v -3.074851 -0.578533 3.166814
v -3.096185 -0.578533 3.131995
v -3.110316 -0.578533 3.093682
v -3.116702 -0.578533 3.053348
v -3.115096 -0.578533 3.012544
v -3.105560 -0.578533 2.972837
v -3.088461 -0.578533 2.935754
v -3.064456 -0.578533 2.902719
v -3.034468 -0.578533 2.875001
v -2.999649 -0.578533 2.853667
v -2.950980 -0.604139 2.879232
v -2.918590 -0.604139 2.874104
v -2.885822 -0.604139 2.875394
v -2.853935 -0.604139 2.883051
v -2.824155 -0.604139 2.896782
v -2.797626 -0.604139 2.916060
v -2.775367 -0.604139 2.940143
v -2.758234 -0.604139 2.968105
v -2.746886 -0.604139 2.998872
v -2.741758 -0.604139 3.031262
v -2.743048 -0.604139 3.064030
v -2.750705 -0.604139 3.095917
v -2.764436 -0.604139 3.125697
v -2.783714 -0.604139 3.152226
v -2.807796 -0.604139 3.174485
v -2.835758 -0.604139 3.191618
v -2.866526 -0.604139 3.202966
v -2.898916 -0.604139 3.208094
v -2.931684 -0.604139 3.206804
v -2.963571 -0.604139 3.199147
v -2.993351 -0.604139 3.185415
v -3.019881 -0.604139 3.166138
v -3.042139 -0.604139 3.142056
v -3.059272 -0.604139 3.114093
v -3.070620 -0.604139 3.083326
v -3.075748 -0.604139 3.050936
v -3.074458 -0.604139 3.018168
v -3.066800 -0.604139 2.986281
v -3.053069 -0.604139 2.956501
v -3.033792 -0.604139 2.929972
v -3.009709 -0.604139 2.907713
v -2.981747 -0.604139 2.890580
v -2.931470 -0.622348 2.954017
v -2.914045 -0.622348 2.951258
v -2.896416 -0.622348 2.951952
v -2.879262 -0.622348 2.956072
v -2.863240 -0.622348 2.963459
v -2.848968 -0.622348 2.973830
v -2.836993 -0.622348 2.986786
v -2.827776 -0.622348 3.001829
v -2.821671 -0.622348 3.018382
v -2.818912 -0.622348 3.035807
v -2.819606 -0.622348 3.053436
v -2.823726 -0.622348 3.070590
v -2.831113 -0.622348 3.086612
v -2.841483 -0.622348 3.100884
v -2.854439 -0.622348 3.112859
v -2.869483 -0.622348 3.122076
v -2.886035 -0.622348 3.128181
v -2.903460 -0.622348 3.130940
v -2.921090 -0.622348 3.130246
v -2.938244 -0.622348 3.126126
v -2.954266 -0.622348 3.118739
v -2.968538 -0.622348 3.108368
v -2.980512 -0.622348 3.095412
v -2.989730 -0.622348 3.080369
v -2.995835 -0.622348 3.063817
v -2.998594 -0.622348 3.046391
v -2.997900 -0.622348 3.028762
v -2.993780 -0.622348 3.011608
v -2.986393 -0.622348 2.995586
v -2.976022 -0.622348 2.981314
v -2.963066 -0.622348 2.969339
v -2.948023 -0.622348 2.960122
v -2.917992 -0.624624 3.005684
v -2.910905 -0.624624 3.004562
v -2.903736 -0.624624 3.004844
v -2.896759 -0.624624 3.006520
v -2.890244 -0.624624 3.009524
v -2.884439 -0.624624 3.013741
v -2.879569 -0.624624 3.019011
v -2.875820 -0.624624 3.025128
v -2.873338 -0.624624 3.031860
v -2.872216 -0.624624 3.038947
v -2.872498 -0.624624 3.046116
v -2.874173 -0.624624 3.053093
v -2.877178 -0.624624 3.059608
v -2.881395 -0.624624 3.065413
v -2.886664 -0.624624 3.070283
v -2.892782 -0.624624 3.074031
v -2.899514 -0.624624 3.076514
v -2.906600 -0.624624 3.077636
v -2.913770 -0.624624 3.077354
v -2.920747 -0.624624 3.075679
v -2.927262 -0.624624 3.072674
v -2.933067 -0.624624 3.068456
v -2.937937 -0.624624 3.063188
v -2.941685 -0.624624 3.057070
v -2.944168 -0.624624 3.050338
v -2.945290 -0.624624 3.043251
v -2.945008 -0.624624 3.036082
v -2.943332 -0.624624 3.029105
v -2.940328 -0.624624 3.022590
v -2.936110 -0.624624 3.016785
v -2.930841 -0.624624 3.011915
v -2.924723 -0.624624 3.008167
v -2.961117 -0.193116 2.933121
v -2.981176 -0.193116 2.945411
v -2.998452 -0.193116 2.961379
v -3.012281 -0.193116 2.980411
v -3.022132 -0.193116 3.001774
v -3.027625 -0.193116 3.024649
v -3.028550 -0.193116 3.048156
v -3.024872 -0.193116 3.071391
v -3.016730 -0.193116 3.093463
v -3.004440 -0.193116 3.113522
v -2.988472 -0.193116 3.130798
v -2.969441 -0.193116 3.144627
v -2.948078 -0.193116 3.154478
v -2.925203 -0.193116 3.159971
v -2.901696 -0.193116 3.160896
v -2.878461 -0.193116 3.157218
v -2.856389 -0.193116 3.149077
v -2.836330 -0.193116 3.136786
v -2.819053 -0.193116 3.120818
v -2.805225 -0.193116 3.101787
v -2.795374 -0.193116 3.080424
v -2.789881 -0.193116 3.057549
v -2.788956 -0.193116 3.034042
v -2.792634 -0.193116 3.010806
v -2.800775 -0.193116 2.988735
v -2.813066 -0.193116 2.968676
v -2.829034 -0.193116 2.951400
v -2.848065 -0.193116 2.937570
v -2.869428 -0.193116 2.927720
v -2.892303 -0.193116 2.922227
v -2.915810 -0.193116 2.921301
v -2.939045 -0.193116 2.924980
v -4.314984 -0.168521 2.407379
v -4.411001 -0.168521 2.694610
v -4.449137 -0.168521 2.995053
v -4.427926 -0.168521 3.297163
v -4.348185 -0.168521 3.589331
v -4.212976 -0.168521 3.860328
v -4.027496 -0.168521 4.099740
v -3.798873 -0.168521 4.298365
v -3.210069 -0.168521 3.121587
v -2.082945 -0.168521 4.346562
v -1.843533 -0.168521 4.161082
v -1.644908 -0.168521 3.932459
v -3.535893 -0.168521 4.448572
v -3.248662 -0.168521 4.544589
v -2.948219 -0.168521 4.582724
v -2.646107 -0.168521 4.561513
v -2.353940 -0.168521 4.481771
v -2.821273 -0.168521 3.343657
v -4.164778 -0.168521 2.144399
v -2.861466 -0.168521 1.494135
v -3.163576 -0.168521 1.515346
v -3.455744 -0.168521 1.595088
v -3.726740 -0.168521 1.730297
v -3.966152 -0.168521 1.915777
v -2.273792 -0.168521 1.628286
v -2.561023 -0.168521 1.532270
v -2.988197 -0.168521 2.733138
v -1.494700 -0.168521 3.669480
v -1.398684 -0.168521 3.382248
v -1.360548 -0.168521 3.081806
v -1.381759 -0.168521 2.779695
v -1.461502 -0.168521 2.487528
v -1.596710 -0.168521 2.216531
v -1.782190 -0.168521 1.977119
v -2.010813 -0.168521 1.778493
v -2.599401 -0.168521 2.955209
v -1.316589 -0.064286 2.390647
v -0.438795 -0.064286 2.643136
v -0.877692 -0.064286 2.558757
v -1.316589 -0.064286 2.180450
v -1.316590 -0.064286 1.129321
v -1.097141 -0.390852 2.237305
v -1.097141 -0.416904 1.242916
v -1.097141 -0.416904 1.912356
v -1.225253 -0.064286 2.431345
v -0.658243 -0.390852 2.365708
v -0.658244 -0.416904 1.416367
v -0.658243 -0.416904 2.045933
v -0.658243 -0.064286 2.609087
v -0.219346 -0.390852 2.422174
v -0.219346 -0.416904 1.486151
v -0.219346 -0.416904 2.104142
v -0.219346 -0.064286 2.662898
v -1.316589 -0.181825 2.378932
v -1.292686 -0.292458 2.319638
v -0.438795 -0.292458 2.569278
v -0.438795 -0.181825 2.635189
v -0.877692 -0.292458 2.482530
v -0.877692 -0.181825 2.549859
v -1.292687 -0.292458 1.825140
v -1.316589 -0.181825 2.168239
v -1.292687 -0.292458 1.102758
v -1.316590 -0.181825 1.105204
v -1.097141 -0.292458 2.409717
v -1.225253 -0.181825 2.420390
v -0.658243 -0.292458 2.534340
v -0.658243 -0.181825 2.600783
v -0.219346 -0.292458 2.589520
v -0.219346 -0.181825 2.655145
v -1.316589 0.000000 1.484924
v -1.226767 0.390852 1.493357
v -0.679274 0.434667 2.034707
v -0.877692 0.416904 1.669241
v -1.316589 0.064286 1.483694
v -1.097141 0.416904 1.577636
v -1.316589 0.181825 1.465126
v -1.292687 0.292458 1.463949
v -1.226767 -0.390852 1.493357
v -0.438795 -0.416904 1.771863
v -0.877692 -0.416904 1.669241
v -1.316589 -0.064286 1.483694
v -1.097141 -0.416904 1.577636
v -0.658244 -0.416904 1.731150
v -0.219346 -0.416904 1.795146
v -1.316589 -0.181825 1.465126
v -1.292687 -0.292458 1.463949
v -1.208427 -1.312964 2.041016
v -1.208426 -1.312964 2.362592
v -1.427875 -1.312964 2.284131
v -1.427875 -1.312964 1.949411
v -1.249889 -0.830745 2.084059
v -1.406340 -1.254618 2.259923
v -1.422379 -1.298074 2.277953
v -1.202931 -1.298074 2.356414
v -1.186891 -1.254618 2.338384
v -1.030440 -0.830745 2.162520
v -1.030440 -0.830745 1.840944
v -1.186891 -1.254618 2.016808
v -1.202931 -1.298074 2.034838
v -1.422379 -1.298074 1.943233
v -1.406340 -1.254618 1.925203
v -1.249889 -0.830745 1.749339
v -1.193089 -1.314031 2.024501
v -1.193089 -1.314031 2.392184
v -1.444001 -1.314031 2.302474
v -1.444001 -1.314031 1.919762
v -1.437717 -1.297006 2.295410
v -1.186805 -1.297006 2.017437
v -1.186805 -1.297006 2.385121
v -1.437717 -1.297006 1.912699
v -1.426876 0.000000 2.288490
v -1.426876 0.064286 2.287628
v -1.426876 0.064286 2.497825
v -1.335540 0.064286 2.538523
v -1.335540 0.000000 2.539300
v -1.426876 -0.064286 2.287628
v -1.426876 -0.064286 2.497825
v -1.335540 -0.064286 2.538523
v -2.103936 0.064286 1.611604
v -2.103936 0.000000 1.613151
v -1.841398 0.064286 1.818484
v -2.103936 -0.064286 1.611604
v -1.841398 -0.064286 1.818484
v -1.841398 0.000000 1.819715
v -0.851478 0.434667 1.960602
v -0.826888 0.564156 1.923444
v -0.436484 0.581919 1.448578
v -0.436484 0.581919 1.738990
v -0.436484 0.581919 2.029403
v -0.846357 0.581919 1.342844
v -0.846357 0.581919 1.643155
v -0.846357 0.581919 1.943465
v -0.641420 0.581919 1.407003
v -0.641420 0.581919 1.994937
v -0.231547 0.581919 1.472172
v -0.231547 0.581919 2.049295
v -0.641420 0.581919 1.700970
v -0.231547 0.581919 1.760734
v -0.436484 -0.196750 1.448578
v -0.641420 -0.196750 1.407003
v -0.289900 -0.196750 1.465454
v -0.436484 -0.196750 1.738990
v -0.641420 -0.196750 1.700970
v -0.347736 -0.196750 1.748406
v -0.394005 -0.046817 1.340894
v -0.231547 -0.046817 1.359598
v -0.776119 0.581919 1.364833
v -0.776119 0.581919 1.662970
v -1.208426 -1.312964 2.333565
v -1.427875 -1.312964 2.253917
v -1.422379 -1.298074 2.247739
v -1.202931 -1.298074 2.327387
v -1.193089 -1.314031 2.358995
v -1.444001 -1.314031 2.267928
v -1.437717 -1.297006 2.260864
v -1.186805 -1.297006 2.351931
v -0.436484 0.581919 1.939379
v -0.641420 0.581919 1.903812
v -0.231547 0.581919 1.959846
v -0.776119 0.581919 1.869604
v -0.436484 0.581919 1.985565
v -0.436484 0.581919 2.020664
v -0.641420 0.581919 1.950563
v -0.641420 0.581919 1.986091
v -0.231547 0.581919 2.005738
v -0.231547 0.581919 2.040613
v -0.837242 0.581919 1.345698
v -0.809229 0.581919 1.354468
v -0.837241 0.581919 1.645726
v -0.809229 0.581919 1.653629
v -0.809228 0.581919 1.908069
v -0.837241 0.581919 1.936744
v -0.436325 0.566177 1.999360
v -0.436325 0.566177 2.008098
v -0.641262 0.566177 1.964680
v -0.641262 0.566177 1.973525
v -0.231389 0.566177 2.019365
v -0.231389 0.566177 2.028047
v -0.837083 0.566177 1.333132
v -0.827968 0.566177 1.335986
v -0.837083 0.566177 1.633160
v -0.827968 0.566177 1.635732
v -0.827968 0.566177 1.917457
v -0.837083 0.566177 1.924178
v 0.000101 0.064286 -2.290071
v 0.000101 0.000000 -2.290625
v 0.219550 0.000000 -2.284145
v 0.438998 0.064286 -2.263824
v 0.438998 0.000000 -2.264396
v 0.000101 0.181825 -2.282379
v 0.341160 0.181825 -2.255877
v 0.219550 0.064286 -2.283586
v 0.219550 0.181825 -2.275833
v 0.000101 -0.064286 -2.290071
v 0.438998 -0.064286 -2.263824
v 0.000101 -0.181825 -2.282379
v 0.341160 -0.181825 -2.255877
v 0.219550 -0.064286 -2.283586
v 0.219550 -0.181825 -2.275833
v -0.219348 0.000000 -2.284145
v -0.438796 0.064286 -2.263824
v -0.438796 0.000000 -2.264395
v -0.340957 0.181825 -2.255877
v -0.219348 0.064286 -2.283586
v -0.219348 0.181825 -2.275833
v -0.438796 -0.064286 -2.263824
v -0.340957 -0.181825 -2.255877
v -0.219348 -0.064286 -2.283586
v -0.219348 -0.181825 -2.275833
v 0.438998 -0.064286 -1.989926
v 0.438998 -0.181825 -1.981979
v 0.219550 -0.181825 -2.001935
v 0.000101 -0.181825 -2.008481
v -0.438796 -0.064286 -1.989925
v -0.219347 -0.181825 -2.001935
v -0.438796 -0.181825 -1.981978
v 0.219550 0.181825 -2.120846
v -0.411243 0.181825 -2.100890
v 0.438998 0.000000 -2.109409
v 0.000101 0.181825 -2.127392
v 0.438998 0.064286 -2.108837
v -0.438796 0.064286 -2.108836
v -0.219348 0.181825 -2.120846
v -0.438796 0.000000 -2.109408
v 0.411445 0.181825 -2.100890
v 0.411445 -0.181825 -2.100890
v 0.000101 -0.181825 -2.127392
v -0.438796 -0.064286 -2.108836
v -0.411243 -0.181825 -2.100890
v 0.438998 -0.064286 -2.108837
v 0.219550 -0.181825 -2.120846
v -0.219348 -0.181825 -2.120846
v 0.182141 0.150830 -2.037492
v 0.212052 0.169508 -2.008899
v -0.363979 0.150830 -2.020938
v -0.423800 0.169508 -1.988943
v 0.364181 -0.000000 -2.028004
v 0.424003 0.000000 -1.997462
v 0.000101 0.150830 -2.042922
v 0.000101 0.169508 -2.015445
v 0.364181 -0.053327 -2.027530
v 0.424003 -0.059931 -1.996890
v 0.182141 -0.150830 -2.037492
v 0.212052 -0.169508 -2.008899
v -0.181939 -0.150830 -2.037492
v -0.211850 -0.169508 -2.008899
v -0.423800 -0.169508 -1.988943
v -0.423800 -0.059931 -1.996890
v 0.000101 -0.169508 -2.015445
v 0.424003 -0.169508 -1.988944
v 0.424003 0.169508 -1.988944
v -0.423800 0.000000 -1.997462
v -0.211850 0.169508 -2.008899
v -0.423800 0.059931 -1.996890
v 0.424003 0.059931 -1.996890
v 0.364181 0.053327 -2.027530
v -0.363979 0.053327 -2.027530
v -0.181939 0.150830 -2.037492
v -0.363979 -0.000000 -2.028004
v 0.364181 0.150830 -2.020938
v 0.364181 -0.150830 -2.020938
v 0.000101 -0.150830 -2.042922
v -0.363979 -0.053327 -2.027530
v -0.363979 -0.150830 -2.020938
v 0.170651 0.128157 -2.023708
v 0.200562 0.150633 -2.013511
v -0.340999 0.128157 -2.006729
v -0.400820 0.150633 -1.993555
v 0.341202 0.000000 -2.013977
v 0.401022 0.000000 -2.002074
v 0.000101 0.128157 -2.029277
v 0.000101 0.150633 -2.020057
v 0.341202 -0.045311 -2.013490
v 0.401022 -0.053257 -2.001502
v 0.170651 -0.128157 -2.023708
v 0.200562 -0.150633 -2.013511
v -0.170449 -0.128157 -2.023708
v -0.200360 -0.150633 -2.013511
v -0.400820 -0.150633 -1.993555
v -0.400820 -0.053257 -2.001502
v 0.000101 -0.150633 -2.020057
v 0.401022 -0.150633 -1.993555
v 0.401022 0.150633 -1.993555
v -0.400820 0.000000 -2.002074
v -0.200360 0.150633 -2.013511
v -0.400820 0.053257 -2.001502
v 0.401022 0.053257 -2.001502
v 0.341202 0.045311 -2.013490
v -0.340999 0.045311 -2.013490
v -0.170449 0.128157 -2.023708
v -0.340999 0.000000 -2.013977
v 0.341202 0.128157 -2.006729
v 0.341202 -0.128157 -2.006729
v 0.000101 -0.128157 -2.029277
v -0.340999 -0.045311 -2.013490
v -0.340999 -0.128157 -2.006729
v -0.000900 0.124480 -2.235370
v 0.019834 0.122438 -2.235370
v 0.039771 0.116390 -2.235370
v 0.058145 0.106569 -2.235370
v 0.074249 0.093352 -2.235370
v 0.087466 0.077247 -2.235370
v 0.097288 0.058873 -2.235370
v 0.103335 0.038936 -2.235370
v 0.105377 0.018202 -2.235370
v 0.103335 -0.002532 -2.235370
v 0.097288 -0.022469 -2.235370
v 0.087466 -0.040843 -2.235370
v 0.074249 -0.056947 -2.235370
v 0.058145 -0.070164 -2.235370
v 0.039771 -0.079985 -2.235370
v 0.019834 -0.086033 -2.235370
v -0.000900 -0.088075 -2.235370
v -0.021634 -0.086033 -2.235370
v -0.041571 -0.079985 -2.235370
v -0.059945 -0.070164 -2.235370
v -0.076050 -0.056947 -2.235370
v -0.089267 -0.040843 -2.235370
v -0.099088 -0.022469 -2.235370
v -0.105136 -0.002532 -2.235370
v -0.107178 0.018202 -2.235370
v -0.105136 0.038936 -2.235370
v -0.099088 0.058873 -2.235370
v -0.089267 0.077247 -2.235370
v -0.076050 0.093352 -2.235370
v -0.059945 0.106569 -2.235370
v -0.041571 0.116390 -2.235370
v -0.021634 0.122438 -2.235370
v -0.000900 0.157016 -2.294209
v 0.026181 0.154348 -2.294209
v 0.052221 0.146449 -2.294209
v 0.076220 0.133621 -2.294209
v 0.097256 0.116358 -2.294209
v 0.114519 0.095323 -2.294209
v 0.127347 0.071324 -2.294209
v 0.135246 0.045283 -2.294209
v 0.137913 0.018202 -2.294209
v 0.135246 -0.008879 -2.294209
v 0.127347 -0.034919 -2.294209
v 0.114519 -0.058918 -2.294209
v 0.097256 -0.079954 -2.294209
v 0.076220 -0.097217 -2.294209
v 0.052221 -0.110045 -2.294209
v 0.026181 -0.117944 -2.294209
v -0.000900 -0.120611 -2.294209
v -0.027981 -0.117944 -2.294209
v -0.054022 -0.110045 -2.294209
v -0.078021 -0.097217 -2.294209
v -0.099056 -0.079954 -2.294209
v -0.116319 -0.058918 -2.294209
v -0.129147 -0.034919 -2.294209
v -0.137046 -0.008879 -2.294209
v -0.139714 0.018202 -2.294209
v -0.137046 0.045283 -2.294209
v -0.129147 0.071324 -2.294209
v -0.116319 0.095323 -2.294209
v -0.099056 0.116358 -2.294209
v -0.078021 0.133621 -2.294209
v -0.054022 0.146449 -2.294209
v -0.027981 0.154348 -2.294209
v -0.000900 0.157016 -2.307730
v 0.026181 0.154348 -2.307730
v 0.052221 0.146449 -2.307730
v 0.076220 0.133621 -2.307730
v 0.097256 0.116358 -2.307730
v 0.114519 0.095323 -2.307730
v 0.127347 0.071324 -2.307730
v 0.135246 0.045283 -2.307730
v 0.137913 0.018202 -2.307730
v 0.135246 -0.008879 -2.307730
v 0.127347 -0.034919 -2.307730
v 0.114519 -0.058918 -2.307730
v 0.097256 -0.079954 -2.307730
v 0.076220 -0.097217 -2.307730
v 0.052221 -0.110045 -2.307730
v 0.026181 -0.117944 -2.307730
v -0.000900 -0.120611 -2.307730
v -0.027981 -0.117944 -2.307730
v -0.054022 -0.110045 -2.307730
v -0.078021 -0.097217 -2.307730
v -0.099056 -0.079954 -2.307730
v -0.116319 -0.058918 -2.307730
v -0.129147 -0.034919 -2.307730
v -0.137046 -0.008879 -2.307730
v -0.139714 0.018202 -2.307730
v -0.137046 0.045283 -2.307730
v -0.129147 0.071324 -2.307730
v -0.116319 0.095323 -2.307730
v -0.099056 0.116358 -2.307730
v -0.078021 0.133621 -2.307730
v -0.054022 0.146449 -2.307730
v -0.027981 0.154348 -2.307730
v -0.000900 0.121205 -2.307730
v 0.019195 0.119226 -2.307730
v 0.038517 0.113365 -2.307730
v 0.056325 0.103846 -2.307730
v 0.071934 0.091036 -2.307730
v 0.084744 0.075428 -2.307730
v 0.094262 0.057620 -2.307730
v 0.100124 0.038297 -2.307730
v 0.102103 0.018202 -2.307730
v 0.100124 -0.001893 -2.307730
v 0.094262 -0.021215 -2.307730
v 0.084744 -0.039023 -2.307730
v 0.071934 -0.054632 -2.307730
v 0.056325 -0.067442 -2.307730
v 0.038517 -0.076960 -2.307730
v 0.019195 -0.082822 -2.307730
v -0.000900 -0.084801 -2.307730
v -0.020995 -0.082822 -2.307730
v -0.040318 -0.076960 -2.307730
v -0.058126 -0.067442 -2.307730
v -0.073734 -0.054632 -2.307730
v -0.086544 -0.039023 -2.307730
v -0.096063 -0.021215 -2.307730
v -0.101924 -0.001893 -2.307730
v -0.103903 0.018202 -2.307730
v -0.101924 0.038297 -2.307730
v -0.096063 0.057620 -2.307730
v -0.086544 0.075428 -2.307730
v -0.073734 0.091036 -2.307730
v -0.058126 0.103846 -2.307730
v -0.040318 0.113365 -2.307730
v -0.020995 0.119226 -2.307730
v -0.000900 0.121205 -2.293520
v 0.019195 0.119226 -2.293520
v 0.038517 0.113365 -2.293520
v 0.056325 0.103846 -2.293520
v 0.071934 0.091036 -2.293520
v 0.084744 0.075428 -2.293520
v 0.094262 0.057620 -2.293520
v 0.100124 0.038297 -2.293520
v 0.102103 0.018202 -2.293520
v 0.100124 -0.001893 -2.293520
v 0.094262 -0.021215 -2.293520
v 0.084744 -0.039023 -2.293520
v 0.071934 -0.054632 -2.293520
v 0.056325 -0.067442 -2.293520
v 0.038517 -0.076960 -2.293520
v 0.019195 -0.082822 -2.293520
v -0.000900 -0.084801 -2.293520
v -0.020995 -0.082822 -2.293520
v -0.040318 -0.076960 -2.293520
v -0.058126 -0.067442 -2.293520
v -0.073734 -0.054632 -2.293520
v -0.086544 -0.039023 -2.293520
v -0.096063 -0.021215 -2.293520
v -0.101924 -0.001893 -2.293520
v -0.103903 0.018202 -2.293520
v -0.101924 0.038297 -2.293520
v -0.096063 0.057620 -2.293520
v -0.086544 0.075428 -2.293520
v -0.073734 0.091036 -2.293520
v -0.058126 0.103846 -2.293520
v -0.040318 0.113365 -2.293520
v -0.020995 0.119226 -2.293520
v -0.000900 0.103474 -2.293520
v 0.015736 0.101835 -2.293520
v 0.031732 0.096983 -2.293520
v 0.046474 0.089103 -2.293520
v 0.059396 0.078498 -2.293520
v 0.070001 0.065577 -2.293520
v 0.077881 0.050834 -2.293520
v 0.082733 0.034838 -2.293520
v 0.084372 0.018202 -2.293520
v 0.082733 0.001566 -2.293520
v 0.077881 -0.014430 -2.293520
v 0.070001 -0.029172 -2.293520
v 0.059396 -0.042094 -2.293520
v 0.046474 -0.052699 -2.293520
v 0.031732 -0.060579 -2.293520
v 0.015736 -0.065431 -2.293520
v -0.000900 -0.067070 -2.293520
v -0.017536 -0.065431 -2.293520
v -0.033532 -0.060579 -2.293520
v -0.048275 -0.052699 -2.293520
v -0.061196 -0.042094 -2.293520
v -0.071801 -0.029172 -2.293520
v -0.079681 -0.014430 -2.293520
v -0.084533 0.001566 -2.293520
v -0.086172 0.018202 -2.293520
v -0.084533 0.034838 -2.293520
v -0.079681 0.050834 -2.293520
v -0.071801 0.065577 -2.293520
v -0.061196 0.078498 -2.293520
v -0.048275 0.089103 -2.293520
v -0.033532 0.096983 -2.293520
v -0.017536 0.101835 -2.293520
v -0.000900 0.095042 -2.304269
v 0.014091 0.093566 -2.304269
v 0.028505 0.089193 -2.304269
v 0.041790 0.082092 -2.304269
v 0.053434 0.072536 -2.304269
v 0.062990 0.060892 -2.304269
v 0.070091 0.047608 -2.304269
v 0.074464 0.033193 -2.304269
v 0.075940 0.018202 -2.304269
v 0.074464 0.003211 -2.304269
v 0.070091 -0.011203 -2.304269
v 0.062990 -0.024488 -2.304269
v 0.053434 -0.036132 -2.304269
v 0.041790 -0.045688 -2.304269
v 0.028505 -0.052789 -2.304269
v 0.014091 -0.057162 -2.304269
v -0.000900 -0.058638 -2.304269
v -0.015891 -0.057162 -2.304269
v -0.030306 -0.052789 -2.304269
v -0.043590 -0.045688 -2.304269
v -0.055234 -0.036132 -2.304269
v -0.064790 -0.024488 -2.304269
v -0.071891 -0.011203 -2.304269
v -0.076264 0.003211 -2.304269
v -0.077740 0.018202 -2.304269
v -0.076264 0.033193 -2.304269
v -0.071891 0.047608 -2.304269
v -0.064790 0.060892 -2.304269
v -0.055234 0.072536 -2.304269
v -0.043590 0.082092 -2.304269
v -0.030306 0.089193 -2.304269
v -0.015891 0.093566 -2.304269
v -0.000900 0.067678 -2.318676
v 0.008752 0.066728 -2.318676
v 0.018034 0.063912 -2.318676
v 0.026587 0.059340 -2.318676
v 0.034085 0.053187 -2.318676
v 0.040238 0.045690 -2.318676
v 0.044810 0.037136 -2.318676
v 0.047626 0.027854 -2.318676
v 0.048576 0.018202 -2.318676
v 0.047626 0.008550 -2.318676
v 0.044810 -0.000732 -2.318676
v 0.040238 -0.009285 -2.318676
v 0.034085 -0.016783 -2.318676
v 0.026587 -0.022936 -2.318676
v 0.018034 -0.027508 -2.318676
v 0.008752 -0.030323 -2.318676
v -0.000900 -0.031274 -2.318676
v -0.010552 -0.030323 -2.318676
v -0.019834 -0.027508 -2.318676
v -0.028388 -0.022936 -2.318676
v -0.035885 -0.016783 -2.318676
v -0.042038 -0.009285 -2.318676
v -0.046610 -0.000732 -2.318676
v -0.049426 0.008550 -2.318676
v -0.050376 0.018202 -2.318676
v -0.049426 0.027854 -2.318676
v -0.046610 0.037136 -2.318676
v -0.042038 0.045690 -2.318676
v -0.035885 0.053187 -2.318676
v -0.028388 0.059340 -2.318676
v -0.019834 0.063912 -2.318676
v -0.010552 0.066728 -2.318676
v -0.000900 0.031377 -2.323478
v 0.001670 0.031124 -2.323478
v 0.004142 0.030374 -2.323478
v 0.006420 0.029157 -2.323478
v 0.008416 0.027518 -2.323478
v 0.010055 0.025522 -2.323478
v 0.011272 0.023244 -2.323478
v 0.012022 0.020772 -2.323478
v 0.012275 0.018202 -2.323478
v 0.012022 0.015632 -2.323478
v 0.011272 0.013160 -2.323478
v 0.010055 0.010882 -2.323478
v 0.008416 0.008886 -2.323478
v 0.006420 0.007247 -2.323478
v 0.004142 0.006030 -2.323478
v 0.001670 0.005280 -2.323478
v -0.000900 0.005027 -2.323478
v -0.003470 0.005280 -2.323478
v -0.005942 0.006030 -2.323478
v -0.008220 0.007247 -2.323478
v -0.010216 0.008886 -2.323478
v -0.011855 0.010882 -2.323478
v -0.013072 0.013160 -2.323478
v -0.013822 0.015632 -2.323478
v -0.014075 0.018202 -2.323478
v -0.013822 0.020772 -2.323478
v -0.013072 0.023244 -2.323478
v -0.011855 0.025522 -2.323478
v -0.010216 0.027518 -2.323478
v -0.008220 0.029157 -2.323478
v -0.005942 0.030374 -2.323478
v -0.003470 0.031124 -2.323478
v 0.219551 0.376210 2.371765
v 0.439000 0.376210 2.351072
v 0.877897 0.376210 2.262089
v 1.095050 0.376210 2.186896
v 0.658448 0.376210 2.315298
v 0.000103 0.376210 2.378544
v 0.000103 0.292458 2.545748
v 0.439000 0.292458 2.518868
v 0.877897 0.292458 2.432121
v 1.097346 0.292458 2.359307
v 0.658448 0.292458 2.483931
v 0.219551 0.292458 2.539111
v -0.219346 0.376210 2.371765
v -0.438795 0.376210 2.351072
v -0.877692 0.376210 2.262089
v -1.094845 0.376210 2.186897
v -0.658243 0.376210 2.315299
v -0.438795 0.292458 2.518869
v -0.877692 0.292458 2.432121
v -1.097141 0.292458 2.359308
v -0.658243 0.292458 2.483931
v -0.219346 0.292458 2.539111
v 0.199821 0.359614 2.376420
v 0.399539 0.359614 2.357587
v 0.798976 0.359614 2.276605
v 0.998694 0.359614 2.208172
v 0.599257 0.359614 2.325030
v 0.000103 0.359614 2.382589
v 0.000103 0.323982 2.525993
v 0.383569 0.323982 2.502508
v 0.767034 0.323982 2.426716
v 0.958767 0.323982 2.363099
v 0.575302 0.323982 2.471983
v 0.191836 0.323982 2.520194
v -0.199616 0.359614 2.376420
v -0.399334 0.359614 2.357588
v -0.798770 0.359614 2.276605
v -0.998489 0.359614 2.208173
v -0.599052 0.359614 2.325030
v -0.383363 0.323982 2.502508
v -0.766829 0.323982 2.426717
v -0.958562 0.323982 2.363099
v -0.575096 0.323982 2.471983
v -0.191630 0.323982 2.520194
vn 0.4692 0.8681 -0.1621
vn 1.0000 -0.0000 -0.0000
vn 0.5559 0.8313 -0.0000
vn 0.6319 0.6239 -0.4599
vn -0.0000 0.9520 -0.3059
vn -0.2125 0.9301 0.2995
vn 0.5595 0.0618 -0.8266
vn -0.2669 0.9301 0.2523
vn -0.3110 0.9301 0.1954
vn 0.6378 0.7702 -0.0000
vn 0.6555 -0.4881 -0.5763
vn 0.2841 -0.0000 -0.9588
vn 0.7612 -0.0000 -0.6485
vn 0.0394 0.9516 -0.3049
vn 0.0888 0.9495 -0.3009
vn 0.8693 -0.0000 0.4944
vn 0.9199 -0.0000 0.3921
vn -0.3431 0.9301 0.1310
vn -0.3621 0.9301 0.0615
vn 0.6095 0.6833 -0.4020
vn -0.0000 0.7926 -0.6097
vn 0.0803 0.7896 -0.6083
vn 0.6377 0.7702 -0.0000
vn 0.2995 0.9106 -0.2847
vn -0.3671 0.9301 -0.0103
vn -0.3581 0.9301 -0.0817
vn -0.3352 0.9301 -0.1500
vn -0.2995 0.9301 -0.2125
vn -0.8155 -0.0000 -0.5787
vn -0.9128 -0.0000 -0.4085
vn -0.9749 -0.0000 -0.2226
vn -0.9996 -0.0000 -0.0281
vn -0.9859 -0.0000 0.1675
vn -0.9343 -0.0000 0.3566
vn -0.8467 -0.0000 0.5320
vn -0.7267 -0.0000 0.6870
vn -0.5787 -0.0000 0.8155
vn -0.4085 -0.0000 0.9128
vn -0.2226 -0.0000 0.9749
vn -0.0281 -0.0000 0.9996
vn 0.1675 -0.0000 0.9859
vn 0.3566 -0.0000 0.9343
vn 0.5320 -0.0000 0.8467
vn 0.6870 -0.0000 0.7267
vn 0.8155 -0.0000 0.5787
vn 0.9128 -0.0000 0.4085
vn 0.9749 -0.0000 0.2226
vn 0.9996 -0.0000 0.0281
vn 0.9859 -0.0000 -0.1675
vn 0.9343 -0.0000 -0.3566
vn 0.8467 -0.0000 -0.5320
vn 0.7267 -0.0000 -0.6870
vn 0.5787 -0.0000 -0.8155
vn 0.4085 -0.0000 -0.9128
vn 0.2226 -0.0000 -0.9749
vn 0.0281 -0.0000 -0.9996
vn -0.1675 -0.0000 -0.9859
vn -0.3566 -0.0000 -0.9343
vn -0.5320 -0.0000 -0.8467
vn -0.6870 -0.0000 -0.7267
vn -0.6858 0.7059 -0.1770
vn -0.5009 0.7059 -0.5008
vn -0.8995 0.3856 -0.2053
vn -0.9223 0.3856 -0.0259
vn -0.9097 0.3856 0.1545
vn -0.8620 0.3856 0.3290
vn -0.7813 0.3856 0.4909
vn -0.6705 0.3856 0.6339
vn -0.1770 0.7059 0.6858
vn -0.5008 0.7060 0.5009
vn -0.2053 0.3856 0.8995
vn -0.0259 0.3856 0.9223
vn 0.1545 0.3856 0.9097
vn 0.3290 0.3856 0.8620
vn 0.4909 0.3856 0.7813
vn 0.6339 0.3856 0.6705
vn 0.6858 0.7059 0.1770
vn 0.5009 0.7059 0.5008
vn 0.8995 0.3856 0.2053
vn 0.9223 0.3856 0.0259
vn 0.9097 0.3856 -0.1545
vn 0.8620 0.3856 -0.3290
vn 0.7813 0.3856 -0.4909
vn 0.6705 0.3856 -0.6339
vn 0.1770 0.7060 -0.6858
vn 0.5008 0.7059 -0.5009
vn 0.2053 0.3856 -0.8995
vn 0.0259 0.3856 -0.9223
vn -0.1545 0.3856 -0.9097
vn -0.3290 0.3856 -0.8620
vn -0.4909 0.3856 -0.7813
vn -0.6339 0.3856 -0.6705
vn -0.1500 0.9301 0.3352
vn -0.0817 0.9301 0.3581
vn -0.0103 0.9301 0.3671
vn 0.0615 0.9301 0.3621
vn 0.1310 0.9301 0.3431
vn 0.1954 0.9301 0.3110
vn 0.2523 0.9301 0.2669
vn 0.2995 0.9301 0.2126
vn 0.3352 0.9301 0.1500
vn 0.3581 0.9301 0.0817
vn 0.3671 0.9301 0.0103
vn 0.3621 0.9301 -0.0615
vn 0.3431 0.9301 -0.1310
vn 0.3110 0.9301 -0.1954
vn 0.2669 0.9301 -0.2523
vn 0.2126 0.9301 -0.2995
vn 0.1500 0.9301 -0.3352
vn 0.0817 0.9301 -0.3581
vn 0.0103 0.9301 -0.3671
vn -0.0615 0.9301 -0.3621
vn -0.1310 0.9301 -0.3431
vn -0.1954 0.9301 -0.3110
vn -0.2523 0.9301 -0.2669
vn 0.3149 0.8390 -0.4438
vn 0.3954 0.8390 -0.3738
vn 0.4608 0.8390 -0.2895
vn 0.5084 0.8390 -0.1940
vn 0.5365 0.8390 -0.0911
vn 0.5439 0.8390 0.0153
vn 0.5305 0.8390 0.1211
vn 0.4967 0.8390 0.2223
vn 0.4438 0.8390 0.3149
vn 0.2223 0.8390 -0.4967
vn 0.1211 0.8390 -0.5305
vn 0.0153 0.8390 -0.5439
vn -0.0911 0.8390 -0.5365
vn -0.1940 0.8390 -0.5084
vn -0.2895 0.8390 -0.4607
vn -0.3738 0.8390 -0.3954
vn -0.4438 0.8390 -0.3149
vn -0.4967 0.8390 -0.2223
vn -0.5305 0.8390 -0.1211
vn -0.5439 0.8390 -0.0153
vn -0.5365 0.8390 0.0911
vn -0.5084 0.8390 0.1940
vn -0.4608 0.8390 0.2895
vn -0.3954 0.8390 0.3738
vn -0.3149 0.8390 0.4438
vn -0.2223 0.8390 0.4967
vn -0.1211 0.8390 0.5305
vn -0.0153 0.8390 0.5439
vn 0.0911 0.8390 0.5365
vn 0.1940 0.8390 0.5084
vn 0.2895 0.8390 0.4608
vn 0.3738 0.8390 0.3954
vn -0.3974 0.2316 0.8879
vn -0.2165 0.2316 0.9484
vn 0.9089 0.2316 -0.3469
vn 0.8237 0.2316 -0.5175
vn -0.0273 0.2316 0.9724
vn 0.9591 0.2316 -0.1629
vn -0.8879 0.2316 -0.3974
vn -0.9484 0.2316 -0.2165
vn 0.1629 0.2316 0.9591
vn 0.9724 0.2316 0.0273
vn -0.7934 0.2316 -0.5630
vn 0.3469 0.2316 0.9089
vn 0.9484 0.2316 0.2165
vn -0.6683 0.2316 -0.7069
vn 0.5175 0.2316 0.8237
vn 0.8879 0.2316 0.3974
vn -0.5175 0.2316 -0.8237
vn 0.6683 0.2316 0.7069
vn 0.7934 0.2316 0.5630
vn -0.3469 0.2316 -0.9089
vn -0.9724 0.2316 -0.0273
vn -0.1629 0.2316 -0.9591
vn -0.9591 0.2316 0.1629
vn 0.0273 0.2316 -0.9724
vn -0.9089 0.2316 0.3469
vn 0.2165 0.2316 -0.9484
vn -0.8237 0.2316 0.5175
vn 0.3974 0.2316 -0.8879
vn -0.7069 0.2316 0.6683
vn 0.5630 0.2316 -0.7934
vn -0.5630 0.2316 0.7934
vn 0.7069 0.2316 -0.6683
vn -0.0000 1.0000 -0.0000
vn -0.8985 -0.3290 -0.2905
vn -0.7067 -0.3290 -0.6264
vn 0.8985 -0.3290 0.2905
vn 0.7067 -0.3290 0.6264
vn 0.9749 -0.0000 0.2225
vn -0.2905 -0.3290 0.8985
vn -0.6264 -0.3291 0.7067
vn -0.2225 -0.0000 0.9749
vn 0.2905 -0.3291 -0.8985
vn 0.6264 -0.3290 -0.7067
vn 0.2225 -0.0000 -0.9749
vn 0.0832 0.9963 -0.0227
vn 0.0832 -0.9963 -0.0227
vn -0.0227 -0.9963 -0.0832
vn -0.0227 0.9963 -0.0832
vn -0.0832 -0.9963 0.0227
vn -0.0832 0.9963 0.0227
vn 0.0227 0.9963 0.0832
vn 0.0227 -0.9963 0.0832
vn 0.3176 -0.6857 0.6550
vn 0.4393 -0.6857 0.5804
vn 0.5441 -0.6857 0.4835
vn 0.6280 -0.6857 0.3681
vn 0.6877 -0.6857 0.2385
vn 0.7210 -0.6857 0.0998
vn 0.7266 -0.6857 -0.0428
vn 0.7043 -0.6857 -0.1837
vn 0.6550 -0.6857 -0.3176
vn 0.5804 -0.6857 -0.4393
vn 0.4835 -0.6857 -0.5441
vn 0.3681 -0.6857 -0.6280
vn 0.2385 -0.6857 -0.6877
vn 0.0998 -0.6857 -0.7210
vn -0.0428 -0.6857 -0.7266
vn -0.1837 -0.6857 -0.7043
vn -0.3176 -0.6857 -0.6549
vn -0.4393 -0.6857 -0.5804
vn -0.5441 -0.6857 -0.4835
vn -0.6280 -0.6857 -0.3681
vn -0.6877 -0.6857 -0.2385
vn -0.7210 -0.6857 -0.0998
vn -0.7266 -0.6857 0.0428
vn -0.7043 -0.6857 0.1837
vn -0.6549 -0.6857 0.3176
vn -0.5804 -0.6857 0.4393
vn -0.4835 -0.6857 0.5441
vn -0.3681 -0.6857 0.6279
vn -0.2385 -0.6857 0.6877
vn -0.0998 -0.6857 0.7210
vn 0.0428 -0.6857 0.7266
vn 0.1837 -0.6857 0.7043
vn 0.4355 0.0611 0.8981
vn 0.6024 0.0611 0.7959
vn 0.7461 0.0611 0.6631
vn 0.8611 0.0611 0.5048
vn 0.9430 0.0611 0.3271
vn 0.9887 0.0611 0.1368
vn 0.9964 0.0611 -0.0587
vn 0.9658 0.0611 -0.2519
vn 0.8981 0.0611 -0.4355
vn 0.7959 0.0611 -0.6024
vn 0.6631 0.0611 -0.7461
vn 0.5048 0.0611 -0.8611
vn 0.3271 0.0611 -0.9430
vn 0.1368 0.0611 -0.9887
vn -0.0587 0.0611 -0.9964
vn -0.2520 0.0611 -0.9658
vn -0.4355 0.0611 -0.8981
vn -0.6024 0.0611 -0.7959
vn -0.7461 0.0611 -0.6631
vn -0.8611 0.0611 -0.5048
vn -0.9430 0.0611 -0.3271
vn -0.9887 0.0611 -0.1368
vn -0.9964 0.0611 0.0587
vn -0.9658 0.0611 0.2520
vn -0.8981 0.0611 0.4355
vn -0.7959 0.0611 0.6024
vn -0.6631 0.0611 0.7461
vn -0.5048 0.0611 0.8611
vn -0.3271 0.0611 0.9430
vn -0.1368 0.0611 0.9887
vn 0.0587 0.0611 0.9964
vn 0.2520 0.0611 0.9658
vn 0.4228 0.2471 0.8719
vn 0.5848 0.2471 0.7726
vn 0.7243 0.2471 0.6437
vn 0.8359 0.2471 0.4900
vn 0.9155 0.2471 0.3175
vn 0.9598 0.2471 0.1328
vn 0.9673 0.2471 -0.0570
vn 0.9376 0.2471 -0.2446
vn 0.8719 0.2471 -0.4228
vn 0.7726 0.2471 -0.5848
vn 0.6437 0.2471 -0.7243
vn 0.4900 0.2471 -0.8359
vn 0.3175 0.2471 -0.9155
vn 0.1328 0.2471 -0.9598
vn -0.0570 0.2471 -0.9673
vn -0.2446 0.2471 -0.9376
vn -0.4228 0.2471 -0.8719
vn -0.5848 0.2471 -0.7726
vn -0.7243 0.2471 -0.6437
vn -0.8359 0.2471 -0.4900
vn -0.9155 0.2471 -0.3175
vn -0.9598 0.2471 -0.1328
vn -0.9673 0.2471 0.0570
vn -0.9376 0.2471 0.2446
vn -0.8719 0.2471 0.4228
vn -0.7726 0.2471 0.5848
vn -0.6437 0.2471 0.7243
vn -0.4900 0.2471 0.8359
vn -0.3175 0.2471 0.9155
vn -0.1328 0.2471 0.9598
vn 0.0570 0.2471 0.9673
vn 0.2446 0.2471 0.9376
vn 0.1956 0.6323 0.7497
vn 0.0456 0.6323 0.7734
vn -0.1062 0.6323 0.7674
vn -0.2539 0.6323 0.7320
vn -0.3918 0.6323 0.6684
vn -0.5147 0.6323 0.5791
vn -0.6177 0.6323 0.4676
vn -0.6971 0.6323 0.3381
vn -0.7497 0.6323 0.1956
vn -0.7734 0.6323 0.0456
vn -0.7674 0.6323 -0.1062
vn -0.7320 0.6323 -0.2539
vn -0.6684 0.6323 -0.3918
vn -0.5791 0.6323 -0.5147
vn -0.4676 0.6323 -0.6178
vn -0.3381 0.6323 -0.6971
vn -0.1956 0.6323 -0.7497
vn -0.0456 0.6323 -0.7734
vn 0.1062 0.6323 -0.7674
vn 0.2539 0.6323 -0.7320
vn 0.3918 0.6323 -0.6684
vn 0.5147 0.6323 -0.5791
vn 0.6177 0.6323 -0.4676
vn 0.6971 0.6323 -0.3381
vn 0.7497 0.6323 -0.1956
vn 0.7734 0.6323 -0.0456
vn 0.7674 0.6323 0.1062
vn 0.7320 0.6323 0.2539
vn 0.6684 0.6323 0.3918
vn 0.5791 0.6323 0.5147
vn 0.4676 0.6323 0.6178
vn 0.3381 0.6323 0.6971
vn 0.0992 0.9195 0.3804
vn 0.0231 0.9195 0.3924
vn -0.0539 0.9195 0.3894
vn -0.1288 0.9195 0.3714
vn -0.1988 0.9195 0.3391
vn -0.2612 0.9195 0.2938
vn -0.3135 0.9195 0.2372
vn -0.3537 0.9195 0.1715
vn -0.3804 0.9195 0.0992
vn -0.3924 0.9195 0.0231
vn -0.3894 0.9195 -0.0539
vn -0.3714 0.9195 -0.1288
vn -0.3391 0.9195 -0.1988
vn -0.2938 0.9195 -0.2611
vn -0.2373 0.9195 -0.3135
vn -0.1715 0.9195 -0.3537
vn -0.0992 0.9195 -0.3804
vn -0.0231 0.9195 -0.3924
vn 0.0539 0.9195 -0.3894
vn 0.1288 0.9195 -0.3714
vn 0.1988 0.9195 -0.3391
vn 0.2611 0.9195 -0.2938
vn 0.3135 0.9195 -0.2372
vn 0.3537 0.9195 -0.1715
vn 0.3804 0.9195 -0.0992
vn 0.3924 0.9195 -0.0231
vn 0.3894 0.9195 0.0539
vn 0.3714 0.9195 0.1288
vn 0.3391 0.9195 0.1988
vn 0.2938 0.9195 0.2611
vn 0.2372 0.9195 0.3135
vn 0.1715 0.9195 0.3537
vn 0.0359 0.9898 0.1377
vn 0.0084 0.9898 0.1421
vn -0.0195 0.9898 0.1410
vn -0.0466 0.9898 0.1345
vn -0.0720 0.9898 0.1228
vn -0.0946 0.9898 0.1064
vn -0.1135 0.9898 0.0859
vn -0.1281 0.9898 0.0621
vn -0.1377 0.9898 0.0359
vn -0.1421 0.9898 0.0084
vn -0.1410 0.9898 -0.0195
vn -0.1345 0.9898 -0.0466
vn -0.1228 0.9898 -0.0720
vn -0.1064 0.9898 -0.0946
vn -0.0859 0.9898 -0.1135
vn -0.0621 0.9898 -0.1281
vn -0.0359 0.9898 -0.1377
vn -0.0084 0.9898 -0.1421
vn 0.0195 0.9898 -0.1410
vn 0.0466 0.9898 -0.1345
vn 0.0720 0.9898 -0.1228
vn 0.0946 0.9898 -0.1064
vn 0.1135 0.9898 -0.0859
vn 0.1281 0.9898 -0.0621
vn 0.1377 0.9898 -0.0359
vn 0.1421 0.9898 -0.0084
vn 0.1410 0.9898 0.0195
vn 0.1345 0.9898 0.0466
vn 0.1228 0.9898 0.0720
vn 0.1064 0.9898 0.0946
vn 0.0859 0.9898 0.1135
vn 0.0621 0.9898 0.1281
vn 0.0057 0.9997 0.0219
vn 0.0013 0.9997 0.0226
vn -0.0031 0.9997 0.0224
vn -0.0074 0.9997 0.0214
vn -0.0115 0.9997 0.0195
vn -0.0150 0.9997 0.0169
vn -0.0181 0.9997 0.0137
vn -0.0204 0.9997 0.0099
vn -0.0219 0.9997 0.0057
vn -0.0226 0.9997 0.0013
vn -0.0224 0.9997 -0.0031
vn -0.0214 0.9997 -0.0074
vn -0.0195 0.9997 -0.0114
vn -0.0169 0.9997 -0.0150
vn -0.0137 0.9997 -0.0180
vn -0.0099 0.9997 -0.0204
vn -0.0057 0.9997 -0.0219
vn -0.0013 0.9997 -0.0226
vn 0.0031 0.9997 -0.0224
vn 0.0074 0.9997 -0.0214
vn 0.0115 0.9997 -0.0195
vn 0.0150 0.9997 -0.0169
vn 0.0180 0.9997 -0.0137
vn 0.0204 0.9997 -0.0099
vn 0.0219 0.9997 -0.0057
vn 0.0226 0.9997 -0.0013
vn 0.0224 0.9997 0.0031
vn 0.0214 0.9997 0.0074
vn 0.0195 0.9997 0.0114
vn 0.0169 0.9997 0.0150
vn 0.0137 0.9997 0.0180
vn 0.0099 0.9997 0.0204
vn 0.2983 -0.7298 0.6151
vn 0.4126 -0.7298 0.5451
vn 0.5110 -0.7298 0.4541
vn 0.5898 -0.7298 0.3457
vn 0.6459 -0.7298 0.2240
vn 0.6772 -0.7298 0.0937
vn 0.6824 -0.7298 -0.0402
vn 0.6615 -0.7298 -0.1726
vn 0.6151 -0.7298 -0.2983
vn 0.5451 -0.7298 -0.4126
vn 0.4541 -0.7298 -0.5110
vn 0.3457 -0.7298 -0.5898
vn 0.2240 -0.7298 -0.6459
vn 0.0937 -0.7298 -0.6772
vn -0.0402 -0.7298 -0.6824
vn -0.1726 -0.7298 -0.6615
vn -0.2983 -0.7298 -0.6151
vn -0.4126 -0.7298 -0.5451
vn -0.5110 -0.7298 -0.4541
vn -0.5898 -0.7298 -0.3457
vn -0.6459 -0.7298 -0.2240
vn -0.6772 -0.7298 -0.0937
vn -0.6824 -0.7298 0.0402
vn -0.6615 -0.7298 0.1726
vn -0.6151 -0.7298 0.2983
vn -0.5451 -0.7298 0.4126
vn -0.4541 -0.7298 0.5110
vn -0.3457 -0.7298 0.5898
vn -0.2240 -0.7298 0.6459
vn -0.0937 -0.7298 0.6772
vn 0.0402 -0.7298 0.6824
vn 0.1726 -0.7298 0.6615
vn 0.4364 -0.0000 0.8998
vn 0.6035 -0.0000 0.7974
vn 0.7475 -0.0000 0.6643
vn 0.8627 -0.0000 0.5057
vn 0.9448 -0.0000 0.3277
vn 0.9906 -0.0000 0.1371
vn 0.9983 -0.0000 -0.0588
vn 0.9676 -0.0000 -0.2524
vn 0.8998 -0.0000 -0.4364
vn 0.7974 -0.0000 -0.6035
vn 0.6643 -0.0000 -0.7475
vn 0.5057 -0.0000 -0.8627
vn 0.3277 -0.0000 -0.9448
vn 0.1371 -0.0000 -0.9906
vn -0.0588 -0.0000 -0.9983
vn -0.2524 -0.0000 -0.9676
vn -0.4363 -0.0000 -0.8998
vn -0.6035 -0.0000 -0.7974
vn -0.7475 -0.0000 -0.6643
vn -0.8627 -0.0000 -0.5057
vn -0.9448 -0.0000 -0.3277
vn -0.9906 -0.0000 -0.1371
vn -0.9983 -0.0000 0.0588
vn -0.9676 -0.0000 0.2524
vn -0.8998 -0.0000 0.4363
vn -0.7974 -0.0000 0.6035
vn -0.6643 -0.0000 0.7475
vn -0.5057 -0.0000 0.8627
vn -0.3277 -0.0000 0.9448
vn -0.1371 -0.0000 0.9906
vn 0.0588 -0.0000 0.9983
vn 0.2524 -0.0000 0.9676
vn -0.3308 -0.0000 -0.9437
vn 0.1945 -0.0000 0.9809
vn 0.9645 -0.0000 -0.2639
vn 0.9809 -0.0000 -0.1945
vn -0.9437 -0.0000 0.3307
vn -0.2626 -0.0000 -0.9649
vn -0.9809 -0.0000 0.1945
vn 0.9437 -0.0000 -0.3308
vn 0.2628 -0.0000 0.9648
vn 0.3308 -0.0000 0.9437
vn -0.1946 -0.0000 -0.9809
vn -0.9645 -0.0000 0.2639
vn 0.4137 0.8645 -0.2854
vn 0.0381 0.8501 -0.5253
vn 0.7654 0.0245 -0.6431
vn 0.2782 0.0353 -0.9599
vn 0.9734 0.1314 0.1875
vn 0.9582 0.1708 0.2294
vn 0.1224 0.9471 -0.2968
vn 0.0990 0.9951 -0.0000
vn -0.2092 -0.0000 -0.9779
vn 0.0928 0.9954 -0.0215
vn 0.1212 0.2514 -0.9603
vn -0.0289 0.5670 -0.8232
vn 0.1884 -0.0000 -0.9821
vn 0.0619 0.9509 -0.3034
vn 0.1262 0.7904 -0.5995
vn 0.1885 0.0390 -0.9813
vn -0.1706 -0.1691 -0.9707
vn -0.8415 -0.0000 -0.5402
vn 0.0192 0.9519 -0.3057
vn 0.0377 0.7908 -0.6109
vn -0.0381 0.8501 -0.5253
vn 0.8063 0.2368 -0.5420
vn 0.7038 0.5888 -0.3976
vn 0.9205 0.3908 -0.0000
vn 0.9943 0.1062 -0.0000
vn -0.0000 0.7058 -0.7084
vn -0.0000 0.8728 -0.4880
vn 0.0882 0.7047 -0.7040
vn 0.3658 0.5592 -0.7439
vn 0.1943 0.6998 -0.6874
vn 0.2552 0.2949 -0.9208
vn 0.2646 0.6938 -0.6698
vn 0.3429 0.2708 -0.8995
vn 0.1375 0.7030 -0.6978
vn 0.1812 0.2951 -0.9381
vn 0.0431 0.7055 -0.7073
vn 0.0292 0.8729 -0.4871
vn 0.4692 -0.8681 -0.1621
vn 0.5559 -0.8313 -0.0000
vn -0.0000 -0.9520 -0.3059
vn -0.2125 -0.9301 0.2995
vn -0.2669 -0.9301 0.2523
vn -0.3110 -0.9301 0.1954
vn -0.0000 -1.0000 -0.0000
vn 0.0394 -0.9516 -0.3049
vn 0.0888 -0.9495 -0.3009
vn -0.3431 -0.9301 0.1310
vn -0.3621 -0.9301 0.0615
vn -0.0000 -0.9002 0.4354
vn -0.0000 -0.9991 -0.0417
vn 0.0056 -0.9991 -0.0416
vn -0.2437 -0.9340 -0.2615
vn -0.3671 -0.9301 -0.0103
vn -0.3581 -0.9301 -0.0817
vn -0.3352 -0.9301 -0.1500
vn -0.2995 -0.9301 -0.2125
vn -0.6858 -0.7059 -0.1770
vn -0.5009 -0.7059 -0.5008
vn -0.8995 -0.3856 -0.2053
vn -0.9223 -0.3856 -0.0259
vn -0.9097 -0.3856 0.1545
vn -0.8620 -0.3856 0.3290
vn -0.7813 -0.3856 0.4909
vn -0.6705 -0.3856 0.6339
vn -0.1770 -0.7059 0.6858
vn -0.5008 -0.7060 0.5009
vn -0.2053 -0.3856 0.8995
vn -0.0259 -0.3856 0.9223
vn 0.1545 -0.3856 0.9097
vn 0.3290 -0.3856 0.8620
vn 0.4909 -0.3856 0.7813
vn 0.6339 -0.3856 0.6705
vn 0.6858 -0.7059 0.1770
vn 0.5009 -0.7059 0.5008
vn 0.8995 -0.3856 0.2053
vn 0.9223 -0.3856 0.0259
vn 0.9097 -0.3856 -0.1545
vn 0.8620 -0.3856 -0.3290
vn 0.7813 -0.3856 -0.4909
vn 0.6705 -0.3856 -0.6339
vn 0.1770 -0.7060 -0.6858
vn 0.5008 -0.7059 -0.5009
vn 0.2053 -0.3856 -0.8995
vn 0.0259 -0.3856 -0.9223
vn -0.1545 -0.3856 -0.9097
vn -0.3290 -0.3856 -0.8620
vn -0.4909 -0.3856 -0.7813
vn -0.6339 -0.3856 -0.6705
vn -0.1500 -0.9301 0.3352
vn -0.0817 -0.9301 0.3581
vn -0.0103 -0.9301 0.3671
vn 0.0615 -0.9301 0.3621
vn 0.1310 -0.9301 0.3431
vn 0.1954 -0.9301 0.3110
vn 0.2523 -0.9301 0.2669
vn 0.2995 -0.9301 0.2125
vn 0.3353 -0.9301 0.1500
vn 0.3581 -0.9301 0.0817
vn 0.3671 -0.9301 0.0103
vn 0.3621 -0.9301 -0.0615
vn 0.3431 -0.9301 -0.1310
vn 0.3110 -0.9301 -0.1954
vn 0.2669 -0.9301 -0.2523
vn 0.2126 -0.9301 -0.2995
vn 0.1500 -0.9301 -0.3352
vn 0.0817 -0.9301 -0.3581
vn 0.0103 -0.9301 -0.3671
vn -0.0615 -0.9301 -0.3621
vn -0.1310 -0.9301 -0.3431
vn -0.1954 -0.9301 -0.3110
vn -0.2523 -0.9301 -0.2669
vn 0.3149 -0.8390 -0.4438
vn 0.3954 -0.8390 -0.3738
vn 0.4608 -0.8390 -0.2895
vn 0.5084 -0.8390 -0.1940
vn 0.5365 -0.8390 -0.0911
vn 0.5439 -0.8390 0.0153
vn 0.5305 -0.8390 0.1211
vn 0.4967 -0.8390 0.2223
vn 0.4438 -0.8390 0.3149
vn 0.2223 -0.8390 -0.4967
vn 0.1211 -0.8390 -0.5305
vn 0.0153 -0.8390 -0.5439
vn -0.0911 -0.8390 -0.5365
vn -0.1940 -0.8390 -0.5084
vn -0.2895 -0.8390 -0.4607
vn -0.3738 -0.8390 -0.3954
vn -0.4438 -0.8390 -0.3149
vn -0.4967 -0.8390 -0.2223
vn -0.5305 -0.8390 -0.1211
vn -0.5439 -0.8390 -0.0153
vn -0.5365 -0.8390 0.0911
vn -0.5084 -0.8390 0.1940
vn -0.4608 -0.8390 0.2895
vn -0.3954 -0.8390 0.3738
vn -0.3149 -0.8390 0.4438
vn -0.2223 -0.8390 0.4967
vn -0.1211 -0.8390 0.5305
vn -0.0153 -0.8390 0.5439
vn 0.0911 -0.8390 0.5365
vn 0.1940 -0.8390 0.5084
vn 0.2895 -0.8390 0.4608
vn 0.3738 -0.8390 0.3954
vn -0.3974 -0.2316 0.8879
vn -0.2165 -0.2316 0.9484
vn 0.9089 -0.2316 -0.3469
vn 0.8237 -0.2316 -0.5175
vn -0.0273 -0.2316 0.9724
vn 0.9591 -0.2316 -0.1629
vn -0.8879 -0.2316 -0.3974
vn -0.9484 -0.2316 -0.2165
vn 0.1629 -0.2316 0.9591
vn 0.9724 -0.2316 0.0273
vn -0.7934 -0.2316 -0.5630
vn 0.3469 -0.2316 0.9089
vn 0.9484 -0.2316 0.2165
vn -0.6683 -0.2316 -0.7069
vn 0.5175 -0.2316 0.8237
vn 0.8879 -0.2316 0.3974
vn -0.5175 -0.2316 -0.8237
vn 0.6683 -0.2316 0.7069
vn 0.7934 -0.2316 0.5630
vn -0.3469 -0.2316 -0.9089
vn -0.9724 -0.2316 -0.0273
vn -0.1629 -0.2316 -0.9591
vn -0.9591 -0.2316 0.1629
vn 0.0273 -0.2316 -0.9724
vn -0.9089 -0.2316 0.3469
vn 0.2165 -0.2316 -0.9484
vn -0.8237 -0.2316 0.5175
vn 0.3974 -0.2316 -0.8879
vn -0.7069 -0.2316 0.6683
vn 0.5630 -0.2316 -0.7934
vn -0.5630 -0.2316 0.7934
vn 0.7069 -0.2316 -0.6683
vn -0.8985 0.3290 -0.2905
vn -0.7067 0.3290 -0.6264
vn 0.8985 0.3290 0.2905
vn 0.7067 0.3290 0.6264
vn -0.2905 0.3290 0.8985
vn -0.6264 0.3291 0.7067
vn 0.2905 0.3291 -0.8985
vn 0.6264 0.3290 -0.7067
vn 0.3176 0.6857 0.6550
vn 0.4393 0.6857 0.5804
vn 0.5441 0.6857 0.4835
vn 0.6280 0.6857 0.3681
vn 0.6877 0.6857 0.2385
vn 0.7210 0.6857 0.0998
vn 0.7266 0.6857 -0.0428
vn 0.7043 0.6857 -0.1837
vn 0.6550 0.6857 -0.3176
vn 0.5804 0.6857 -0.4393
vn 0.4835 0.6857 -0.5441
vn 0.3681 0.6857 -0.6280
vn 0.2385 0.6857 -0.6877
vn 0.0998 0.6857 -0.7210
vn -0.0428 0.6857 -0.7266
vn -0.1837 0.6857 -0.7043
vn -0.3176 0.6857 -0.6549
vn -0.4393 0.6857 -0.5804
vn -0.5441 0.6857 -0.4835
vn -0.6280 0.6857 -0.3681
vn -0.6877 0.6857 -0.2385
vn -0.7210 0.6857 -0.0998
vn -0.7266 0.6857 0.0428
vn -0.7043 0.6857 0.1837
vn -0.6549 0.6857 0.3176
vn -0.5804 0.6857 0.4393
vn -0.4835 0.6857 0.5441
vn -0.3681 0.6857 0.6279
vn -0.2385 0.6857 0.6877
vn -0.0998 0.6857 0.7210
vn 0.0428 0.6857 0.7266
vn 0.1837 0.6857 0.7043
vn 0.4355 -0.0611 0.8981
vn 0.6024 -0.0611 0.7959
vn 0.7461 -0.0611 0.6631
vn 0.8611 -0.0611 0.5048
vn 0.9430 -0.0611 0.3271
vn 0.9887 -0.0611 0.1368
vn 0.9964 -0.0611 -0.0587
vn 0.9658 -0.0611 -0.2519
vn 0.8981 -0.0611 -0.4355
vn 0.7959 -0.0611 -0.6024
vn 0.6631 -0.0611 -0.7461
vn 0.5048 -0.0611 -0.8611
vn 0.3271 -0.0611 -0.9430
vn 0.1368 -0.0611 -0.9887
vn -0.0587 -0.0611 -0.9964
vn -0.2520 -0.0611 -0.9658
vn -0.4355 -0.0611 -0.8981
vn -0.6024 -0.0611 -0.7959
vn -0.7461 -0.0611 -0.6631
vn -0.8611 -0.0611 -0.5048
vn -0.9430 -0.0611 -0.3271
vn -0.9887 -0.0611 -0.1368
vn -0.9964 -0.0611 0.0587
vn -0.9658 -0.0611 0.2520
vn -0.8981 -0.0611 0.4355
vn -0.7959 -0.0611 0.6024
vn -0.6631 -0.0611 0.7461
vn -0.5048 -0.0611 0.8611
vn -0.3271 -0.0611 0.9430
vn -0.1368 -0.0611 0.9887
vn 0.0587 -0.0611 0.9964
vn 0.2520 -0.0611 0.9658
vn 0.4228 -0.2471 0.8719
vn 0.5848 -0.2471 0.7726
vn 0.7243 -0.2471 0.6437
vn 0.8359 -0.2471 0.4900
vn 0.9155 -0.2471 0.3175
vn 0.9598 -0.2471 0.1328
vn 0.9673 -0.2471 -0.0570
vn 0.9376 -0.2471 -0.2446
vn 0.8719 -0.2471 -0.4228
vn 0.7726 -0.2471 -0.5848
vn 0.6437 -0.2471 -0.7243
vn 0.4900 -0.2471 -0.8359
vn 0.3175 -0.2471 -0.9155
vn 0.1328 -0.2471 -0.9598
vn -0.0570 -0.2471 -0.9673
vn -0.2446 -0.2471 -0.9376
vn -0.4228 -0.2471 -0.8719
vn -0.5848 -0.2471 -0.7726
vn -0.7243 -0.2471 -0.6437
vn -0.8359 -0.2471 -0.4900
vn -0.9155 -0.2471 -0.3175
vn -0.9598 -0.2471 -0.1328
vn -0.9673 -0.2471 0.0570
vn -0.9376 -0.2471 0.2446
vn -0.8719 -0.2471 0.4228
vn -0.7726 -0.2471 0.5848
vn -0.6437 -0.2471 0.7243
vn -0.4900 -0.2471 0.8359
vn -0.3175 -0.2471 0.9155
vn -0.1328 -0.2471 0.9598
vn 0.0570 -0.2471 0.9673
vn 0.2446 -0.2471 0.9376
vn 0.1956 -0.6323 0.7497
vn 0.0456 -0.6323 0.7734
vn -0.1062 -0.6323 0.7674
vn -0.2539 -0.6323 0.7320
vn -0.3918 -0.6323 0.6684
vn -0.5147 -0.6323 0.5791
vn -0.6177 -0.6323 0.4676
vn -0.6971 -0.6323 0.3381
vn -0.7497 -0.6323 0.1956
vn -0.7734 -0.6323 0.0456
vn -0.7674 -0.6323 -0.1062
vn -0.7320 -0.6323 -0.2539
vn -0.6684 -0.6323 -0.3918
vn -0.5791 -0.6323 -0.5147
vn -0.4676 -0.6323 -0.6178
vn -0.3381 -0.6323 -0.6971
vn -0.1956 -0.6323 -0.7497
vn -0.0456 -0.6323 -0.7734
vn 0.1062 -0.6323 -0.7674
vn 0.2539 -0.6323 -0.7320
vn 0.3918 -0.6323 -0.6684
vn 0.5147 -0.6323 -0.5791
vn 0.6178 -0.6323 -0.4676
vn 0.6971 -0.6323 -0.3381
vn 0.7497 -0.6323 -0.1956
vn 0.7734 -0.6323 -0.0456
vn 0.7674 -0.6323 0.1062
vn 0.7320 -0.6323 0.2539
vn 0.6684 -0.6323 0.3918
vn 0.5791 -0.6323 0.5147
vn 0.4676 -0.6323 0.6178
vn 0.3381 -0.6323 0.6971
vn 0.0992 -0.9195 0.3804
vn 0.0231 -0.9195 0.3924
vn -0.0539 -0.9195 0.3894
vn -0.1288 -0.9195 0.3714
vn -0.1988 -0.9195 0.3391
vn -0.2612 -0.9195 0.2938
vn -0.3135 -0.9195 0.2372
vn -0.3537 -0.9195 0.1715
vn -0.3804 -0.9195 0.0992
vn -0.3924 -0.9195 0.0231
vn -0.3894 -0.9195 -0.0539
vn -0.3714 -0.9195 -0.1288
vn -0.3391 -0.9195 -0.1988
vn -0.2938 -0.9195 -0.2611
vn -0.2372 -0.9195 -0.3135
vn -0.1715 -0.9195 -0.3537
vn -0.0992 -0.9195 -0.3804
vn -0.0231 -0.9195 -0.3924
vn 0.0539 -0.9195 -0.3894
vn 0.1288 -0.9195 -0.3714
vn 0.1988 -0.9195 -0.3391
vn 0.2611 -0.9195 -0.2938
vn 0.3135 -0.9195 -0.2372
vn 0.3537 -0.9195 -0.1715
vn 0.3804 -0.9195 -0.0992
vn 0.3924 -0.9195 -0.0231
vn 0.3894 -0.9195 0.0539
vn 0.3714 -0.9195 0.1288
vn 0.3391 -0.9195 0.1988
vn 0.2938 -0.9195 0.2611
vn 0.2372 -0.9195 0.3135
vn 0.1715 -0.9195 0.3537
vn 0.0359 -0.9898 0.1377
vn 0.0084 -0.9898 0.1421
vn -0.0195 -0.9898 0.1410
vn -0.0466 -0.9898 0.1345
vn -0.0720 -0.9898 0.1228
vn -0.0946 -0.9898 0.1064
vn -0.1135 -0.9898 0.0859
vn -0.1281 -0.9898 0.0621
vn -0.1377 -0.9898 0.0359
vn -0.1421 -0.9898 0.0084
vn -0.1410 -0.9898 -0.0195
vn -0.1345 -0.9898 -0.0466
vn -0.1228 -0.9898 -0.0720
vn -0.1064 -0.9898 -0.0946
vn -0.0859 -0.9898 -0.1135
vn -0.0621 -0.9898 -0.1281
vn -0.0359 -0.9898 -0.1377
vn -0.0084 -0.9898 -0.1421
vn 0.0195 -0.9898 -0.1410
vn 0.0466 -0.9898 -0.1345
vn 0.0720 -0.9898 -0.1228
vn 0.0946 -0.9898 -0.1064
vn 0.1135 -0.9898 -0.0859
vn 0.1281 -0.9898 -0.0621
vn 0.1377 -0.9898 -0.0359
vn 0.1421 -0.9898 -0.0084
vn 0.1410 -0.9898 0.0195
vn 0.1345 -0.9898 0.0466
vn 0.1228 -0.9898 0.0720
vn 0.1064 -0.9898 0.0946
vn 0.0859 -0.9898 0.1135
vn 0.0621 -0.9898 0.1281
vn 0.0057 -0.9997 0.0219
vn 0.0013 -0.9997 0.0226
vn -0.0031 -0.9997 0.0224
vn -0.0074 -0.9997 0.0214
vn -0.0114 -0.9997 0.0195
vn -0.0150 -0.9997 0.0169
vn -0.0181 -0.9997 0.0137
vn -0.0204 -0.9997 0.0099
vn -0.0219 -0.9997 0.0057
vn -0.0226 -0.9997 0.0013
vn -0.0224 -0.9997 -0.0031
vn -0.0214 -0.9997 -0.0074
vn -0.0195 -0.9997 -0.0114
vn -0.0169 -0.9997 -0.0150
vn -0.0136 -0.9997 -0.0180
vn -0.0099 -0.9997 -0.0204
vn -0.0057 -0.9997 -0.0219
vn -0.0013 -0.9997 -0.0226
vn 0.0031 -0.9997 -0.0224
vn 0.0074 -0.9997 -0.0214
vn 0.0114 -0.9997 -0.0195
vn 0.0150 -0.9997 -0.0169
vn 0.0181 -0.9997 -0.0137
vn 0.0204 -0.9997 -0.0099
vn 0.0219 -0.9997 -0.0057
vn 0.0226 -0.9997 -0.0013
vn 0.0225 -0.9997 0.0031
vn 0.0214 -0.9997 0.0074
vn 0.0195 -0.9997 0.0114
vn 0.0169 -0.9997 0.0150
vn 0.0137 -0.9997 0.0180
vn 0.0099 -0.9997 0.0204
vn 0.2983 0.7298 0.6151
vn 0.4126 0.7298 0.5451
vn 0.5110 0.7298 0.4541
vn 0.5898 0.7298 0.3457
vn 0.6459 0.7298 0.2240
vn 0.6772 0.7298 0.0937
vn 0.6824 0.7298 -0.0402
vn 0.6615 0.7298 -0.1726
vn 0.6151 0.7298 -0.2983
vn 0.5451 0.7298 -0.4126
vn 0.4541 0.7298 -0.5110
vn 0.3457 0.7298 -0.5898
vn 0.2240 0.7298 -0.6459
vn 0.0937 0.7298 -0.6772
vn -0.0402 0.7298 -0.6824
vn -0.1726 0.7298 -0.6615
vn -0.2983 0.7298 -0.6151
vn -0.4126 0.7298 -0.5451
vn -0.5110 0.7298 -0.4541
vn -0.5898 0.7298 -0.3457
vn -0.6459 0.7298 -0.2240
vn -0.6772 0.7298 -0.0937
vn -0.6824 0.7298 0.0402
vn -0.6615 0.7298 0.1726
vn -0.6151 0.7298 0.2983
vn -0.5451 0.7298 0.4126
vn -0.4541 0.7298 0.5110
vn -0.3457 0.7298 0.5898
vn -0.2240 0.7298 0.6459
vn -0.0937 0.7298 0.6772
vn 0.0402 0.7298 0.6824
vn 0.1726 0.7298 0.6615
vn 0.4149 -0.8640 -0.2853
vn -0.6319 0.6239 -0.4599
vn 0.7654 -0.0245 -0.6431
vn 0.2842 -0.0406 -0.9579
vn 0.9734 -0.1314 0.1875
vn 0.9582 -0.1708 0.2294
vn 0.1224 -0.9471 -0.2968
vn 0.0990 -0.9951 -0.0000
vn 0.6692 -0.6464 -0.3664
vn 0.1099 -0.2600 -0.9593
vn -0.6796 -0.7335 -0.0000
vn 0.0619 -0.9509 -0.3034
vn 0.0089 -0.9991 -0.0416
vn 0.1885 -0.0390 -0.9813
vn 0.0192 -0.9519 -0.3057
vn 0.4805 -0.7324 0.4824
vn 0.0027 -0.9991 -0.0417
vn -0.8349 0.0253 -0.5498
vn 0.8061 -0.2386 -0.5416
vn 0.7036 -0.5884 -0.3983
vn 0.9205 -0.3908 -0.0000
vn 0.9943 -0.1062 -0.0000
vn -0.0000 -0.7058 -0.7084
vn -0.0000 -0.8728 -0.4880
vn 0.0882 -0.7047 -0.7040
vn 0.3658 -0.5592 -0.7439
vn 0.1955 -0.6992 -0.6877
vn 0.2687 -0.2902 -0.9185
vn 0.2655 -0.6789 -0.6845
vn 0.3722 -0.2908 -0.8814
vn 0.1375 -0.7030 -0.6978
vn 0.1812 -0.2951 -0.9381
vn 0.0431 -0.7055 -0.7073
vn 0.0292 -0.8729 -0.4871
vn 0.4853 -0.0000 -0.8744
vn 0.4116 0.5076 -0.7569
vn 0.8358 0.4692 -0.2852
vn -0.0925 -0.7656 0.6367
vn -0.2799 -0.9387 0.2010
vn 0.8358 -0.4692 -0.2852
vn 0.2014 -0.9480 0.2465
vn -0.3181 -0.9070 0.2760
vn 0.1863 -0.9671 0.1733
vn 0.0324 -0.9994 -0.0143
vn 0.0234 -0.9996 0.0169
vn -0.0304 -0.9994 0.0137
vn -0.0202 -0.9996 -0.0183
vn 0.7293 0.4739 -0.4934
vn 0.2362 0.9532 -0.1888
vn -0.0831 0.9669 -0.2412
vn -0.6033 0.1053 -0.7906
vn -0.7433 -0.4713 0.4748
vn -0.5785 0.7385 0.3464
vn 0.2240 0.9548 0.1954
vn 0.5860 -0.1164 0.8019
vn -0.5340 -0.7866 0.3101
vn -0.3290 -0.4770 -0.8150
vn 0.7240 -0.4233 -0.5447
vn 0.6334 -0.5559 0.5383
vn 0.5271 0.7844 -0.3270
vn -0.7349 0.4274 0.5266
vn -0.6450 0.5544 -0.5259
vn 0.3088 0.4705 0.8266
vn 0.6969 -0.0000 0.7171
vn 0.3915 0.8273 0.4029
vn -0.4366 0.7795 -0.4492
vn -0.6969 -0.0000 -0.7171
vn 0.3915 -0.8273 0.4029
vn -0.4366 -0.7795 -0.4492
vn 0.8261 0.5603 0.0591
vn 0.9989 -0.0000 0.0463
vn 0.0396 0.6043 -0.7958
vn 0.8261 -0.5603 0.0591
vn 0.0396 -0.6043 -0.7958
vn 0.0490 -0.0000 -0.9988
vn -0.5996 0.5824 -0.5488
vn -0.0000 -0.3319 0.9433
vn -0.4274 -0.5066 -0.7488
vn -0.0000 0.8062 -0.5916
vn 0.0788 0.8023 -0.5918
vn 0.5797 0.7054 -0.4078
vn 0.1220 0.8015 -0.5854
vn 0.0383 0.8035 -0.5941
vn -0.6796 -0.7336 -0.0000
vn -0.6031 -0.7977 -0.0000
vn -0.1792 -0.9652 0.1903
vn 0.3618 -0.6614 0.6570
vn -0.0955 -0.7496 0.6550
vn -0.6022 -0.6410 0.4759
vn 0.3422 -0.7268 0.5955
vn -0.0000 -0.7121 0.7021
vn -0.5316 -0.7821 0.3251
vn 0.0575 -0.8418 0.5366
vn 0.0347 -0.9994 -0.0000
vn -0.0330 -0.9995 -0.0000
vn 0.5429 0.8398 -0.0000
vn -0.8011 0.5985 -0.0000
vn -0.5429 -0.8398 -0.0000
vn 0.8011 -0.5985 -0.0000
vn -0.0000 0.9063 -0.4227
vn -0.0000 0.9041 0.4273
vn 0.0569 0.9062 -0.4190
vn -0.0556 0.9041 0.4236
vn 0.0889 0.9067 -0.4124
vn -0.0868 0.9035 0.4197
vn 0.0271 0.9058 -0.4229
vn -0.0264 0.9047 0.4253
vn -0.7035 0.7106 -0.0000
vn 0.3423 0.9396 -0.0000
vn -0.7035 0.7107 -0.0000
vn 0.3129 0.8989 -0.3068
vn -0.2113 0.9509 0.2261
vn -0.0000 0.9120 -0.4103
vn -0.0000 0.8980 0.4399
vn 0.0531 0.9132 -0.4040
vn -0.0591 0.8965 0.4391
vn 0.0823 0.9146 -0.3958
vn -0.0932 0.8946 0.4370
vn 0.0253 0.9127 -0.4079
vn -0.0279 0.8972 0.4407
vn 0.1549 0.9818 -0.1103
vn -0.6525 0.7030 0.2828
vn -0.4692 0.8681 -0.1621
vn -1.0000 -0.0000 -0.0000
vn -0.5559 0.8313 -0.0000
vn 0.2125 0.9301 0.2995
vn -0.5595 0.0618 -0.8266
vn 0.2669 0.9301 0.2523
vn 0.3110 0.9301 0.1954
vn -0.6378 0.7702 -0.0000
vn -0.6555 -0.4881 -0.5763
vn -0.2841 -0.0000 -0.9588
vn -0.7612 -0.0000 -0.6485
vn -0.0394 0.9516 -0.3049
vn -0.0888 0.9495 -0.3009
vn -0.8693 -0.0000 0.4944
vn -0.9199 -0.0000 0.3921
vn 0.3431 0.9301 0.1310
vn 0.3621 0.9301 0.0615
vn -0.6095 0.6833 -0.4020
vn -0.0803 0.7896 -0.6083
vn -0.6377 0.7702 -0.0000
vn -0.2995 0.9106 -0.2847
vn 0.3671 0.9301 -0.0103
vn 0.3581 0.9301 -0.0817
vn 0.3352 0.9301 -0.1500
vn 0.2995 0.9301 -0.2125
vn 0.8155 -0.0000 -0.5787
vn 0.9128 -0.0000 -0.4085
vn 0.9749 -0.0000 -0.2226
vn 0.9996 -0.0000 -0.0281
vn 0.9859 -0.0000 0.1675
vn 0.9343 -0.0000 0.3566
vn 0.8467 -0.0000 0.5320
vn 0.7267 -0.0000 0.6870
vn 0.5787 -0.0000 0.8155
vn 0.4085 -0.0000 0.9128
vn 0.2226 -0.0000 0.9749
vn 0.0281 -0.0000 0.9996
vn -0.1675 -0.0000 0.9859
vn -0.3566 -0.0000 0.9343
vn -0.5320 -0.0000 0.8467
vn -0.6870 -0.0000 0.7267
vn -0.8155 -0.0000 0.5787
vn -0.9128 -0.0000 0.4085
vn -0.9749 -0.0000 0.2226
vn -0.9996 -0.0000 0.0281
vn -0.9859 -0.0000 -0.1675
vn -0.9343 -0.0000 -0.3566
vn -0.8467 -0.0000 -0.5320
vn -0.7267 -0.0000 -0.6870
vn -0.5787 -0.0000 -0.8155
vn -0.4085 -0.0000 -0.9128
vn -0.2226 -0.0000 -0.9749
vn -0.0281 -0.0000 -0.9996
vn 0.1675 -0.0000 -0.9859
vn 0.3566 -0.0000 -0.9343
vn 0.5320 -0.0000 -0.8467
vn 0.6870 -0.0000 -0.7267
vn 0.6858 0.7059 -0.1770
vn 0.5009 0.7059 -0.5008
vn 0.8995 0.3856 -0.2053
vn 0.9223 0.3856 -0.0259
vn 0.9097 0.3856 0.1545
vn 0.8620 0.3856 0.3290
vn 0.7813 0.3856 0.4909
vn 0.6705 0.3856 0.6339
vn 0.1770 0.7059 0.6858
vn 0.5008 0.7060 0.5009
vn 0.2053 0.3856 0.8995
vn 0.0259 0.3856 0.9223
vn -0.1545 0.3856 0.9097
vn -0.3290 0.3856 0.8620
vn -0.4909 0.3856 0.7813
vn -0.6339 0.3856 0.6705
vn -0.6858 0.7059 0.1770
vn -0.5009 0.7059 0.5008
vn -0.8995 0.3856 0.2053
vn -0.9223 0.3856 0.0259
vn -0.9097 0.3856 -0.1545
vn -0.8620 0.3856 -0.3290
vn -0.7813 0.3856 -0.4909
vn -0.6705 0.3856 -0.6339
vn -0.1770 0.7060 -0.6858
vn -0.5008 0.7059 -0.5009
vn -0.2053 0.3856 -0.8995
vn -0.0259 0.3856 -0.9223
vn 0.1545 0.3856 -0.9097
vn 0.3290 0.3856 -0.8620
vn 0.4909 0.3856 -0.7813
vn 0.6339 0.3856 -0.6705
vn 0.1500 0.9301 0.3352
vn 0.0817 0.9301 0.3581
vn 0.0103 0.9301 0.3671
vn -0.0615 0.9301 0.3621
vn -0.1310 0.9301 0.3431
vn -0.1954 0.9301 0.3110
vn -0.2523 0.9301 0.2669
vn -0.2995 0.9301 0.2125
vn -0.3353 0.9301 0.1500
vn -0.3581 0.9301 0.0817
vn -0.3671 0.9301 0.0103
vn -0.3621 0.9301 -0.0615
vn -0.3431 0.9301 -0.1310
vn -0.3110 0.9301 -0.1954
vn -0.2669 0.9301 -0.2523
vn -0.2125 0.9301 -0.2995
vn -0.1500 0.9301 -0.3353
vn -0.0817 0.9301 -0.3581
vn -0.0103 0.9301 -0.3671
vn 0.0615 0.9301 -0.3621
vn 0.1310 0.9301 -0.3431
vn 0.1954 0.9301 -0.3110
vn 0.2523 0.9301 -0.2669
vn -0.3149 0.8390 -0.4438
vn -0.3954 0.8390 -0.3738
vn -0.4608 0.8390 -0.2895
vn -0.5084 0.8390 -0.1940
vn -0.5365 0.8390 -0.0911
vn -0.5439 0.8390 0.0153
vn -0.5305 0.8390 0.1211
vn -0.4967 0.8390 0.2223
vn -0.4438 0.8390 0.3149
vn -0.2223 0.8390 -0.4967
vn -0.1211 0.8390 -0.5305
vn -0.0153 0.8390 -0.5439
vn 0.0911 0.8390 -0.5365
vn 0.1940 0.8390 -0.5084
vn 0.2895 0.8390 -0.4607
vn 0.3738 0.8390 -0.3954
vn 0.4438 0.8390 -0.3149
vn 0.4967 0.8390 -0.2223
vn 0.5305 0.8390 -0.1211
vn 0.5439 0.8390 -0.0153
vn 0.5365 0.8390 0.0911
vn 0.5084 0.8390 0.1940
vn 0.4608 0.8390 0.2895
vn 0.3954 0.8390 0.3738
vn 0.3149 0.8390 0.4438
vn 0.2223 0.8390 0.4967
vn 0.1211 0.8390 0.5305
vn 0.0153 0.8390 0.5439
vn -0.0911 0.8390 0.5365
vn -0.1940 0.8390 0.5084
vn -0.2895 0.8390 0.4608
vn -0.3738 0.8390 0.3954
vn 0.3974 0.2316 0.8879
vn 0.2165 0.2316 0.9484
vn -0.9089 0.2316 -0.3469
vn -0.8237 0.2316 -0.5175
vn 0.0273 0.2316 0.9724
vn -0.9591 0.2316 -0.1629
vn 0.8879 0.2316 -0.3974
vn 0.9484 0.2316 -0.2165
vn -0.1629 0.2316 0.9591
vn -0.9724 0.2316 0.0273
vn 0.7934 0.2316 -0.5630
vn -0.3469 0.2316 0.9089
vn -0.9484 0.2316 0.2165
vn 0.6683 0.2316 -0.7069
vn -0.5175 0.2316 0.8237
vn -0.8879 0.2316 0.3974
vn 0.5175 0.2316 -0.8237
vn -0.6683 0.2316 0.7069
vn -0.7934 0.2316 0.5630
vn 0.3469 0.2316 -0.9089
vn 0.9724 0.2316 -0.0273
vn 0.1629 0.2316 -0.9591
vn 0.9591 0.2316 0.1629
vn -0.0273 0.2316 -0.9724
vn 0.9089 0.2316 0.3469
vn -0.2165 0.2316 -0.9484
vn 0.8237 0.2316 0.5175
vn -0.3974 0.2316 -0.8879
vn 0.7069 0.2316 0.6683
vn -0.5630 0.2316 -0.7934
vn 0.5630 0.2316 0.7934
vn -0.7069 0.2316 -0.6683
vn 0.8985 -0.3290 -0.2905
vn 0.7067 -0.3290 -0.6264
vn -0.8985 -0.3290 0.2905
vn -0.7067 -0.3290 0.6264
vn 0.2905 -0.3290 0.8985
vn 0.6264 -0.3291 0.7067
vn 0.2225 -0.0000 0.9749
vn -0.2905 -0.3291 -0.8985
vn -0.6264 -0.3290 -0.7067
vn -0.2225 -0.0000 -0.9749
vn -0.0832 0.9963 -0.0227
vn -0.0832 -0.9963 -0.0227
vn 0.0227 -0.9963 -0.0832
vn 0.0227 0.9963 -0.0832
vn 0.0832 -0.9963 0.0227
vn 0.0832 0.9963 0.0227
vn -0.0227 0.9963 0.0832
vn -0.0227 -0.9963 0.0832
vn -0.3176 -0.6857 0.6550
vn -0.4393 -0.6857 0.5804
vn -0.5441 -0.6857 0.4835
vn -0.6280 -0.6857 0.3681
vn -0.6877 -0.6857 0.2385
vn -0.7210 -0.6857 0.0998
vn -0.7266 -0.6857 -0.0428
vn -0.7043 -0.6857 -0.1837
vn -0.6550 -0.6857 -0.3176
vn -0.5804 -0.6857 -0.4393
vn -0.4835 -0.6857 -0.5441
vn -0.3681 -0.6857 -0.6280
vn -0.2385 -0.6857 -0.6877
vn -0.0998 -0.6857 -0.7210
vn 0.0428 -0.6857 -0.7266
vn 0.1837 -0.6857 -0.7043
vn 0.3176 -0.6857 -0.6549
vn 0.4393 -0.6857 -0.5804
vn 0.5441 -0.6857 -0.4835
vn 0.6280 -0.6857 -0.3681
vn 0.6877 -0.6857 -0.2385
vn 0.7210 -0.6857 -0.0998
vn 0.7266 -0.6857 0.0428
vn 0.7043 -0.6857 0.1837
vn 0.6549 -0.6857 0.3176
vn 0.5804 -0.6857 0.4393
vn 0.4836 -0.6857 0.5441
vn 0.3681 -0.6857 0.6279
vn 0.2385 -0.6857 0.6877
vn 0.0998 -0.6857 0.7210
vn -0.0428 -0.6857 0.7266
vn -0.1837 -0.6857 0.7043
vn -0.4355 0.0611 0.8981
vn -0.6024 0.0611 0.7959
vn -0.7461 0.0611 0.6631
vn -0.8611 0.0611 0.5048
vn -0.9430 0.0611 0.3271
vn -0.9887 0.0611 0.1368
vn -0.9964 0.0611 -0.0587
vn -0.9658 0.0611 -0.2520
vn -0.8981 0.0611 -0.4355
vn -0.7959 0.0611 -0.6024
vn -0.6631 0.0611 -0.7461
vn -0.5048 0.0611 -0.8611
vn -0.3271 0.0611 -0.9430
vn -0.1368 0.0611 -0.9887
vn 0.0587 0.0611 -0.9964
vn 0.2520 0.0611 -0.9658
vn 0.4355 0.0611 -0.8981
vn 0.6024 0.0611 -0.7959
vn 0.7461 0.0611 -0.6631
vn 0.8611 0.0611 -0.5048
vn 0.9430 0.0611 -0.3271
vn 0.9887 0.0611 -0.1368
vn 0.9964 0.0611 0.0587
vn 0.9658 0.0611 0.2520
vn 0.8981 0.0611 0.4355
vn 0.7959 0.0611 0.6024
vn 0.6631 0.0611 0.7461
vn 0.5048 0.0611 0.8611
vn 0.3271 0.0611 0.9430
vn 0.1368 0.0611 0.9887
vn -0.0587 0.0611 0.9964
vn -0.2520 0.0611 0.9658
vn -0.4228 0.2471 0.8719
vn -0.5848 0.2471 0.7726
vn -0.7243 0.2471 0.6437
vn -0.8359 0.2471 0.4900
vn -0.9155 0.2471 0.3175
vn -0.9598 0.2471 0.1328
vn -0.9673 0.2471 -0.0570
vn -0.9376 0.2471 -0.2446
vn -0.8719 0.2471 -0.4228
vn -0.7726 0.2471 -0.5848
vn -0.6437 0.2471 -0.7243
vn -0.4900 0.2471 -0.8359
vn -0.3175 0.2471 -0.9155
vn -0.1328 0.2471 -0.9598
vn 0.0570 0.2471 -0.9673
vn 0.2446 0.2471 -0.9376
vn 0.4228 0.2471 -0.8719
vn 0.5848 0.2471 -0.7726
vn 0.7243 0.2471 -0.6437
vn 0.8359 0.2471 -0.4900
vn 0.9155 0.2471 -0.3175
vn 0.9598 0.2471 -0.1328
vn 0.9673 0.2471 0.0570
vn 0.9376 0.2471 0.2446
vn 0.8719 0.2471 0.4228
vn 0.7726 0.2471 0.5848
vn 0.6437 0.2471 0.7243
vn 0.4900 0.2471 0.8359
vn 0.3175 0.2471 0.9155
vn 0.1328 0.2471 0.9598
vn -0.0570 0.2471 0.9673
vn -0.2446 0.2471 0.9376
vn -0.1956 0.6323 0.7497
vn -0.0456 0.6323 0.7734
vn 0.1062 0.6323 0.7674
vn 0.2539 0.6323 0.7320
vn 0.3918 0.6323 0.6684
vn 0.5147 0.6323 0.5791
vn 0.6178 0.6323 0.4676
vn 0.6971 0.6323 0.3381
vn 0.7497 0.6323 0.1956
vn 0.7734 0.6323 0.0456
vn 0.7674 0.6323 -0.1062
vn 0.7320 0.6323 -0.2539
vn 0.6684 0.6323 -0.3918
vn 0.5791 0.6323 -0.5147
vn 0.4676 0.6323 -0.6178
vn 0.3381 0.6323 -0.6971
vn 0.1956 0.6323 -0.7497
vn 0.0456 0.6323 -0.7734
vn -0.1062 0.6323 -0.7674
vn -0.2539 0.6323 -0.7320
vn -0.3918 0.6323 -0.6684
vn -0.5147 0.6323 -0.5791
vn -0.6178 0.6323 -0.4676
vn -0.6971 0.6323 -0.3381
vn -0.7497 0.6323 -0.1956
vn -0.7734 0.6323 -0.0456
vn -0.7674 0.6323 0.1062
vn -0.7320 0.6323 0.2539
vn -0.6684 0.6323 0.3918
vn -0.5791 0.6323 0.5147
vn -0.4676 0.6323 0.6178
vn -0.3381 0.6323 0.6971
vn -0.0992 0.9195 0.3804
vn -0.0231 0.9195 0.3924
vn 0.0539 0.9195 0.3894
vn 0.1288 0.9195 0.3714
vn 0.1988 0.9195 0.3391
vn 0.2612 0.9195 0.2938
vn 0.3135 0.9195 0.2372
vn 0.3537 0.9195 0.1715
vn 0.3804 0.9195 0.0992
vn 0.3924 0.9195 0.0231
vn 0.3894 0.9195 -0.0539
vn 0.3714 0.9195 -0.1288
vn 0.3391 0.9195 -0.1988
vn 0.2938 0.9195 -0.2611
vn 0.2373 0.9195 -0.3135
vn 0.1715 0.9195 -0.3537
vn 0.0992 0.9195 -0.3804
vn 0.0231 0.9195 -0.3924
vn -0.0539 0.9195 -0.3894
vn -0.1288 0.9195 -0.3714
vn -0.1988 0.9195 -0.3391
vn -0.2611 0.9195 -0.2938
vn -0.3135 0.9195 -0.2373
vn -0.3537 0.9195 -0.1715
vn -0.3804 0.9195 -0.0992
vn -0.3924 0.9195 -0.0231
vn -0.3894 0.9195 0.0539
vn -0.3714 0.9195 0.1288
vn -0.3391 0.9195 0.1988
vn -0.2938 0.9195 0.2611
vn -0.2372 0.9195 0.3135
vn -0.1715 0.9195 0.3537
vn -0.0359 0.9898 0.1377
vn -0.0084 0.9898 0.1421
vn 0.0195 0.9898 0.1410
vn 0.0466 0.9898 0.1345
vn 0.0720 0.9898 0.1228
vn 0.0946 0.9898 0.1064
vn 0.1135 0.9898 0.0859
vn 0.1281 0.9898 0.0621
vn 0.1377 0.9898 0.0359
vn 0.1421 0.9898 0.0084
vn 0.1410 0.9898 -0.0195
vn 0.1345 0.9898 -0.0466
vn 0.1228 0.9898 -0.0720
vn 0.1064 0.9898 -0.0946
vn 0.0859 0.9898 -0.1135
vn 0.0621 0.9898 -0.1281
vn 0.0359 0.9898 -0.1377
vn 0.0084 0.9898 -0.1421
vn -0.0195 0.9898 -0.1410
vn -0.0466 0.9898 -0.1345
vn -0.0720 0.9898 -0.1228
vn -0.0946 0.9898 -0.1064
vn -0.1135 0.9898 -0.0859
vn -0.1281 0.9898 -0.0621
vn -0.1377 0.9898 -0.0359
vn -0.1421 0.9898 -0.0084
vn -0.1410 0.9898 0.0195
vn -0.1345 0.9898 0.0466
vn -0.1228 0.9898 0.0720
vn -0.1064 0.9898 0.0946
vn -0.0859 0.9898 0.1135
vn -0.0621 0.9898 0.1281
vn -0.0057 0.9997 0.0219
vn -0.0013 0.9997 0.0226
vn 0.0031 0.9997 0.0224
vn 0.0074 0.9997 0.0214
vn 0.0115 0.9997 0.0195
vn 0.0150 0.9997 0.0169
vn 0.0181 0.9997 0.0137
vn 0.0204 0.9997 0.0099
vn 0.0219 0.9997 0.0057
vn 0.0226 0.9997 0.0013
vn 0.0224 0.9997 -0.0031
vn 0.0214 0.9997 -0.0074
vn 0.0195 0.9997 -0.0114
vn 0.0169 0.9997 -0.0150
vn 0.0137 0.9997 -0.0180
vn 0.0099 0.9997 -0.0204
vn 0.0057 0.9997 -0.0219
vn 0.0013 0.9997 -0.0226
vn -0.0031 0.9997 -0.0224
vn -0.0074 0.9997 -0.0214
vn -0.0115 0.9997 -0.0195
vn -0.0150 0.9997 -0.0169
vn -0.0180 0.9997 -0.0137
vn -0.0204 0.9997 -0.0099
vn -0.0219 0.9997 -0.0057
vn -0.0226 0.9997 -0.0013
vn -0.0224 0.9997 0.0031
vn -0.0214 0.9997 0.0074
vn -0.0195 0.9997 0.0114
vn -0.0169 0.9997 0.0150
vn -0.0137 0.9997 0.0180
vn -0.0099 0.9997 0.0204
vn -0.2983 -0.7298 0.6151
vn -0.4126 -0.7298 0.5451
vn -0.5110 -0.7298 0.4541
vn -0.5898 -0.7298 0.3457
vn -0.6459 -0.7298 0.2240
vn -0.6772 -0.7298 0.0937
vn -0.6824 -0.7298 -0.0402
vn -0.6615 -0.7298 -0.1726
vn -0.6151 -0.7298 -0.2983
vn -0.5451 -0.7298 -0.4126
vn -0.4541 -0.7298 -0.5110
vn -0.3457 -0.7298 -0.5898
vn -0.2240 -0.7298 -0.6459
vn -0.0937 -0.7298 -0.6772
vn 0.0402 -0.7298 -0.6824
vn 0.1726 -0.7298 -0.6615
vn 0.2983 -0.7298 -0.6151
vn 0.4126 -0.7298 -0.5451
vn 0.5110 -0.7298 -0.4541
vn 0.5898 -0.7298 -0.3457
vn 0.6459 -0.7298 -0.2240
vn 0.6772 -0.7298 -0.0937
vn 0.6824 -0.7298 0.0402
vn 0.6615 -0.7298 0.1726
vn 0.6151 -0.7298 0.2983
vn 0.5451 -0.7298 0.4126
vn 0.4541 -0.7298 0.5110
vn 0.3457 -0.7298 0.5898
vn 0.2240 -0.7298 0.6459
vn 0.0937 -0.7298 0.6772
vn -0.0402 -0.7298 0.6824
vn -0.1726 -0.7298 0.6615
vn -0.4363 -0.0000 0.8998
vn -0.6035 -0.0000 0.7974
vn -0.7475 -0.0000 0.6643
vn -0.8627 -0.0000 0.5057
vn -0.9448 -0.0000 0.3277
vn -0.9906 -0.0000 0.1371
vn -0.9983 -0.0000 -0.0588
vn -0.9676 -0.0000 -0.2524
vn -0.8998 -0.0000 -0.4363
vn -0.7974 -0.0000 -0.6035
vn -0.6643 -0.0000 -0.7475
vn -0.5057 -0.0000 -0.8627
vn -0.3277 -0.0000 -0.9448
vn -0.1371 -0.0000 -0.9906
vn 0.0588 -0.0000 -0.9983
vn 0.2524 -0.0000 -0.9676
vn 0.4364 -0.0000 -0.8998
vn 0.6035 -0.0000 -0.7974
vn 0.7475 -0.0000 -0.6643
vn 0.8627 -0.0000 -0.5057
vn 0.9448 -0.0000 -0.3277
vn 0.9906 -0.0000 -0.1371
vn 0.9983 -0.0000 0.0588
vn 0.9676 -0.0000 0.2524
vn 0.8998 -0.0000 0.4363
vn 0.7974 -0.0000 0.6035
vn 0.6643 -0.0000 0.7475
vn 0.5057 -0.0000 0.8627
vn 0.3277 -0.0000 0.9448
vn 0.1371 -0.0000 0.9906
vn -0.0588 -0.0000 0.9983
vn -0.2524 -0.0000 0.9676
vn 0.3308 -0.0000 -0.9437
vn -0.1945 -0.0000 0.9809
vn -0.9645 -0.0000 -0.2639
vn -0.9809 -0.0000 -0.1945
vn 0.9437 -0.0000 0.3307
vn 0.2626 -0.0000 -0.9649
vn 0.9809 -0.0000 0.1945
vn -0.9437 -0.0000 -0.3308
vn -0.2628 -0.0000 0.9648
vn -0.3308 -0.0000 0.9437
vn 0.1946 -0.0000 -0.9809
vn 0.9645 -0.0000 0.2639
vn -0.4137 0.8645 -0.2854
vn -0.7654 0.0245 -0.6431
vn -0.2782 0.0353 -0.9599
vn -0.9734 0.1314 0.1875
vn -0.9582 0.1708 0.2294
vn -0.1224 0.9471 -0.2968
vn -0.0990 0.9951 -0.0000
vn 0.2092 -0.0000 -0.9779
vn -0.0928 0.9954 -0.0215
vn -0.1212 0.2514 -0.9603
vn 0.0289 0.5670 -0.8232
vn -0.1884 -0.0000 -0.9821
vn -0.0619 0.9509 -0.3034
vn -0.1262 0.7904 -0.5995
vn -0.1885 0.0390 -0.9813
vn 0.1706 -0.1691 -0.9707
vn 0.8349 0.0253 -0.5498
vn -0.0192 0.9519 -0.3057
vn -0.0377 0.7908 -0.6109
vn 0.8415 -0.0000 -0.5402
vn -0.8063 0.2368 -0.5420
vn -0.7038 0.5888 -0.3976
vn -0.9205 0.3908 -0.0000
vn -0.9943 0.1062 -0.0000
vn -0.0882 0.7047 -0.7040
vn -0.3658 0.5592 -0.7439
vn -0.1943 0.6998 -0.6874
vn -0.2552 0.2949 -0.9208
vn -0.2646 0.6938 -0.6698
vn -0.3429 0.2708 -0.8995
vn -0.1375 0.7030 -0.6978
vn -0.1812 0.2951 -0.9381
vn -0.0431 0.7055 -0.7073
vn -0.0292 0.8729 -0.4871
vn -0.4692 -0.8681 -0.1621
vn -0.5559 -0.8313 -0.0000
vn 0.2125 -0.9301 0.2995
vn 0.2669 -0.9301 0.2523
vn 0.3110 -0.9301 0.1954
vn -0.0394 -0.9516 -0.3049
vn -0.0888 -0.9495 -0.3009
vn 0.3431 -0.9301 0.1310
vn 0.3621 -0.9301 0.0615
vn -0.0056 -0.9991 -0.0416
vn 0.2437 -0.9340 -0.2615
vn 0.3671 -0.9301 -0.0103
vn 0.3581 -0.9301 -0.0817
vn 0.3352 -0.9301 -0.1500
vn 0.2995 -0.9301 -0.2125
vn 0.6858 -0.7059 -0.1770
vn 0.5009 -0.7059 -0.5008
vn 0.8995 -0.3856 -0.2053
vn 0.9223 -0.3856 -0.0259
vn 0.9097 -0.3856 0.1545
vn 0.8620 -0.3856 0.3290
vn 0.7813 -0.3856 0.4909
vn 0.6705 -0.3856 0.6339
vn 0.1770 -0.7059 0.6858
vn 0.5008 -0.7060 0.5009
vn 0.2053 -0.3856 0.8995
vn 0.0259 -0.3856 0.9223
vn -0.1545 -0.3856 0.9097
vn -0.3290 -0.3856 0.8620
vn -0.4909 -0.3856 0.7813
vn -0.6339 -0.3856 0.6705
vn -0.6858 -0.7059 0.1770
vn -0.5009 -0.7059 0.5008
vn -0.8995 -0.3856 0.2053
vn -0.9223 -0.3856 0.0259
vn -0.9097 -0.3856 -0.1545
vn -0.8620 -0.3856 -0.3290
vn -0.7813 -0.3856 -0.4909
vn -0.6705 -0.3856 -0.6339
vn -0.1770 -0.7060 -0.6858
vn -0.5008 -0.7059 -0.5009
vn -0.2053 -0.3856 -0.8995
vn -0.0259 -0.3856 -0.9223
vn 0.1545 -0.3856 -0.9097
vn 0.3290 -0.3856 -0.8620
vn 0.4909 -0.3856 -0.7813
vn 0.6339 -0.3856 -0.6705
vn 0.1500 -0.9301 0.3352
vn 0.0817 -0.9301 0.3581
vn 0.0103 -0.9301 0.3671
vn -0.0615 -0.9301 0.3621
vn -0.1310 -0.9301 0.3431
vn -0.1954 -0.9301 0.3110
vn -0.2523 -0.9301 0.2669
vn -0.2995 -0.9301 0.2126
vn -0.3352 -0.9301 0.1500
vn -0.3581 -0.9301 0.0817
vn -0.3671 -0.9301 0.0103
vn -0.3621 -0.9301 -0.0615
vn -0.3431 -0.9301 -0.1310
vn -0.3110 -0.9301 -0.1954
vn -0.2669 -0.9301 -0.2523
vn -0.2125 -0.9301 -0.2995
vn -0.1500 -0.9301 -0.3353
vn -0.0817 -0.9301 -0.3581
vn -0.0103 -0.9301 -0.3671
vn 0.0615 -0.9301 -0.3621
vn 0.1310 -0.9301 -0.3431
vn 0.1954 -0.9301 -0.3110
vn 0.2523 -0.9301 -0.2669
vn -0.3149 -0.8390 -0.4438
vn -0.3954 -0.8390 -0.3738
vn -0.4608 -0.8390 -0.2895
vn -0.5084 -0.8390 -0.1940
vn -0.5365 -0.8390 -0.0911
vn -0.5439 -0.8390 0.0153
vn -0.5305 -0.8390 0.1211
vn -0.4967 -0.8390 0.2223
vn -0.4438 -0.8390 0.3149
vn -0.2223 -0.8390 -0.4967
vn -0.1211 -0.8390 -0.5305
vn -0.0153 -0.8390 -0.5439
vn 0.0911 -0.8390 -0.5365
vn 0.1940 -0.8390 -0.5084
vn 0.2895 -0.8390 -0.4607
vn 0.3738 -0.8390 -0.3954
vn 0.4438 -0.8390 -0.3149
vn 0.4967 -0.8390 -0.2223
vn 0.5305 -0.8390 -0.1211
vn 0.5439 -0.8390 -0.0153
vn 0.5365 -0.8390 0.0911
vn 0.5084 -0.8390 0.1940
vn 0.4608 -0.8390 0.2895
vn 0.3954 -0.8390 0.3738
vn 0.3149 -0.8390 0.4438
vn 0.2223 -0.8390 0.4967
vn 0.1211 -0.8390 0.5305
vn 0.0153 -0.8390 0.5439
vn -0.0911 -0.8390 0.5365
vn -0.1940 -0.8390 0.5084
vn -0.2895 -0.8390 0.4608
vn -0.3738 -0.8390 0.3954
vn 0.3974 -0.2316 0.8879
vn 0.2165 -0.2316 0.9484
vn -0.9089 -0.2316 -0.3469
vn -0.8237 -0.2316 -0.5175
vn 0.0273 -0.2316 0.9724
vn -0.9591 -0.2316 -0.1629
vn 0.8879 -0.2316 -0.3974
vn 0.9484 -0.2316 -0.2165
vn -0.1629 -0.2316 0.9591
vn -0.9724 -0.2316 0.0273
vn 0.7934 -0.2316 -0.5630
vn -0.3469 -0.2316 0.9089
vn -0.9484 -0.2316 0.2165
vn 0.6683 -0.2316 -0.7069
vn -0.5175 -0.2316 0.8237
vn -0.8879 -0.2316 0.3974
vn 0.5175 -0.2316 -0.8237
vn -0.6683 -0.2316 0.7069
vn -0.7934 -0.2316 0.5630
vn 0.3469 -0.2316 -0.9089
vn 0.9724 -0.2316 -0.0273
vn 0.1629 -0.2316 -0.9591
vn 0.9591 -0.2316 0.1629
vn -0.0273 -0.2316 -0.9724
vn 0.9089 -0.2316 0.3469
vn -0.2165 -0.2316 -0.9484
vn 0.8237 -0.2316 0.5175
vn -0.3974 -0.2316 -0.8879
vn 0.7069 -0.2316 0.6683
vn -0.5630 -0.2316 -0.7934
vn 0.5630 -0.2316 0.7934
vn -0.7069 -0.2316 -0.6683
vn 0.8985 0.3290 -0.2905
vn 0.7067 0.3290 -0.6264
vn -0.8985 0.3290 0.2905
vn -0.7067 0.3290 0.6264
vn 0.2905 0.3290 0.8985
vn 0.6264 0.3291 0.7067
vn -0.2905 0.3291 -0.8985
vn -0.6264 0.3290 -0.7067
vn -0.3176 0.6857 0.6550
vn -0.4393 0.6857 0.5804
vn -0.5441 0.6857 0.4835
vn -0.6280 0.6857 0.3681
vn -0.6877 0.6857 0.2385
vn -0.7210 0.6857 0.0998
vn -0.7266 0.6857 -0.0428
vn -0.7043 0.6857 -0.1837
vn -0.6550 0.6857 -0.3176
vn -0.5804 0.6857 -0.4393
vn -0.4835 0.6857 -0.5441
vn -0.3681 0.6857 -0.6280
vn -0.2385 0.6857 -0.6877
vn -0.0998 0.6857 -0.7210
vn 0.0428 0.6857 -0.7266
vn 0.1837 0.6857 -0.7043
vn 0.3176 0.6857 -0.6549
vn 0.4393 0.6857 -0.5804
vn 0.5441 0.6857 -0.4835
vn 0.6280 0.6857 -0.3681
vn 0.6877 0.6857 -0.2385
vn 0.7210 0.6857 -0.0998
vn 0.7266 0.6857 0.0428
vn 0.7043 0.6857 0.1837
vn 0.6549 0.6857 0.3176
vn 0.5804 0.6857 0.4393
vn 0.4836 0.6857 0.5441
vn 0.3681 0.6857 0.6279
vn 0.2385 0.6857 0.6877
vn 0.0998 0.6857 0.7210
vn -0.0428 0.6857 0.7266
vn -0.1837 0.6857 0.7043
vn -0.4355 -0.0611 0.8981
vn -0.6024 -0.0611 0.7959
vn -0.7461 -0.0611 0.6631
vn -0.8611 -0.0611 0.5048
vn -0.9430 -0.0611 0.3271
vn -0.9887 -0.0611 0.1368
vn -0.9964 -0.0611 -0.0587
vn -0.9658 -0.0611 -0.2520
vn -0.8981 -0.0611 -0.4355
vn -0.7959 -0.0611 -0.6024
vn -0.6631 -0.0611 -0.7461
vn -0.5048 -0.0611 -0.8611
vn -0.3271 -0.0611 -0.9430
vn -0.1368 -0.0611 -0.9887
vn 0.0587 -0.0611 -0.9964
vn 0.2520 -0.0611 -0.9658
vn 0.4355 -0.0611 -0.8981
vn 0.6024 -0.0611 -0.7959
vn 0.7461 -0.0611 -0.6631
vn 0.8611 -0.0611 -0.5048
vn 0.9430 -0.0611 -0.3271
vn 0.9887 -0.0611 -0.1368
vn 0.9964 -0.0611 0.0587
vn 0.9658 -0.0611 0.2520
vn 0.8981 -0.0611 0.4355
vn 0.7959 -0.0611 0.6024
vn 0.6631 -0.0611 0.7461
vn 0.5048 -0.0611 0.8611
vn 0.3271 -0.0611 0.9430
vn 0.1368 -0.0611 0.9887
vn -0.0587 -0.0611 0.9964
vn -0.2520 -0.0611 0.9658
vn -0.4228 -0.2471 0.8719
vn -0.5848 -0.2471 0.7726
vn -0.7243 -0.2471 0.6437
vn -0.8359 -0.2471 0.4900
vn -0.9155 -0.2471 0.3175
vn -0.9598 -0.2471 0.1328
vn -0.9673 -0.2471 -0.0570
vn -0.9376 -0.2471 -0.2446
vn -0.8719 -0.2471 -0.4228
vn -0.7726 -0.2471 -0.5848
vn -0.6437 -0.2471 -0.7243
vn -0.4900 -0.2471 -0.8359
vn -0.3175 -0.2471 -0.9155
vn -0.1328 -0.2471 -0.9598
vn 0.0570 -0.2471 -0.9673
vn 0.2446 -0.2471 -0.9376
vn 0.4228 -0.2471 -0.8719
vn 0.5848 -0.2471 -0.7726
vn 0.7243 -0.2471 -0.6437
vn 0.8359 -0.2471 -0.4900
vn 0.9155 -0.2471 -0.3175
vn 0.9598 -0.2471 -0.1328
vn 0.9673 -0.2471 0.0570
vn 0.9376 -0.2471 0.2446
vn 0.8719 -0.2471 0.4228
vn 0.7726 -0.2471 0.5848
vn 0.6437 -0.2471 0.7243
vn 0.4900 -0.2471 0.8359
vn 0.3175 -0.2471 0.9155
vn 0.1328 -0.2471 0.9598
vn -0.0570 -0.2471 0.9673
vn -0.2446 -0.2471 0.9376
vn -0.1956 -0.6323 0.7497
vn -0.0456 -0.6323 0.7734
vn 0.1062 -0.6323 0.7674
vn 0.2539 -0.6323 0.7320
vn 0.3918 -0.6323 0.6684
vn 0.5147 -0.6323 0.5791
vn 0.6177 -0.6323 0.4676
vn 0.6971 -0.6323 0.3381
vn 0.7497 -0.6323 0.1956
vn 0.7734 -0.6323 0.0456
vn 0.7674 -0.6323 -0.1062
vn 0.7320 -0.6323 -0.2539
vn 0.6684 -0.6323 -0.3918
vn 0.5791 -0.6323 -0.5147
vn 0.4676 -0.6323 -0.6178
vn 0.3381 -0.6323 -0.6971
vn 0.1956 -0.6323 -0.7497
vn 0.0456 -0.6323 -0.7734
vn -0.1062 -0.6323 -0.7674
vn -0.2539 -0.6323 -0.7320
vn -0.3918 -0.6323 -0.6684
vn -0.5147 -0.6323 -0.5791
vn -0.6178 -0.6323 -0.4676
vn -0.6971 -0.6323 -0.3381
vn -0.7497 -0.6323 -0.1956
vn -0.7734 -0.6323 -0.0456
vn -0.7674 -0.6323 0.1062
vn -0.7320 -0.6323 0.2539
vn -0.6684 -0.6323 0.3918
vn -0.5791 -0.6323 0.5147
vn -0.4676 -0.6323 0.6178
vn -0.3381 -0.6323 0.6971
vn -0.0992 -0.9195 0.3804
vn -0.0231 -0.9195 0.3924
vn 0.0539 -0.9195 0.3894
vn 0.1288 -0.9195 0.3714
vn 0.1988 -0.9195 0.3391
vn 0.2612 -0.9195 0.2938
vn 0.3135 -0.9195 0.2372
vn 0.3537 -0.9195 0.1715
vn 0.3804 -0.9195 0.0992
vn 0.3924 -0.9195 0.0231
vn 0.3894 -0.9195 -0.0539
vn 0.3714 -0.9195 -0.1288
vn 0.3391 -0.9195 -0.1988
vn 0.2938 -0.9195 -0.2611
vn 0.2373 -0.9195 -0.3135
vn 0.1715 -0.9195 -0.3537
vn 0.0992 -0.9195 -0.3804
vn 0.0231 -0.9195 -0.3924
vn -0.0539 -0.9195 -0.3894
vn -0.1288 -0.9195 -0.3714
vn -0.1988 -0.9195 -0.3391
vn -0.2611 -0.9195 -0.2938
vn -0.3135 -0.9195 -0.2373
vn -0.3537 -0.9195 -0.1715
vn -0.3804 -0.9195 -0.0992
vn -0.3924 -0.9195 -0.0231
vn -0.3894 -0.9195 0.0539
vn -0.3714 -0.9195 0.1288
vn -0.3391 -0.9195 0.1988
vn -0.2938 -0.9195 0.2611
vn -0.2372 -0.9195 0.3135
vn -0.1715 -0.9195 0.3537
vn -0.0359 -0.9898 0.1377
vn -0.0084 -0.9898 0.1421
vn 0.0195 -0.9898 0.1410
vn 0.0466 -0.9898 0.1345
vn 0.0720 -0.9898 0.1228
vn 0.0946 -0.9898 0.1064
vn 0.1135 -0.9898 0.0859
vn 0.1281 -0.9898 0.0621
vn 0.1377 -0.9898 0.0359
vn 0.1421 -0.9898 0.0084
vn 0.1410 -0.9898 -0.0195
vn 0.1345 -0.9898 -0.0466
vn 0.1228 -0.9898 -0.0720
vn 0.1064 -0.9898 -0.0946
vn 0.0859 -0.9898 -0.1135
vn 0.0621 -0.9898 -0.1281
vn 0.0359 -0.9898 -0.1377
vn 0.0084 -0.9898 -0.1421
vn -0.0195 -0.9898 -0.1410
vn -0.0466 -0.9898 -0.1345
vn -0.0720 -0.9898 -0.1228
vn -0.0946 -0.9898 -0.1064
vn -0.1135 -0.9898 -0.0859
vn -0.1281 -0.9898 -0.0621
vn -0.1377 -0.9898 -0.0359
vn -0.1421 -0.9898 -0.0084
vn -0.1410 -0.9898 0.0195
vn -0.1345 -0.9898 0.0466
vn -0.1228 -0.9898 0.0720
vn -0.1064 -0.9898 0.0946
vn -0.0859 -0.9898 0.1135
vn -0.0621 -0.9898 0.1281
vn -0.0057 -0.9997 0.0219
vn -0.0013 -0.9997 0.0226
vn 0.0031 -0.9997 0.0224
vn 0.0074 -0.9997 0.0214
vn 0.0115 -0.9997 0.0195
vn 0.0150 -0.9997 0.0169
vn 0.0181 -0.9997 0.0137
vn 0.0203 -0.9997 0.0099
vn 0.0219 -0.9997 0.0057
vn 0.0226 -0.9997 0.0013
vn 0.0224 -0.9997 -0.0031
vn 0.0214 -0.9997 -0.0074
vn 0.0195 -0.9997 -0.0114
vn 0.0169 -0.9997 -0.0150
vn 0.0136 -0.9997 -0.0180
vn 0.0099 -0.9997 -0.0204
vn 0.0057 -0.9997 -0.0219
vn 0.0013 -0.9997 -0.0226
vn -0.0031 -0.9997 -0.0224
vn -0.0074 -0.9997 -0.0214
vn -0.0114 -0.9997 -0.0195
vn -0.0150 -0.9997 -0.0169
vn -0.0181 -0.9997 -0.0137
vn -0.0204 -0.9997 -0.0099
vn -0.0219 -0.9997 -0.0057
vn -0.0226 -0.9997 -0.0013
vn -0.0225 -0.9997 0.0031
vn -0.0214 -0.9997 0.0074
vn -0.0195 -0.9997 0.0114
vn -0.0169 -0.9997 0.0150
vn -0.0137 -0.9997 0.0180
vn -0.0099 -0.9997 0.0204
vn -0.2983 0.7298 0.6151
vn -0.4126 0.7298 0.5451
vn -0.5110 0.7298 0.4541
vn -0.5898 0.7298 0.3457
vn -0.6459 0.7298 0.2240
vn -0.6772 0.7298 0.0937
vn -0.6824 0.7298 -0.0402
vn -0.6615 0.7298 -0.1726
vn -0.6151 0.7298 -0.2983
vn -0.5451 0.7298 -0.4126
vn -0.4541 0.7298 -0.5110
vn -0.3457 0.7298 -0.5898
vn -0.2240 0.7298 -0.6459
vn -0.0937 0.7298 -0.6772
vn 0.0402 0.7298 -0.6824
vn 0.1726 0.7298 -0.6615
vn 0.2983 0.7298 -0.6151
vn 0.4126 0.7298 -0.5451
vn 0.5110 0.7298 -0.4541
vn 0.5898 0.7298 -0.3457
vn 0.6459 0.7298 -0.2240
vn 0.6772 0.7298 -0.0937
vn 0.6824 0.7298 0.0402
vn 0.6615 0.7298 0.1726
vn 0.6151 0.7298 0.2983
vn 0.5451 0.7298 0.4126
vn 0.4541 0.7298 0.5110
vn 0.3457 0.7298 0.5898
vn 0.2240 0.7298 0.6459
vn 0.0937 0.7298 0.6772
vn -0.0402 0.7298 0.6824
vn -0.1726 0.7298 0.6615
vn -0.4149 -0.8640 -0.2853
vn -0.7654 -0.0245 -0.6431
vn -0.2842 -0.0406 -0.9579
vn -0.9734 -0.1314 0.1875
vn -0.9582 -0.1708 0.2294
vn -0.1224 -0.9471 -0.2968
vn -0.0990 -0.9951 -0.0000
vn -0.6692 -0.6464 -0.3664
vn -0.1099 -0.2600 -0.9593
vn 0.6796 -0.7335 -0.0000
vn -0.0619 -0.9509 -0.3034
vn -0.0089 -0.9991 -0.0416
vn -0.1885 -0.0390 -0.9813
vn -0.0192 -0.9519 -0.3057
vn -0.4805 -0.7324 0.4824
vn -0.0027 -0.9991 -0.0417
vn -0.0000 0.8595 -0.5112
vn -0.8061 -0.2386 -0.5416
vn -0.7036 -0.5884 -0.3983
vn -0.9205 -0.3908 -0.0000
vn -0.9943 -0.1062 -0.0000
vn -0.0882 -0.7047 -0.7040
vn -0.3658 -0.5592 -0.7439
vn -0.1955 -0.6992 -0.6877
vn -0.2687 -0.2902 -0.9185
vn -0.2655 -0.6789 -0.6845
vn -0.3722 -0.2908 -0.8814
vn -0.1375 -0.7030 -0.6978
vn -0.1812 -0.2951 -0.9381
vn -0.0431 -0.7055 -0.7073
vn -0.0292 -0.8729 -0.4871
vn -0.4853 -0.0000 -0.8744
vn -0.4116 0.5076 -0.7569
vn -0.8358 0.4692 -0.2852
vn 0.0925 -0.7656 0.6367
vn 0.2799 -0.9387 0.2010
vn -0.8358 -0.4692 -0.2852
vn -0.2014 -0.9480 0.2465
vn 0.3181 -0.9070 0.2760
vn -0.1863 -0.9671 0.1733
vn -0.0324 -0.9994 -0.0143
vn -0.0234 -0.9996 0.0169
vn 0.0304 -0.9994 0.0137
vn 0.0202 -0.9996 -0.0183
vn -0.7293 0.4739 -0.4934
vn -0.2362 0.9532 -0.1888
vn 0.0831 0.9669 -0.2412
vn 0.6033 0.1053 -0.7906
vn 0.7433 -0.4713 0.4748
vn 0.5785 0.7385 0.3464
vn -0.2240 0.9548 0.1954
vn -0.5860 -0.1164 0.8019
vn 0.5340 -0.7866 0.3101
vn 0.3290 -0.4770 -0.8150
vn -0.7240 -0.4233 -0.5447
vn -0.6334 -0.5559 0.5383
vn -0.5271 0.7844 -0.3270
vn 0.7349 0.4274 0.5266
vn 0.6450 0.5544 -0.5259
vn -0.3088 0.4705 0.8266
vn -0.6969 -0.0000 0.7171
vn -0.3915 0.8273 0.4029
vn 0.4366 0.7795 -0.4492
vn 0.6969 -0.0000 -0.7171
vn -0.3915 -0.8273 0.4029
vn 0.4366 -0.7795 -0.4492
vn -0.8261 0.5603 0.0591
vn -0.9989 -0.0000 0.0463
vn -0.0397 0.6043 -0.7958
vn -0.8261 -0.5603 0.0591
vn -0.0397 -0.6043 -0.7958
vn -0.0490 -0.0000 -0.9988
vn 0.5996 0.5824 -0.5488
vn 0.4274 -0.5066 -0.7488
vn -0.0788 0.8023 -0.5918
vn -0.5797 0.7054 -0.4078
vn -0.1220 0.8015 -0.5854
vn -0.0383 0.8035 -0.5941
vn 0.6796 -0.7336 -0.0000
vn 0.6031 -0.7977 -0.0000
vn 0.1792 -0.9652 0.1903
vn -0.3618 -0.6614 0.6570
vn 0.0955 -0.7496 0.6550
vn 0.6022 -0.6410 0.4759
vn -0.3422 -0.7268 0.5955
vn 0.5316 -0.7821 0.3251
vn -0.0575 -0.8418 0.5366
vn -0.0347 -0.9994 -0.0000
vn 0.0330 -0.9995 -0.0000
vn -0.5429 0.8398 -0.0000
vn 0.8011 0.5985 -0.0000
vn 0.5429 -0.8398 -0.0000
vn -0.8011 -0.5985 -0.0000
vn -0.0569 0.9062 -0.4190
vn 0.0556 0.9041 0.4236
vn -0.0889 0.9067 -0.4124
vn 0.0868 0.9035 0.4197
vn -0.0271 0.9058 -0.4229
vn 0.0264 0.9047 0.4253
vn 0.7035 0.7106 -0.0000
vn -0.3423 0.9396 -0.0000
vn 0.7035 0.7107 -0.0000
vn -0.3129 0.8989 -0.3068
vn 0.2113 0.9509 0.2261
vn -0.0531 0.9132 -0.4040
vn 0.0591 0.8965 0.4391
vn -0.0823 0.9146 -0.3958
vn 0.0932 0.8946 0.4370
vn -0.0253 0.9127 -0.4079
vn 0.0279 0.8972 0.4407
vn -0.1549 0.9818 -0.1103
vn 0.6525 0.7030 0.2828
vn 0.4692 0.8681 0.1621
vn -0.0000 -0.0000 1.0000
vn -0.0000 0.0984 0.9951
vn 0.5595 0.0618 0.8266
vn 0.6555 -0.4881 0.5763
vn 0.2841 -0.0000 0.9588
vn 0.1215 -0.0000 0.9926
vn 0.1244 0.0991 0.9873
vn 0.2717 0.1015 0.9570
vn 0.8693 -0.0000 -0.4944
vn 0.9199 -0.0000 -0.3921
vn 0.6095 0.6833 0.4020
vn -0.0000 0.7926 0.6097
vn 0.0803 0.7896 0.6083
vn 0.2995 0.9106 0.2847
vn -0.3352 0.9301 0.1500
vn -0.1770 0.7059 -0.6858
vn -0.5008 0.7060 -0.5009
vn 0.1770 0.7060 0.6858
vn 0.5008 0.7059 0.5009
vn 0.3353 0.9301 -0.1500
vn 0.2126 0.9301 0.2995
vn 0.4607 0.8390 0.2895
vn -0.2895 0.8390 0.4607
vn 0.2895 0.8390 -0.4608
vn -0.2905 -0.3290 -0.8985
vn -0.6264 -0.3291 -0.7067
vn 0.2905 -0.3291 0.8985
vn 0.6264 -0.3290 0.7067
vn 0.3176 -0.6857 -0.6550
vn 0.6550 -0.6857 0.3176
vn 0.4835 -0.6857 0.5441
vn 0.3681 -0.6857 0.6280
vn -0.3176 -0.6857 0.6549
vn -0.6549 -0.6857 -0.3176
vn -0.3681 -0.6857 -0.6279
vn 0.9658 0.0611 0.2519
vn 0.4676 0.6323 -0.6177
vn -0.2612 0.9195 -0.2938
vn -0.3135 0.9195 -0.2372
vn 0.2611 0.9195 0.2938
vn 0.2372 0.9195 -0.3135
vn -0.0181 0.9997 -0.0137
vn 0.0180 0.9997 0.0137
vn 0.8998 -0.0000 0.4364
vn 0.1945 -0.0000 -0.9809
vn -0.9437 -0.0000 -0.3307
vn -0.2626 -0.0000 0.9649
vn 0.9437 -0.0000 0.3308
vn 0.2628 -0.0000 -0.9648
vn -0.1946 -0.0000 0.9809
vn 0.4137 0.8645 0.2854
vn -0.0000 0.0370 0.9993
vn 0.1215 0.0378 0.9919
vn 0.2782 0.0353 0.9599
vn 0.9734 0.1314 -0.1875
vn 0.9582 0.1708 -0.2294
vn -0.4246 0.7809 0.4582
vn -0.2092 -0.0000 0.9779
vn 0.0928 0.9954 0.0215
vn 0.1212 0.2514 0.9603
vn -0.0289 0.5670 0.8232
vn 0.1884 -0.0000 0.9821
vn 0.1932 0.0999 0.9761
vn 0.1262 0.7904 0.5995
vn 0.1885 0.0390 0.9813
vn -0.1706 -0.1691 0.9707
vn 0.0596 -0.0000 0.9982
vn 0.0610 0.0986 0.9933
vn 0.0377 0.7908 0.6109
vn 0.0596 0.0371 0.9975
vn 0.8063 0.2368 0.5420
vn 0.7038 0.5888 0.3976
vn -0.0000 0.8648 0.5022
vn -0.0000 0.2944 0.9557
vn 0.0629 0.8643 0.4991
vn 0.1168 0.2947 0.9484
vn 0.1391 0.8619 0.4877
vn 0.2552 0.2949 0.9208
vn 0.1397 0.8121 0.5665
vn 0.3429 0.2708 0.8995
vn 0.0982 0.8634 0.4948
vn 0.1812 0.2951 0.9381
vn 0.0308 0.8646 0.5014
vn 0.0572 0.2945 0.9539
vn 0.4692 -0.8681 0.1621
vn -0.0000 -0.9520 0.3059
vn 0.0394 -0.9516 0.3049
vn 0.0888 -0.9495 0.3009
vn -0.0000 -0.9002 -0.4354
vn -0.0000 -0.9991 0.0417
vn 0.0056 -0.9991 0.0416
vn -0.2437 -0.9340 0.2615
vn -0.2995 -0.9301 0.2125
vn -0.1770 -0.7059 -0.6858
vn -0.5008 -0.7060 -0.5009
vn 0.1770 -0.7060 0.6858
vn 0.5008 -0.7059 0.5009
vn 0.2126 -0.9301 0.2995
vn 0.4607 -0.8390 0.2895
vn -0.0911 -0.8390 0.5364
vn -0.2895 -0.8390 0.4607
vn 0.2895 -0.8390 -0.4608
vn -0.2905 0.3290 -0.8985
vn -0.6264 0.3291 -0.7067
vn 0.2905 0.3291 0.8985
vn 0.6264 0.3290 0.7067
vn 0.3176 0.6857 -0.6550
vn 0.6550 0.6857 0.3176
vn 0.4835 0.6857 0.5441
vn 0.3681 0.6857 0.6280
vn -0.3176 0.6857 0.6549
vn -0.6549 0.6857 -0.3176
vn -0.3681 0.6857 -0.6279
vn 0.9658 -0.0611 0.2519
vn -0.2612 -0.9195 -0.2938
vn -0.3135 -0.9195 -0.2372
vn 0.2611 -0.9195 0.2938
vn 0.2372 -0.9195 -0.3135
vn -0.0115 -0.9997 -0.0195
vn -0.0203 -0.9997 -0.0099
vn -0.0224 -0.9997 0.0031
vn -0.0136 -0.9997 0.0180
vn 0.0114 -0.9997 0.0195
vn 0.0204 -0.9997 0.0099
vn 0.0225 -0.9997 -0.0031
vn 0.0137 -0.9997 -0.0180
vn 0.4149 -0.8640 0.2853
vn -0.0000 -0.0370 0.9993
vn 0.1215 -0.0378 0.9919
vn 0.2842 -0.0406 0.9579
vn 0.9734 -0.1314 -0.1875
vn 0.9582 -0.1708 -0.2294
vn 0.1224 -0.9471 0.2968
vn 0.6692 -0.6464 0.3664
vn 0.1099 -0.2600 0.9593
vn 0.0619 -0.9509 0.3034
vn 0.0089 -0.9991 0.0416
vn 0.1885 -0.0390 0.9813
vn 0.0192 -0.9519 0.3057
vn 0.4805 -0.7324 -0.4824
vn 0.0027 -0.9991 0.0417
vn 0.0596 -0.0371 0.9975
vn 0.8061 -0.2386 0.5416
vn 0.7036 -0.5884 0.3983
vn -0.0000 -0.7058 0.7084
vn -0.0000 -0.2944 0.9557
vn 0.0882 -0.7047 0.7040
vn 0.1168 -0.2947 0.9484
vn 0.1955 -0.6991 0.6877
vn 0.2687 -0.2902 0.9185
vn 0.2655 -0.6789 0.6845
vn 0.3722 -0.2908 0.8814
vn 0.1375 -0.7030 0.6978
vn 0.1812 -0.2951 0.9381
vn 0.0431 -0.7055 0.7073
vn 0.0572 -0.2945 0.9539
vn 0.4853 -0.0000 0.8744
vn 0.4116 0.5076 0.7569
vn 0.8358 0.4692 0.2852
vn -0.0925 -0.7656 -0.6367
vn -0.2799 -0.9387 -0.2010
vn 0.8358 -0.4692 0.2852
vn 0.2014 -0.9480 -0.2465
vn -0.3181 -0.9070 -0.2760
vn 0.1863 -0.9671 -0.1733
vn 0.0324 -0.9994 0.0143
vn 0.0234 -0.9996 -0.0169
vn -0.0304 -0.9994 -0.0137
vn -0.0202 -0.9996 0.0183
vn 0.7293 0.4739 0.4934
vn 0.2362 0.9532 0.1888
vn -0.0831 0.9669 0.2412
vn -0.6033 0.1054 0.7906
vn -0.6033 0.1053 0.7906
vn -0.7433 -0.4713 -0.4748
vn -0.5785 0.7385 -0.3464
vn 0.2240 0.9548 -0.1954
vn 0.5860 -0.1164 -0.8019
vn -0.5340 -0.7866 -0.3101
vn -0.3290 -0.4770 0.8150
vn 0.7240 -0.4232 0.5447
vn 0.6334 -0.5559 -0.5383
vn 0.5271 0.7844 0.3270
vn -0.7349 0.4274 -0.5266
vn -0.6450 0.5544 0.5259
vn 0.3088 0.4705 -0.8266
vn 0.3915 0.8273 -0.4029
vn -0.4366 0.7795 0.4492
vn 0.3915 -0.8273 -0.4029
vn -0.4366 -0.7795 0.4492
vn 0.8261 0.5603 -0.0591
vn 0.9989 -0.0000 -0.0463
vn 0.0396 0.6043 0.7958
vn 0.8261 -0.5603 -0.0591
vn 0.0396 -0.6043 0.7958
vn 0.0490 -0.0000 0.9988
vn -0.5996 0.5824 0.5488
vn -0.0000 -0.3319 -0.9433
vn -0.4274 -0.5066 0.7488
vn -0.0000 0.8062 0.5916
vn 0.0788 0.8023 0.5918
vn 0.5797 0.7054 0.4078
vn 0.1220 0.8015 0.5854
vn 0.0383 0.8035 0.5941
vn -0.1792 -0.9652 -0.1903
vn 0.3618 -0.6614 -0.6570
vn -0.0955 -0.7496 -0.6550
vn -0.6022 -0.6410 -0.4759
vn 0.3422 -0.7268 -0.5955
vn -0.0000 -0.7121 -0.7021
vn -0.5316 -0.7821 -0.3251
vn 0.0575 -0.8418 -0.5366
vn -0.0000 0.9063 0.4227
vn -0.0000 0.9041 -0.4273
vn 0.0569 0.9062 0.4190
vn -0.0556 0.9041 -0.4236
vn 0.0889 0.9067 0.4124
vn -0.0868 0.9035 -0.4197
vn 0.0271 0.9058 0.4229
vn -0.0264 0.9047 -0.4253
vn 0.3129 0.8989 0.3068
vn -0.2113 0.9509 -0.2261
vn -0.0000 0.9120 0.4103
vn -0.0000 0.8980 -0.4399
vn 0.0531 0.9132 0.4040
vn -0.0591 0.8965 -0.4391
vn 0.0823 0.9146 0.3958
vn -0.0932 0.8946 -0.4370
vn 0.0253 0.9127 0.4079
vn -0.0279 0.8972 -0.4407
vn 0.1549 0.9818 0.1103
vn -0.6525 0.7030 -0.2828
vn -0.4692 0.8681 0.1621
vn 0.2125 0.9301 -0.2995
vn -0.5595 0.0618 0.8266
vn -0.6555 -0.4881 0.5763
vn -0.2841 -0.0000 0.9588
vn -0.1215 -0.0000 0.9926
vn -0.1244 0.0991 0.9873
vn -0.2717 0.1015 0.9570
vn -0.8693 -0.0000 -0.4944
vn -0.9199 -0.0000 -0.3921
vn -0.6095 0.6833 0.4020
vn -0.0803 0.7896 0.6083
vn -0.2995 0.9106 0.2847
vn 0.2995 0.9301 0.2125
vn 0.1770 0.7059 -0.6858
vn 0.5008 0.7060 -0.5009
vn -0.1770 0.7060 0.6858
vn -0.5008 0.7059 0.5009
vn 0.1500 0.9301 -0.3353
vn -0.3353 0.9301 -0.1500
vn -0.1500 0.9301 0.3353
vn -0.4607 0.8390 0.2895
vn 0.0911 0.8390 0.5364
vn 0.2895 0.8390 0.4607
vn -0.2895 0.8390 -0.4608
vn -0.9749 -0.0000 -0.2225
vn 0.2905 -0.3290 -0.8985
vn 0.6264 -0.3291 -0.7067
vn -0.2905 -0.3291 0.8985
vn -0.6264 -0.3290 0.7067
vn -0.6550 -0.6857 0.3176
vn -0.3681 -0.6857 0.6280
vn 0.3176 -0.6857 0.6549
vn 0.6549 -0.6857 -0.3176
vn 0.3681 -0.6857 -0.6279
vn 0.9658 0.0611 -0.2520
vn 0.6178 0.6323 -0.4676
vn -0.6178 0.6323 0.4676
vn 0.2612 0.9195 -0.2938
vn -0.2611 0.9195 0.2938
vn -0.3135 0.9195 0.2373
vn -0.2372 0.9195 -0.3135
vn 0.0181 0.9997 -0.0137
vn -0.0180 0.9997 0.0137
vn 0.8998 -0.0000 -0.4363
vn -0.1945 -0.0000 -0.9809
vn 0.9437 -0.0000 -0.3307
vn 0.2626 -0.0000 0.9649
vn -0.9437 -0.0000 0.3308
vn -0.2628 -0.0000 -0.9648
vn 0.1946 -0.0000 0.9809
vn -0.4137 0.8645 0.2854
vn -0.1215 0.0378 0.9919
vn -0.2782 0.0353 0.9599
vn -0.9734 0.1314 -0.1875
vn -0.9582 0.1708 -0.2294
vn 0.4246 0.7809 0.4582
vn 0.2092 -0.0000 0.9779
vn -0.0928 0.9954 0.0215
vn -0.1212 0.2514 0.9603
vn 0.0289 0.5670 0.8232
vn -0.1884 -0.0000 0.9821
vn -0.1932 0.0999 0.9761
vn -0.1262 0.7904 0.5995
vn -0.1885 0.0390 0.9813
vn 0.1706 -0.1691 0.9707
vn -0.0596 -0.0000 0.9982
vn -0.0610 0.0986 0.9933
vn -0.0377 0.7908 0.6109
vn -0.0596 0.0371 0.9975
vn -0.8063 0.2368 0.5421
vn -0.7038 0.5888 0.3976
vn -0.0629 0.8643 0.4991
vn -0.1168 0.2947 0.9484
vn -0.1391 0.8619 0.4877
vn -0.2552 0.2949 0.9208
vn -0.1397 0.8121 0.5665
vn -0.3429 0.2708 0.8995
vn -0.0982 0.8634 0.4948
vn -0.1812 0.2951 0.9381
vn -0.0308 0.8646 0.5014
vn -0.0572 0.2945 0.9539
vn -0.4692 -0.8681 0.1621
vn 0.2125 -0.9301 -0.2995
vn -0.0394 -0.9516 0.3049
vn -0.0888 -0.9495 0.3009
vn -0.0056 -0.9991 0.0416
vn 0.2437 -0.9340 0.2615
vn 0.3352 -0.9301 0.1500
vn 0.1770 -0.7059 -0.6858
vn 0.5008 -0.7060 -0.5009
vn -0.1770 -0.7060 0.6858
vn -0.5008 -0.7059 0.5009
vn 0.1500 -0.9301 -0.3353
vn -0.1500 -0.9301 0.3353
vn -0.4607 -0.8390 0.2895
vn 0.2895 -0.8390 0.4607
vn -0.2895 -0.8390 -0.4608
vn 0.2905 0.3290 -0.8985
vn 0.6264 0.3291 -0.7067
vn -0.2905 0.3291 0.8985
vn -0.6264 0.3290 0.7067
vn -0.6550 0.6857 0.3176
vn -0.3681 0.6857 0.6280
vn 0.3176 0.6857 0.6549
vn 0.6549 0.6857 -0.3176
vn 0.3681 0.6857 -0.6279
vn 0.9658 -0.0611 -0.2520
vn -0.6178 -0.6323 0.4676
vn 0.2612 -0.9195 -0.2938
vn -0.2611 -0.9195 0.2938
vn -0.3135 -0.9195 0.2373
vn 0.0224 -0.9997 0.0031
vn 0.0136 -0.9997 0.0180
vn -0.0225 -0.9997 -0.0031
vn -0.0137 -0.9997 -0.0180
vn -0.4149 -0.8640 0.2853
vn -0.1215 -0.0378 0.9919
vn -0.2842 -0.0406 0.9579
vn -0.9734 -0.1314 -0.1875
vn -0.9582 -0.1708 -0.2294
vn -0.1224 -0.9471 0.2968
vn -0.6692 -0.6464 0.3664
vn -0.1099 -0.2600 0.9593
vn -0.0619 -0.9509 0.3034
vn -0.0089 -0.9991 0.0416
vn -0.1885 -0.0390 0.9813
vn -0.0192 -0.9519 0.3057
vn -0.4805 -0.7324 -0.4824
vn -0.0027 -0.9991 0.0417
vn -0.0596 -0.0371 0.9975
vn -0.8061 -0.2386 0.5416
vn -0.7036 -0.5884 0.3983
vn -0.0882 -0.7047 0.7040
vn -0.1168 -0.2947 0.9484
vn -0.1955 -0.6991 0.6877
vn -0.2687 -0.2902 0.9185
vn -0.2655 -0.6789 0.6845
vn -0.3722 -0.2908 0.8814
vn -0.1375 -0.7030 0.6978
vn -0.1812 -0.2951 0.9381
vn -0.0431 -0.7055 0.7073
vn -0.0572 -0.2945 0.9539
vn -0.4853 -0.0000 0.8744
vn -0.4116 0.5076 0.7569
vn -0.8358 0.4692 0.2852
vn 0.0925 -0.7656 -0.6367
vn 0.2799 -0.9387 -0.2010
vn -0.8358 -0.4692 0.2852
vn -0.2014 -0.9480 -0.2465
vn 0.3181 -0.9070 -0.2760
vn -0.1863 -0.9671 -0.1733
vn -0.0324 -0.9994 0.0143
vn -0.0234 -0.9996 -0.0169
vn 0.0304 -0.9994 -0.0137
vn 0.0202 -0.9996 0.0183
vn -0.7293 0.4739 0.4934
vn -0.2362 0.9532 0.1888
vn 0.0831 0.9669 0.2412
vn 0.6033 0.1053 0.7906
vn 0.7433 -0.4713 -0.4748
vn 0.5785 0.7385 -0.3464
vn -0.2240 0.9548 -0.1954
vn -0.5860 -0.1164 -0.8019
vn 0.5340 -0.7866 -0.3101
vn 0.3290 -0.4770 0.8150
vn -0.7240 -0.4232 0.5447
vn -0.6334 -0.5559 -0.5383
vn -0.5271 0.7844 0.3270
vn 0.7349 0.4274 -0.5266
vn 0.6450 0.5544 0.5259
vn -0.3088 0.4705 -0.8266
vn -0.3915 0.8273 -0.4029
vn 0.4366 0.7795 0.4492
vn -0.3915 -0.8273 -0.4029
vn 0.4366 -0.7795 0.4492
vn -0.8261 0.5603 -0.0591
vn -0.9989 -0.0000 -0.0463
vn -0.0396 0.6043 0.7958
vn -0.8261 -0.5603 -0.0591
vn -0.0396 -0.6043 0.7958
vn -0.0490 -0.0000 0.9988
vn 0.5996 0.5824 0.5488
vn 0.4274 -0.5066 0.7488
vn -0.0788 0.8023 0.5918
vn -0.5797 0.7054 0.4078
vn -0.1220 0.8015 0.5854
vn -0.0383 0.8035 0.5941
vn 0.1792 -0.9652 -0.1903
vn -0.3618 -0.6614 -0.6570
vn 0.0955 -0.7496 -0.6550
vn 0.6022 -0.6410 -0.4759
vn -0.3422 -0.7268 -0.5955
vn 0.5316 -0.7821 -0.3251
vn -0.0575 -0.8418 -0.5366
vn -0.0569 0.9062 0.4190
vn 0.0556 0.9041 -0.4236
vn -0.0889 0.9067 0.4124
vn 0.0868 0.9035 -0.4197
vn -0.0271 0.9058 0.4229
vn 0.0264 0.9047 -0.4253
vn -0.3129 0.8989 0.3068
vn 0.2113 0.9509 -0.2261
vn -0.0531 0.9132 0.4040
vn 0.0591 0.8965 -0.4391
vn -0.0823 0.9146 0.3958
vn 0.0932 0.8946 -0.4370
vn -0.0253 0.9127 0.4079
vn 0.0279 0.8972 -0.4407
vn -0.1549 0.9818 0.1103
vn 0.6525 0.7030 -0.2828
vn -0.0000 0.0370 -0.9993
vn -0.0000 -0.0000 -1.0000
vn 0.0596 -0.0000 -0.9982
vn 0.7327 0.2069 -0.6484
vn 0.7363 -0.0000 -0.6767
vn -0.0000 0.7235 -0.6904
vn 0.2797 0.7440 -0.6069
vn 0.0688 0.0463 -0.9966
vn 0.0673 0.7158 -0.6951
vn -0.0000 -0.0370 -0.9993
vn 0.7327 -0.2069 -0.6484
vn -0.0000 -0.7235 -0.6904
vn 0.2797 -0.7440 -0.6069
vn 0.0688 -0.0463 -0.9966
vn 0.0673 -0.7158 -0.6951
vn -0.0596 -0.0000 -0.9982
vn -0.7327 0.2069 -0.6484
vn -0.7363 -0.0000 -0.6767
vn -0.2797 0.7440 -0.6069
vn -0.0688 0.0463 -0.9966
vn -0.0673 0.7158 -0.6951
vn -0.7327 -0.2069 -0.6484
vn -0.2797 -0.7440 -0.6069
vn -0.0688 -0.0463 -0.9966
vn -0.0673 -0.7158 -0.6951
vn 0.8349 -0.0253 -0.5498
vn 0.6319 -0.6239 -0.4599
vn 0.0381 -0.8501 -0.5253
vn -0.0000 -0.8595 -0.5112
vn -0.8349 -0.0253 -0.5498
vn -0.0381 -0.8501 -0.5253
vn -0.6319 -0.6239 -0.4599
vn -0.0117 0.9855 0.1690
vn -0.6263 0.7474 0.2217
vn 0.9324 -0.0000 0.3613
vn -0.0000 0.9851 0.1717
vn 0.9402 0.0776 0.3315
vn -0.9402 0.0776 0.3315
vn 0.0117 0.9855 0.1690
vn -0.9324 -0.0000 0.3613
vn 0.6263 0.7474 0.2217
vn 0.6263 -0.7474 0.2217
vn -0.0000 -0.9851 0.1717
vn -0.9402 -0.0776 0.3315
vn -0.6263 -0.7474 0.2217
vn 0.9402 -0.0776 0.3315
vn -0.0117 -0.9856 0.1690
vn 0.0117 -0.9856 0.1690
vn -0.0413 0.7851 0.6180
vn 0.0612 0.3339 -0.9406
vn -0.4068 0.5472 0.7315
vn -0.2033 0.2129 -0.9557
vn 0.6356 -0.0000 0.7720
vn 0.3106 -0.0000 -0.9505
vn -0.0000 0.7746 0.6324
vn -0.0000 0.3668 -0.9303
vn 0.6429 0.0336 0.7652
vn 0.2981 -0.0416 -0.9536
vn -0.0413 -0.7851 0.6180
vn 0.0612 -0.3339 -0.9406
vn 0.0413 -0.7851 0.6180
vn -0.0612 -0.3339 -0.9406
vn -0.2033 -0.2129 -0.9557
vn -0.2981 -0.0416 -0.9536
vn -0.0000 -0.3668 -0.9303
vn 0.2033 -0.2129 -0.9557
vn 0.2033 0.2129 -0.9557
vn -0.3106 -0.0000 -0.9505
vn -0.0612 0.3339 -0.9406
vn -0.2981 0.0416 -0.9536
vn 0.2981 0.0416 -0.9536
vn 0.6429 -0.0336 0.7652
vn -0.6429 -0.0336 0.7652
vn 0.0413 0.7851 0.6180
vn -0.6356 -0.0000 0.7720
vn 0.4068 0.5472 0.7315
vn 0.4068 -0.5472 0.7315
vn -0.0000 -0.7746 0.6324
vn -0.6429 0.0336 0.7652
vn -0.4068 -0.5472 0.7315
vn -0.0051 0.9969 -0.0779
vn 0.0666 0.2650 -0.9620
vn -0.5894 0.7479 -0.3055
vn -0.1292 0.1104 -0.9855
vn 0.9857 -0.0000 -0.1687
vn 0.1960 -0.0000 -0.9806
vn -0.0000 0.9983 -0.0577
vn -0.0000 0.3098 -0.9508
vn 0.9869 -0.0113 -0.1610
vn 0.1882 -0.0434 -0.9812
vn -0.0051 -0.9969 -0.0779
vn 0.0666 -0.2650 -0.9620
vn 0.0051 -0.9969 -0.0779
vn -0.0666 -0.2650 -0.9620
vn -0.1292 -0.1104 -0.9855
vn -0.1882 -0.0434 -0.9812
vn -0.0000 -0.3098 -0.9508
vn 0.1292 -0.1104 -0.9855
vn 0.1292 0.1104 -0.9855
vn -0.1960 -0.0000 -0.9806
vn -0.0666 0.2650 -0.9620
vn -0.1882 0.0434 -0.9812
vn 0.1882 0.0434 -0.9812
vn 0.9869 0.0113 -0.1610
vn -0.9869 0.0113 -0.1610
vn 0.0051 0.9969 -0.0779
vn -0.9857 -0.0000 -0.1687
vn 0.5894 0.7479 -0.3055
vn 0.5894 -0.7479 -0.3055
vn -0.0000 -0.9983 -0.0577
vn -0.9869 -0.0113 -0.1610
vn -0.5894 -0.7479 -0.3055
vn -0.0000 0.8751 0.4839
vn 0.1707 0.8583 0.4839
vn 0.3349 0.8085 0.4839
vn 0.4862 0.7276 0.4839
vn 0.6188 0.6188 0.4839
vn 0.7276 0.4862 0.4839
vn 0.8085 0.3349 0.4839
vn 0.8583 0.1707 0.4839
vn 0.8751 -0.0000 0.4839
vn 0.8583 -0.1707 0.4839
vn 0.8085 -0.3349 0.4839
vn 0.7276 -0.4862 0.4839
vn 0.6188 -0.6188 0.4839
vn 0.4862 -0.7276 0.4839
vn 0.3349 -0.8085 0.4839
vn 0.1707 -0.8583 0.4839
vn -0.0000 -0.8751 0.4839
vn -0.1707 -0.8583 0.4839
vn -0.3349 -0.8085 0.4839
vn -0.4862 -0.7276 0.4839
vn -0.6188 -0.6188 0.4839
vn -0.7276 -0.4862 0.4839
vn -0.8085 -0.3349 0.4839
vn -0.8583 -0.1707 0.4839
vn -0.8751 -0.0000 0.4839
vn -0.8583 0.1707 0.4839
vn -0.8085 0.3349 0.4839
vn -0.7276 0.4862 0.4839
vn -0.6188 0.6188 0.4839
vn -0.4862 0.7276 0.4839
vn -0.3349 0.8085 0.4839
vn -0.1707 0.8583 0.4839
vn -0.0000 0.9692 0.2462
vn 0.1891 0.9506 0.2462
vn 0.3709 0.8954 0.2462
vn 0.5385 0.8059 0.2462
vn 0.6853 0.6853 0.2462
vn 0.8059 0.5385 0.2462
vn 0.8954 0.3709 0.2462
vn 0.9506 0.1891 0.2462
vn 0.9692 -0.0000 0.2462
vn 0.9506 -0.1891 0.2462
vn 0.8954 -0.3709 0.2462
vn 0.8059 -0.5385 0.2462
vn 0.6853 -0.6853 0.2462
vn 0.5385 -0.8059 0.2462
vn 0.3709 -0.8954 0.2462
vn 0.1891 -0.9506 0.2462
vn -0.0000 -0.9692 0.2462
vn -0.1891 -0.9506 0.2462
vn -0.3709 -0.8954 0.2462
vn -0.5385 -0.8059 0.2462
vn -0.6853 -0.6853 0.2462
vn -0.8059 -0.5385 0.2462
vn -0.8954 -0.3709 0.2462
vn -0.9506 -0.1891 0.2462
vn -0.9692 -0.0000 0.2462
vn -0.9506 0.1891 0.2462
vn -0.8954 0.3709 0.2462
vn -0.8059 0.5385 0.2462
vn -0.6853 0.6853 0.2462
vn -0.5385 0.8059 0.2462
vn -0.3709 0.8954 0.2462
vn -0.1891 0.9506 0.2462
vn -0.0000 0.7279 -0.6857
vn 0.1420 0.7139 -0.6857
vn 0.2785 0.6725 -0.6857
vn 0.4044 0.6052 -0.6857
vn 0.5147 0.5147 -0.6857
vn 0.6052 0.4044 -0.6857
vn 0.6725 0.2785 -0.6857
vn 0.7139 0.1420 -0.6857
vn 0.7279 -0.0000 -0.6857
vn 0.7139 -0.1420 -0.6857
vn 0.6725 -0.2785 -0.6857
vn 0.6052 -0.4044 -0.6857
vn 0.5147 -0.5147 -0.6857
vn 0.4044 -0.6052 -0.6857
vn 0.2785 -0.6725 -0.6857
vn 0.1420 -0.7139 -0.6857
vn -0.0000 -0.7279 -0.6857
vn -0.1420 -0.7139 -0.6857
vn -0.2785 -0.6725 -0.6857
vn -0.4044 -0.6052 -0.6857
vn -0.5147 -0.5147 -0.6857
vn -0.6052 -0.4044 -0.6857
vn -0.6725 -0.2785 -0.6857
vn -0.7139 -0.1420 -0.6857
vn -0.7279 -0.0000 -0.6857
vn -0.7139 0.1420 -0.6857
vn -0.6725 0.2785 -0.6857
vn -0.6052 0.4044 -0.6857
vn -0.5147 0.5147 -0.6857
vn -0.4044 0.6052 -0.6857
vn -0.2785 0.6725 -0.6857
vn -0.1420 0.7139 -0.6857
vn -0.0000 -0.6836 -0.7299
vn -0.1334 -0.6705 -0.7298
vn -0.2616 -0.6316 -0.7299
vn -0.3798 -0.5684 -0.7298
vn -0.4834 -0.4834 -0.7298
vn -0.5684 -0.3798 -0.7298
vn -0.6316 -0.2616 -0.7299
vn -0.6705 -0.1334 -0.7298
vn -0.6836 -0.0000 -0.7299
vn -0.6705 0.1334 -0.7298
vn -0.6316 0.2616 -0.7299
vn -0.5684 0.3798 -0.7298
vn -0.4834 0.4834 -0.7299
vn -0.3798 0.5684 -0.7298
vn -0.2616 0.6316 -0.7299
vn -0.1334 0.6705 -0.7298
vn -0.0000 0.6836 -0.7299
vn 0.1334 0.6705 -0.7298
vn 0.2616 0.6316 -0.7299
vn 0.3798 0.5684 -0.7298
vn 0.4834 0.4834 -0.7299
vn 0.5684 0.3798 -0.7298
vn 0.6316 0.2616 -0.7299
vn 0.6705 0.1334 -0.7298
vn 0.6836 -0.0000 -0.7299
vn 0.6705 -0.1334 -0.7298
vn 0.6316 -0.2616 -0.7299
vn 0.5684 -0.3798 -0.7298
vn 0.4834 -0.4834 -0.7299
vn 0.3798 -0.5684 -0.7298
vn 0.2616 -0.6316 -0.7299
vn 0.1334 -0.6705 -0.7298
vn 0.2786 0.6725 -0.6857
vn -0.0000 0.4148 -0.9099
vn 0.0809 0.4069 -0.9099
vn 0.1588 0.3833 -0.9099
vn 0.2305 0.3449 -0.9099
vn 0.2934 0.2934 -0.9099
vn 0.3450 0.2305 -0.9099
vn 0.3833 0.1588 -0.9099
vn 0.4069 0.0809 -0.9099
vn 0.4149 -0.0000 -0.9099
vn 0.4069 -0.0809 -0.9099
vn 0.3833 -0.1588 -0.9099
vn 0.3450 -0.2305 -0.9099
vn 0.2933 -0.2933 -0.9099
vn 0.2305 -0.3450 -0.9099
vn 0.1588 -0.3833 -0.9099
vn 0.0809 -0.4069 -0.9099
vn -0.0000 -0.4149 -0.9099
vn -0.0809 -0.4069 -0.9099
vn -0.1588 -0.3833 -0.9099
vn -0.2305 -0.3450 -0.9099
vn -0.2933 -0.2933 -0.9099
vn -0.3450 -0.2305 -0.9099
vn -0.3833 -0.1588 -0.9099
vn -0.4069 -0.0809 -0.9099
vn -0.4149 -0.0000 -0.9099
vn -0.4069 0.0809 -0.9099
vn -0.3833 0.1588 -0.9099
vn -0.3450 0.2305 -0.9099
vn -0.2934 0.2933 -0.9099
vn -0.2305 0.3450 -0.9099
vn -0.1588 0.3833 -0.9099
vn -0.0809 0.4069 -0.9099
vn -0.0000 0.6480 -0.7616
vn 0.1264 0.6356 -0.7616
vn 0.2480 0.5987 -0.7616
vn 0.3600 0.5388 -0.7616
vn 0.4582 0.4582 -0.7616
vn 0.5388 0.3600 -0.7616
vn 0.5987 0.2480 -0.7616
vn 0.6356 0.1264 -0.7616
vn 0.6480 -0.0000 -0.7616
vn 0.6356 -0.1264 -0.7616
vn 0.5987 -0.2480 -0.7616
vn 0.5388 -0.3600 -0.7616
vn 0.4582 -0.4582 -0.7616
vn 0.3600 -0.5388 -0.7616
vn 0.2480 -0.5987 -0.7616
vn 0.1264 -0.6356 -0.7616
vn -0.0000 -0.6480 -0.7616
vn -0.1264 -0.6356 -0.7616
vn -0.2480 -0.5987 -0.7616
vn -0.3600 -0.5388 -0.7616
vn -0.4582 -0.4582 -0.7616
vn -0.5388 -0.3600 -0.7616
vn -0.5987 -0.2480 -0.7616
vn -0.6356 -0.1264 -0.7616
vn -0.6480 -0.0000 -0.7616
vn -0.6356 0.1264 -0.7616
vn -0.5987 0.2480 -0.7616
vn -0.5388 0.3600 -0.7616
vn -0.4582 0.4582 -0.7616
vn -0.3600 0.5388 -0.7616
vn -0.2480 0.5987 -0.7616
vn -0.1264 0.6356 -0.7616
vn -0.0000 0.3131 -0.9497
vn 0.0611 0.3071 -0.9497
vn 0.1198 0.2893 -0.9497
vn 0.1740 0.2603 -0.9497
vn 0.2214 0.2214 -0.9497
vn 0.2603 0.1740 -0.9497
vn 0.2893 0.1198 -0.9497
vn 0.3071 0.0611 -0.9497
vn 0.3131 -0.0000 -0.9497
vn 0.3071 -0.0611 -0.9497
vn 0.2893 -0.1198 -0.9497
vn 0.2603 -0.1740 -0.9497
vn 0.2214 -0.2214 -0.9497
vn 0.1740 -0.2603 -0.9497
vn 0.1198 -0.2893 -0.9497
vn 0.0611 -0.3071 -0.9497
vn -0.0000 -0.3131 -0.9497
vn -0.0611 -0.3071 -0.9497
vn -0.1198 -0.2893 -0.9497
vn -0.1740 -0.2604 -0.9497
vn -0.2214 -0.2214 -0.9497
vn -0.2603 -0.1740 -0.9497
vn -0.2893 -0.1198 -0.9497
vn -0.3071 -0.0611 -0.9497
vn -0.3131 -0.0000 -0.9497
vn -0.3071 0.0611 -0.9497
vn -0.2893 0.1198 -0.9497
vn -0.2603 0.1739 -0.9497
vn -0.2214 0.2214 -0.9497
vn -0.1740 0.2603 -0.9497
vn -0.1198 0.2893 -0.9497
vn -0.0611 0.3071 -0.9497
vn -0.0000 0.0698 -0.9976
vn 0.0136 0.0691 -0.9975
vn 0.0267 0.0644 -0.9976
vn 0.0388 0.0584 -0.9975
vn 0.0494 0.0493 -0.9976
vn 0.0580 0.0388 -0.9976
vn 0.0645 0.0267 -0.9976
vn 0.0685 0.0136 -0.9976
vn 0.0698 -0.0000 -0.9976
vn 0.0685 -0.0135 -0.9976
vn 0.0645 -0.0267 -0.9976
vn 0.0580 -0.0388 -0.9976
vn 0.0494 -0.0493 -0.9976
vn 0.0388 -0.0584 -0.9975
vn 0.0267 -0.0644 -0.9976
vn 0.0136 -0.0691 -0.9975
vn -0.0000 -0.0698 -0.9976
vn -0.0136 -0.0685 -0.9976
vn -0.0267 -0.0646 -0.9976
vn -0.0388 -0.0580 -0.9976
vn -0.0494 -0.0494 -0.9976
vn -0.0580 -0.0386 -0.9976
vn -0.0645 -0.0267 -0.9976
vn -0.0685 -0.0136 -0.9976
vn -0.0698 -0.0000 -0.9976
vn -0.0685 0.0136 -0.9976
vn -0.0645 0.0267 -0.9976
vn -0.0580 0.0384 -0.9976
vn -0.0494 0.0493 -0.9976
vn -0.0388 0.0580 -0.9976
vn -0.0267 0.0646 -0.9976
vn -0.0136 0.0684 -0.9976
vn 0.0646 -0.5309 0.8450
vn 0.1185 -0.5956 0.7945
vn 0.1815 -0.8101 0.5575
vn -0.4921 -0.1106 0.8635
vn 0.1601 -0.6963 0.6996
vn -0.0000 -0.5068 0.8621
vn -0.0000 0.8789 0.4770
vn 0.0625 0.9004 0.4305
vn 0.0989 0.9451 0.3113
vn -0.6263 0.7572 0.1855
vn 0.0846 0.9218 0.3784
vn 0.0340 0.8849 0.4646
vn -0.0646 -0.5309 0.8450
vn -0.1185 -0.5956 0.7945
vn -0.1815 -0.8101 0.5575
vn 0.4921 -0.1106 0.8635
vn -0.1601 -0.6963 0.6996
vn -0.0625 0.9004 0.4305
vn -0.0989 0.9451 0.3113
vn 0.6263 0.7572 0.1855
vn -0.0846 0.9218 0.3784
vn -0.0340 0.8849 0.4646
vn 0.0347 0.7048 0.7085
vn 0.0797 0.6768 0.7319
vn 0.2187 0.4975 0.8394
vn 0.2664 0.3328 0.9046
vn 0.1382 0.6131 0.7778
vn -0.0000 0.7107 0.7035
vn 0.0620 0.8203 0.5686
vn 0.1232 0.8659 0.4848
vn 0.1654 0.8968 0.4104
vn 0.0937 0.8398 0.5348
vn 0.0300 0.8093 0.5866
vn -0.0347 0.7048 0.7085
vn -0.0797 0.6768 0.7319
vn -0.2187 0.4975 0.8394
vn -0.2664 0.3328 0.9046
vn -0.1382 0.6131 0.7778
vn -0.0620 0.8203 0.5686
vn -0.1232 0.8659 0.4848
vn -0.1654 0.8968 0.4104
vn -0.0937 0.8398 0.5348
vn -0.0300 0.8093 0.5866
s 1
f 645//523 3//3 635//523
f 617//506 634//522 647//531
f 89//87 113//111 90//88
f 621//509 1//1 617//506
f 631//519 14//14 630//518
f 75//73 99//97 76//74
f 88//86 112//110 89//87
f 630//518 639//527 651//535
f 74//72 98//96 75//73
f 87//85 111//109 88//86
f 74//72 96//94 97//95
f 87//85 109//107 110//108
f 628//516 1257//1014 1259//1016
f 24//22 1273//1020 626//514
f 1282//1025 1290//1030 1291//1031
f 618//507 19//3 620//507
f 73//71 95//93 96//94
f 86//84 108//106 109//107
f 1//1 643//523 634//522
f 1208//523 19//3 645//523
f 281//195 80//78 283//197
f 593//56 91//89 594//57
f 583//43 78//76 584//44
f 574//488 65//63 575//31
f 594//57 92//90 595//58
f 584//44 79//77 585//491
f 575//31 66//64 576//32
f 595//58 93//91 596//59
f 576//32 67//65 577//33
f 596//59 94//92 597//60
f 601//497 81//79 602//47
f 577//33 68//66 578//34
f 597//60 63//61 592//494
f 602//47 82//80 603//48
f 578//34 69//67 579//35
f 603//48 83//81 604//49
f 579//35 70//68 580//36
f 604//49 84//82 605//50
f 580//36 71//69 581//489
f 605//50 85//83 606//51
f 606//51 86//84 607//52
f 586//492 73//71 587//39
f 607//52 87//85 608//498
f 587//39 74//72 588//40
f 278//192 72//70 281//195
f 588//40 75//73 589//41
f 598//495 89//87 599//55
f 589//41 76//74 590//42
f 599//55 90//88 593//56
f 590//42 77//75 583//43
f 76//74 100//98 77//75
f 64//62 30//28 29//27
f 91//89 113//111 114//112
f 78//76 100//98 101//99
f 65//63 29//27 28//26
f 92//90 114//112 115//113
f 79//77 101//99 102//100
f 66//64 28//26 27//25
f 93//91 115//113 116//114
f 79//77 103//101 80//78
f 66//64 21//19 67//65
f 93//91 117//115 94//92
f 80//78 104//102 81//79
f 68//66 21//19 20//18
f 94//92 30//28 63//61
f 81//79 105//103 82//80
f 68//66 9//9 69//67
f 82//80 106//104 83//81
f 69//67 8//8 70//68
f 83//81 107//105 84//82
f 70//68 6//6 71//69
f 85//83 107//105 108//106
f 72//70 6//6 95//93
f 215//180 140//138 141//139
f 217//180 131//129 132//130
f 218//180 141//139 142//140
f 219//180 131//129 216//180
f 218//180 143//141 220//180
f 221//180 128//126 222//180
f 220//180 144//142 223//180
f 224//180 124//122 225//180
f 226//180 134//132 227//180
f 228//180 127//125 221//180
f 223//180 145//143 229//180
f 230//180 125//123 224//180
f 226//180 132//130 133//131
f 228//180 119//117 118//116
f 229//180 146//144 232//180
f 233//180 119//117 231//180
f 232//180 147//145 234//180
f 235//180 120//118 233//180
f 234//180 148//146 236//180
f 237//180 121//119 235//180
f 236//180 149//147 238//180
f 239//180 130//128 219//180
f 240//180 122//120 237//180
f 230//180 149//147 126//124
f 222//180 129//127 239//180
f 241//180 137//135 242//180
f 225//180 123//121 240//180
f 243//180 136//134 241//180
f 244//180 137//135 138//136
f 244//180 139//137 245//180
f 227//180 135//133 243//180
f 214//180 139//137 140//138
f 182//148 176//39 183//149
f 184//150 152//51 185//151
f 183//149 177//40 186//152
f 187//153 153//50 184//150
f 188//154 168//31 189//155
f 186//152 178//41 190//156
f 191//157 154//49 187//153
f 192//158 167//30 188//154
f 190//156 179//42 193//159
f 194//160 155//48 191//157
f 195//161 166//29 192//158
f 193//159 180//43 196//162
f 197//163 156//47 194//160
f 198//164 165//60 195//161
f 196//162 181//44 199//165
f 200//166 157//46 197//163
f 201//167 164//59 198//164
f 199//165 158//45 200//166
f 189//155 169//32 202//168
f 203//169 163//58 201//167
f 202//168 170//33 204//170
f 205//171 162//57 203//169
f 204//170 171//34 206//172
f 207//173 161//56 205//171
f 206//172 172//35 208//174
f 209//175 160//55 207//173
f 208//174 173//36 210//176
f 211//177 159//54 209//175
f 210//176 174//37 212//178
f 213//179 150//53 211//177
f 212//178 175//38 182//148
f 185//151 151//52 213//179
f 120//118 213//179 119//117
f 142//140 182//148 143//141
f 119//117 211//177 118//116
f 141//139 212//178 142//140
f 127//125 211//177 209//175
f 140//138 210//176 141//139
f 128//126 209//175 207//173
f 140//138 206//172 208//174
f 128//126 205//171 129//127
f 138//136 206//172 139//137
f 129//127 203//169 130//128
f 137//135 204//170 138//136
f 130//128 201//167 131//129
f 136//134 202//168 137//135
f 126//124 199//165 200//166
f 131//129 198//164 132//130
f 125//123 200//166 197//163
f 149//147 196//162 199//165
f 132//130 195//161 133//131
f 124//122 197//163 194//160
f 148//146 193//159 196//162
f 134//132 195//161 192//158
f 123//121 194//160 191//157
f 147//145 190//156 193//159
f 135//133 192//158 188//154
f 123//121 187//153 122//120
f 146//144 186//152 190//156
f 136//134 188//154 189//155
f 121//119 187//153 184//150
f 145//143 183//149 186//152
f 120//118 184//150 185//151
f 144//142 182//148 183//149
f 108//106 245//180 214//180
f 103//101 227//180 243//180
f 106//104 245//180 107//105
f 106//104 242//180 244//180
f 104//102 243//180 241//180
f 27//25 225//180 240//180
f 105//103 241//180 242//180
f 97//95 222//180 239//180
f 117//115 230//180 30//28
f 21//19 240//180 237//180
f 98//96 239//180 219//180
f 116//114 238//180 117//115
f 20//18 237//180 235//180
f 115//113 236//180 116//114
f 9//9 235//180 233//180
f 115//113 232//180 234//180
f 8//8 233//180 231//180
f 114//112 229//180 232//180
f 8//8 228//180 6//6
f 101//99 217//180 226//180
f 30//28 224//180 29//27
f 112//110 229//180 113//111
f 6//6 221//180 95//93
f 102//100 226//180 227//180
f 28//26 224//180 225//180
f 111//109 223//180 112//110
f 96//94 221//180 222//180
f 110//108 220//180 111//109
f 99//97 219//180 216//180
f 109//107 218//180 110//108
f 99//97 217//180 100//98
f 108//106 215//180 109//107
f 44//42 250//43 45//43
f 57//55 248//56 58//56
f 43//41 277//42 44//42
f 56//54 276//191 57//55
f 42//40 275//41 43//41
f 55//53 274//190 56//54
f 41//39 273//40 42//40
f 54//52 272//189 55//53
f 40//38 271//188 41//39
f 53//51 270//52 54//52
f 39//37 269//187 40//38
f 52//50 268//51 53//51
f 38//36 267//186 39//37
f 51//49 266//50 52//50
f 37//35 265//36 38//36
f 50//48 264//49 51//49
f 36//34 263//35 37//35
f 49//47 262//48 50//48
f 62//60 246//181 31//29
f 35//33 261//34 36//34
f 48//46 260//185 49//47
f 61//59 259//60 62//60
f 34//32 258//33 35//33
f 47//45 257//184 48//46
f 60//58 256//59 61//59
f 33//31 255//32 34//32
f 46//44 254//183 47//45
f 59//57 253//58 60//58
f 32//30 252//31 33//31
f 45//43 251//44 46//44
f 58//56 249//57 59//57
f 31//29 247//182 32//30
f 582//490 267//186 581//489
f 591//493 72//70 586//492
f 279//193 269//187 267//186
f 280//194 257//184 254//183
f 609//499 80//78 601//497
f 591//493 254//183 585//491
f 282//196 279//193 285//199
f 283//197 278//192 281//195
f 87//85 284//198 283//197
f 274//190 600//496 598//495
f 87//85 609//499 608//498
f 272//189 285//199 274//190
f 247//182 582//490 574//488
f 63//61 600//496 592//494
f 246//181 279//193 247//182
f 63//61 278//192 284//198
f 335//249 302//216 303//217
f 322//236 289//203 290//204
f 349//263 316//230 317//231
f 336//250 303//217 304//218
f 323//237 290//204 291//205
f 318//232 317//231 286//200
f 337//251 304//218 305//219
f 324//238 291//205 292//206
f 338//252 305//219 306//220
f 325//239 292//206 293//207
f 339//253 306//220 307//221
f 326//240 293//207 294//208
f 340//254 307//221 308//222
f 327//241 294//208 295//209
f 341//255 308//222 309//223
f 328//242 295//209 296//210
f 342//256 309//223 310//224
f 329//243 296//210 297//211
f 343//257 310//224 311//225
f 330//244 297//211 298//212
f 344//258 311//225 312//226
f 331//245 298//212 299//213
f 345//259 312//226 313//227
f 332//246 299//213 300//214
f 319//233 286//200 287//201
f 346//260 313//227 314//228
f 333//247 300//214 301//215
f 320//234 287//201 288//202
f 347//261 314//228 315//229
f 334//248 301//215 302//216
f 321//235 288//202 289//203
f 348//262 315//229 316//230
f 343//257 374//288 342//256
f 330//244 361//275 329//243
f 376//290 343//257 344//258
f 331//245 362//276 330//244
f 377//291 344//258 345//259
f 364//278 331//245 332//246
f 351//265 318//232 319//233
f 346//260 377//291 345//259
f 365//279 332//246 333//247
f 352//266 319//233 320//234
f 379//293 346//260 347//261
f 366//280 333//247 334//248
f 353//267 320//234 321//235
f 380//294 347//261 348//262
f 335//249 366//280 334//248
f 354//268 321//235 322//236
f 381//295 348//262 349//263
f 368//282 335//249 336//250
f 355//269 322//236 323//237
f 318//232 381//295 349//263
f 369//283 336//250 337//251
f 356//270 323//237 324//238
f 338//252 369//283 337//251
f 357//271 324//238 325//239
f 339//253 370//284 338//252
f 358//272 325//239 326//240
f 372//286 339//253 340//254
f 359//273 326//240 327//241
f 341//255 372//286 340//254
f 328//242 359//273 327//241
f 342//256 373//287 341//255
f 361//275 328//242 329//243
f 384//298 378//292 379//293
f 357//271 407//321 356//270
f 386//300 376//290 377//291
f 352//266 412//326 351//265
f 393//307 369//283 370//284
f 363//277 401//315 362//276
f 398//312 364//278 365//279
f 356//270 408//322 355//269
f 376//290 388//302 375//289
f 378//292 386//300 377//291
f 369//283 395//309 368//282
f 362//276 402//316 361//275
f 399//313 363//277 364//278
f 413//327 381//295 350//264
f 375//289 389//303 374//288
f 408//322 354//268 355//269
f 361//275 403//317 360//274
f 395//309 367//281 368//282
f 389//303 373//287 374//288
f 382//296 380//294 381//295
f 403//317 359//273 360//274
f 354//268 410//324 353//267
f 390//304 372//286 373//287
f 396//310 366//280 367//281
f 359//273 405//319 358//272
f 380//294 384//298 379//293
f 391//305 371//285 372//286
f 410//324 352//266 353//267
f 358//272 406//320 357//271
f 366//280 398//312 365//279
f 392//306 370//284 371//285
f 412//326 350//264 351//265
f 410//324 443//357 411//325
f 416//330 385//299 384//298
f 412//326 445//359 413//327
f 431//345 400//314 399//313
f 418//332 387//301 386//300
f 419//333 388//302 387//301
f 405//319 438//352 406//320
f 388//302 421//335 389//303
f 407//321 440//354 408//322
f 433//347 402//316 401//315
f 390//304 423//337 391//305
f 392//306 425//339 393//307
f 421//335 390//304 389//303
f 445//359 382//296 413//327
f 403//317 436//350 404//318
f 426//340 395//309 394//308
f 428//342 397//311 396//310
f 423//337 392//306 391//305
f 430//344 399//313 398//312
f 441//355 410//324 409//323
f 432//346 401//315 400//314
f 425//339 394//308 393//307
f 415//329 384//298 383//297
f 434//348 403//317 402//316
f 404//318 437//351 405//319
f 395//309 428//342 396//310
f 411//325 444//358 412//326
f 438//352 407//321 406//320
f 385//299 418//332 386//300
f 440//354 409//323 408//322
f 429//343 398//312 397//311
f 414//328 383//297 382//296
f 475//389 444//358 443//357
f 428//342 461//375 429//343
f 417//331 450//364 418//332
f 430//344 463//377 431//345
f 476//390 445//359 444//358
f 464//378 433//347 432//346
f 451//365 420//334 419//333
f 466//380 435//349 434//348
f 453//367 422//336 421//335
f 468//382 437//351 436//350
f 423//337 456//370 424//338
f 438//352 471//385 439//353
f 425//339 458//372 426//340
f 472//386 441//355 440//354
f 414//328 447//361 415//329
f 459//373 428//342 427//341
f 474//388 443//357 442//356
f 448//362 417//331 416//330
f 461//375 430//344 429//343
f 437//351 470//384 438//352
f 450//364 419//333 418//332
f 431//345 464//378 432//346
f 471//385 440//354 439//353
f 420//334 453//367 421//335
f 433//347 466//380 434//348
f 445//359 446//360 414//328
f 422//336 455//369 423//337
f 467//381 436//350 435//349
f 441//355 474//388 442//356
f 456//370 425//339 424//338
f 447//361 416//330 415//329
f 426//340 459//373 427//341
f 483//397 452//366 451//365
f 498//412 467//381 466//380
f 485//399 454//368 453//367
f 468//382 501//415 469//383
f 487//401 456//370 455//369
f 470//384 503//417 471//385
f 489//403 458//372 457//371
f 504//418 473//387 472//386
f 446//360 479//393 447//361
f 491//405 460//374 459//373
f 506//420 475//389 474//388
f 480//394 449//363 448//362
f 493//407 462//376 461//375
f 501//415 470//384 469//383
f 482//396 451//365 450//364
f 463//377 496//410 464//378
f 471//385 504//418 472//386
f 452//366 485//399 453//367
f 465//379 498//412 466//380
f 509//423 446//360 477//391
f 454//368 487//401 455//369
f 499//413 468//382 467//381
f 473//387 506//420 474//388
f 456//370 489//403 457//371
f 447//361 480//394 448//362
f 458//372 491//405 459//373
f 475//389 508//422 476//390
f 460//374 493//407 461//375
f 449//363 482//396 450//364
f 494//408 463//377 462//376
f 476//390 509//423 477//391
f 464//378 497//411 465//379
f 495//409 487//401 479//393
f 312//226 537//451 313//227
f 299//213 524//438 300//214
f 286//200 511//425 287//201
f 537//451 314//228 313//227
f 300//214 525//439 301//215
f 511//425 288//202 287//201
f 314//228 539//453 315//229
f 525//439 302//216 301//215
f 512//426 289//203 288//202
f 315//229 540//454 316//230
f 526//440 303//217 302//216
f 289//203 514//428 290//204
f 540//454 317//231 316//230
f 303//217 528//442 304//218
f 290//204 515//429 291//205
f 541//455 286//200 317//231
f 528//442 305//219 304//218
f 515//429 292//206 291//205
f 529//443 306//220 305//219
f 292//206 517//431 293//207
f 306//220 531//445 307//221
f 517//431 294//208 293//207
f 531//445 308//222 307//221
f 294//208 519//433 295//209
f 532//446 309//223 308//222
f 295//209 520//434 296//210
f 309//223 534//448 310//224
f 296//210 521//435 297//211
f 534//448 311//225 310//224
f 297//211 522//436 298//212
f 535//449 312//226 311//225
f 522//436 299//213 298//212
f 554//468 523//437 522//436
f 568//482 537//451 536//450
f 555//469 524//438 523//437
f 542//456 511//425 510//424
f 569//483 538//452 537//451
f 556//470 525//439 524//438
f 543//457 512//426 511//425
f 570//484 539//453 538//452
f 557//471 526//440 525//439
f 544//458 513//427 512//426
f 571//485 540//454 539//453
f 558//472 527//441 526//440
f 545//459 514//428 513//427
f 572//486 541//455 540//454
f 559//473 528//442 527//441
f 546//460 515//429 514//428
f 573//487 510//424 541//455
f 560//474 529//443 528//442
f 547//461 516//430 515//429
f 561//475 530//444 529//443
f 548//462 517//431 516//430
f 562//476 531//445 530//444
f 549//463 518//432 517//431
f 563//477 532//446 531//445
f 550//464 519//433 518//432
f 564//478 533//447 532//446
f 551//465 520//434 519//433
f 565//479 534//448 533//447
f 552//466 521//435 520//434
f 566//480 535//449 534//448
f 553//467 522//436 521//435
f 567//481 536//450 535//449
f 64//62 582//490 278//192
f 582//490 71//69 278//192
f 265//36 581//489 267//186
f 263//35 580//36 265//36
f 261//34 579//35 263//35
f 258//33 578//34 261//34
f 255//32 577//33 258//33
f 252//31 576//32 255//32
f 247//182 575//31 252//31
f 591//493 79//77 281//195
f 591//493 269//187 280//194
f 277//42 583//43 250//43
f 275//41 590//42 277//42
f 273//40 589//41 275//41
f 271//188 588//40 273//40
f 269//187 587//39 271//188
f 251//44 585//491 254//183
f 250//43 584//44 251//44
f 246//181 600//496 285//199
f 88//86 600//496 284//198
f 276//191 593//56 248//56
f 274//190 599//55 276//191
f 259//60 592//494 246//181
f 256//59 597//60 259//60
f 253//58 596//59 256//59
f 249//57 595//58 253//58
f 248//56 594//57 249//57
f 272//189 609//499 282//196
f 609//499 257//184 282//196
f 270//52 608//498 272//189
f 268//51 607//52 270//52
f 266//50 606//51 268//51
f 264//49 605//50 266//50
f 262//48 604//49 264//49
f 260//185 603//48 262//48
f 257//184 602//47 260//185
f 16//16 1254//1011 1252//1009
f 1159//939 1250//1007 1249//543
f 5286//2578 5271//2563 5289//2581
f 17//17 1244//1003 615//504
f 616//505 2//2 16//16
f 614//503 619//508 12//12
f 10//10 620//507 25//23
f 26//24 617//506 15//15
f 15//15 647//531 641//529
f 613//502 624//512 13//13
f 1211//976 1285//1027 1284//1026
f 1291//1031 1258//1015 1282//1025
f 14//14 649//533 639//527
f 24//22 625//513 14//14
f 5286//2578 5259//2551 5256//2548
f 1178//954 1286//1028 1282//1025
f 5//5 651//535 637//525
f 23//21 630//518 5//5
f 5284//2576 5267//2559 5288//2580
f 637//525 652//536 638//526
f 640//528 627//515 613//502
f 639//527 650//534 640//528
f 614//503 648//532 622//510
f 641//529 648//532 642//530
f 1207//524 616//505 1205//975
f 1208//523 646//524 1207//524
f 633//521 615//504 610//500
f 634//522 644//524 633//521
f 5293//2585 5275//2567 5262//2554
f 651//535 640//528 652//536
f 622//510 633//521 610//500
f 647//531 633//521 648//532
f 646//524 611//2 616//505
f 645//523 636//524 646//524
f 1193//959 654//538 664//538
f 1182//958 1166//945 1195//967
f 726//606 702//582 703//583
f 1169//947 653//537 663//538
f 1179//955 661//544 669//550
f 712//592 688//568 689//569
f 725//605 701//581 702//582
f 1187//963 1177//953 1199//971
f 711//591 687//567 688//568
f 724//604 700//580 701//581
f 710//590 686//566 687//567
f 700//580 722//602 699//579
f 1178//954 1258//1015 667//548
f 1167//946 664//538 654//538
f 686//566 708//588 685//565
f 722//602 698//578 699//579
f 1191//959 653//537 1182//958
f 1218//959 664//538 1209//538
f 693//573 862//194 864//196
f 704//584 1142//56 1143//57
f 691//571 1132//43 1133//44
f 678//558 1123//488 1124//31
f 705//585 1143//57 1144//58
f 692//572 1133//44 1134//491
f 679//559 1124//31 1125//32
f 706//586 1144//58 1145//59
f 680//560 1125//32 1126//33
f 707//587 1145//59 1146//60
f 694//574 1150//497 1151//47
f 681//561 1126//33 1127//34
f 676//556 1146//60 1141//494
f 695//575 1151//47 1152//48
f 682//562 1127//34 1128//35
f 696//576 1152//48 1153//49
f 683//563 1128//35 1129//36
f 697//577 1153//49 1154//50
f 684//564 1129//36 1130//489
f 698//578 1154//50 1155//51
f 699//579 1155//51 1156//52
f 686//566 1135//492 1136//39
f 700//580 1156//52 1157//498
f 687//567 1136//39 1137//40
f 685//565 859//193 862//194
f 688//568 1137//40 1138//41
f 702//582 1147//495 1148//55
f 689//569 1138//41 1139//42
f 703//583 1148//55 1142//56
f 690//570 1139//42 1132//43
f 713//593 689//569 690//570
f 677//557 675//555 676//556
f 704//584 726//606 703//583
f 691//571 713//593 690//570
f 678//558 674//554 677//557
f 728//608 704//584 705//585
f 715//595 691//571 692//572
f 679//559 673//553 678//558
f 706//586 728//608 705//585
f 693//573 715//595 692//572
f 666//547 679//559 680//560
f 730//610 706//586 707//587
f 717//597 693//573 694//574
f 681//561 666//547 680//560
f 675//555 707//587 676//556
f 718//598 694//574 695//575
f 659//542 681//561 682//562
f 719//599 695//575 696//576
f 658//541 682//562 683//563
f 720//600 696//576 697//577
f 656//540 683//563 684//564
f 698//578 720//600 697//577
f 685//565 656//540 684//564
f 796//543 753//633 795//543
f 798//543 744//624 797//543
f 799//543 754//634 796//543
f 744//624 800//543 797//543
f 756//636 799//543 801//543
f 741//621 802//543 803//543
f 757//637 801//543 804//543
f 737//617 805//543 806//543
f 747//627 807//543 808//543
f 740//620 809//543 802//543
f 758//638 804//543 810//543
f 805//543 739//619 811//543
f 807//543 745//625 798//543
f 809//543 732//612 812//543
f 759//639 810//543 813//543
f 732//612 814//543 812//543
f 760//640 813//543 815//543
f 733//613 816//543 814//543
f 761//641 815//543 817//543
f 734//614 818//543 816//543
f 762//642 817//543 819//543
f 743//623 820//543 800//543
f 735//615 821//543 818//543
f 811//543 762//642 819//543
f 742//622 803//543 820//543
f 823//543 749//629 822//543
f 736//616 806//543 821//543
f 749//629 824//543 822//543
f 825//543 750//630 823//543
f 752//632 825//543 826//543
f 748//628 808//543 824//543
f 795//543 752//632 826//543
f 176//39 763//643 764//644
f 152//51 765//645 766//646
f 177//40 764//644 767//647
f 153//50 768//648 765//645
f 168//31 769//649 770//650
f 178//41 767//647 771//651
f 154//49 772//652 768//648
f 167//30 773//653 769//649
f 179//42 771//651 774//654
f 155//48 775//655 772//652
f 166//29 776//656 773//653
f 180//43 774//654 777//657
f 156//47 778//658 775//655
f 165//60 779//659 776//656
f 181//44 777//657 780//660
f 157//46 781//661 778//658
f 164//59 782//662 779//659
f 158//45 780//660 781//661
f 169//32 770//650 783//663
f 163//58 784//664 782//662
f 170//33 783//663 785//665
f 162//57 786//666 784//664
f 171//34 785//665 787//667
f 161//56 788//668 786//666
f 172//35 787//667 789//669
f 160//55 790//670 788//668
f 173//36 789//669 791//671
f 159//54 792//672 790//670
f 174//37 791//671 793//673
f 150//53 794//674 792//672
f 175//38 793//673 763//643
f 151//52 766//646 794//674
f 794//674 733//613 732//612
f 763//643 755//635 756//636
f 792//672 732//612 731//611
f 793//673 754//634 755//635
f 740//620 792//672 731//611
f 791//671 753//633 754//634
f 741//621 790//670 740//620
f 753//633 787//667 752//632
f 786//666 741//621 742//622
f 787//667 751//631 752//632
f 784//664 742//622 743//623
f 785//665 750//630 751//631
f 782//662 743//623 744//624
f 783//663 749//629 750//630
f 739//619 780//660 762//642
f 779//659 744//624 745//625
f 738//618 781//661 739//619
f 762//642 777//657 761//641
f 776//656 745//625 746//626
f 737//617 778//658 738//618
f 761//641 774//654 760//640
f 747//627 776//656 746//626
f 736//616 775//655 737//617
f 760//640 771//651 759//639
f 748//628 773//653 747//627
f 768//648 736//616 735//615
f 759//639 767//647 758//638
f 749//629 769//649 748//628
f 734//614 768//648 735//615
f 758//638 764//644 757//637
f 733//613 765//645 734//614
f 757//637 763//643 756//636
f 721//601 826//543 720//600
f 716//596 808//543 715//595
f 826//543 719//599 720//600
f 719//599 823//543 718//598
f 717//597 824//543 716//596
f 672//552 806//543 673//553
f 718//598 822//543 717//597
f 710//590 803//543 709//589
f 811//543 730//610 675//555
f 666//547 821//543 672//552
f 711//591 820//543 710//590
f 819//543 729//609 730//610
f 665//546 818//543 666//547
f 817//543 728//608 729//609
f 659//542 816//543 665//546
f 728//608 813//543 727//607
f 658//541 814//543 659//542
f 727//607 810//543 726//606
f 809//543 658//541 656//540
f 807//543 713//593 714//594
f 805//543 675//555 674//554
f 810//543 725//605 726//606
f 802//543 656//540 708//588
f 715//595 807//543 714//594
f 673//553 805//543 674//554
f 804//543 724//604 725//605
f 709//589 802//543 708//588
f 801//543 723//603 724//604
f 712//592 800//543 711//591
f 799//543 722//602 723//603
f 798//543 712//592 713//593
f 796//543 721//601 722//602
f 831//43 44//42 45//43
f 829//56 57//55 58//56
f 858//42 43//41 44//42
f 857//191 56//54 57//55
f 856//41 42//40 43//41
f 855//682 55//53 56//54
f 854//40 41//39 42//40
f 853//681 54//52 55//53
f 852//188 40//38 41//39
f 851//52 53//51 54//52
f 850//680 39//37 40//38
f 849//51 52//50 53//51
f 848//679 38//36 39//37
f 847//50 51//49 52//50
f 846//36 37//35 38//36
f 845//49 50//48 51//49
f 844//35 36//34 37//35
f 843//48 49//47 50//48
f 827//675 62//60 31//29
f 842//34 35//33 36//34
f 841//185 48//46 49//47
f 840//60 61//59 62//60
f 839//33 34//32 35//33
f 838//678 47//45 48//46
f 837//59 60//58 61//59
f 836//32 33//31 34//32
f 835//677 46//44 47//45
f 834//58 59//57 60//58
f 833//31 32//30 33//31
f 832//44 45//43 46//44
f 830//57 58//56 59//57
f 828//676 31//29 32//30
f 1131//490 848//679 860//192
f 1140//493 685//565 862//194
f 860//192 850//680 861//195
f 861//195 838//678 863//197
f 1158//499 693//573 864//196
f 1140//493 835//677 861//195
f 860//192 863//197 866//198
f 864//196 859//193 865//199
f 700//580 865//199 701//581
f 1149//496 855//682 1147//495
f 1158//499 700//580 1157//498
f 866//198 853//681 855//682
f 1131//490 828//676 1123//488
f 1149//496 676//556 1141//494
f 860//192 827//675 828//676
f 676//556 859//193 677//557
f 883//699 916//732 884//700
f 870//686 903//719 871//687
f 897//713 930//746 898//714
f 884//700 917//733 885//701
f 871//687 904//720 872//688
f 898//714 899//715 867//683
f 885//701 918//734 886//702
f 872//688 905//721 873//689
f 886//702 919//735 887//703
f 873//689 906//722 874//690
f 887//703 920//736 888//704
f 874//690 907//723 875//691
f 888//704 921//737 889//705
f 875//691 908//724 876//692
f 889//705 922//738 890//706
f 876//692 909//725 877//693
f 890//706 923//739 891//707
f 877//693 910//726 878//694
f 891//707 924//740 892//708
f 878//694 911//727 879//695
f 892//708 925//741 893//709
f 879//695 912//728 880//696
f 893//709 926//742 894//710
f 880//696 913//729 881//697
f 867//683 900//716 868//684
f 894//710 927//743 895//711
f 881//697 914//730 882//698
f 868//684 901//717 869//685
f 895//711 928//744 896//712
f 882//698 915//731 883//699
f 869//685 902//718 870//686
f 896//712 929//745 897//713
f 924//740 955//771 956//772
f 911//727 942//758 943//759
f 924//740 957//773 925//741
f 912//728 943//759 944//760
f 925//741 958//774 926//742
f 912//728 945//761 913//729
f 900//716 931//747 932//748
f 927//743 958//774 959//775
f 913//729 946//762 914//730
f 900//716 933//749 901//717
f 927//743 960//776 928//744
f 915//731 946//762 947//763
f 901//717 934//750 902//718
f 928//744 961//777 929//745
f 916//732 947//763 948//764
f 902//718 935//751 903//719
f 929//745 962//778 930//746
f 917//733 948//764 949//765
f 904//720 935//751 936//752
f 899//715 962//778 931//747
f 917//733 950//766 918//734
f 904//720 937//753 905//721
f 919//735 950//766 951//767
f 905//721 938//754 906//722
f 920//736 951//767 952//768
f 906//722 939//755 907//723
f 920//736 953//769 921//737
f 907//723 940//756 908//724
f 922//738 953//769 954//770
f 909//725 940//756 941//757
f 923//739 954//770 955//771
f 909//725 942//758 910//726
f 959//775 965//781 960//776
f 938//754 988//804 987//803
f 957//773 967//783 958//774
f 933//749 993//809 992//808
f 950//766 974//790 951//767
f 944//760 982//798 981//797
f 946//762 980//796 979//795
f 936//752 988//804 937//753
f 957//773 969//785 968//784
f 959//775 967//783 966//782
f 950//766 976//792 975//791
f 943//759 983//799 982//798
f 944//760 980//796 945//761
f 931//747 963//779 994//810
f 956//772 970//786 969//785
f 935//751 989//805 936//752
f 942//758 984//800 983//799
f 948//764 976//792 949//765
f 954//770 970//786 955//771
f 961//777 963//779 962//778
f 940//756 984//800 941//757
f 935//751 991//807 990//806
f 953//769 971//787 954//770
f 947//763 977//793 948//764
f 939//755 985//801 940//756
f 961//777 965//781 964//780
f 952//768 972//788 953//769
f 933//749 991//807 934//750
f 939//755 987//803 986//802
f 947//763 979//795 978//794
f 951//767 973//789 952//768
f 931//747 993//809 932//748
f 991//807 1024//840 1023//839
f 966//782 997//813 965//781
f 993//809 1026//842 1025//841
f 981//797 1012//828 980//796
f 967//783 1000//816 999//815
f 969//785 1000//816 968//784
f 986//802 1019//835 1018//834
f 969//785 1002//818 1001//817
f 988//804 1021//837 1020//836
f 983//799 1014//830 982//798
f 972//788 1003//819 971//787
f 973//789 1006//822 1005//821
f 971//787 1002//818 970//786
f 963//779 1026//842 994//810
f 984//800 1017//833 1016//832
f 976//792 1007//823 975//791
f 978//794 1009//825 977//793
f 972//788 1005//821 1004//820
f 980//796 1011//827 979//795
f 991//807 1022//838 990//806
f 981//797 1014//830 1013//829
f 975//791 1006//822 974//790
f 964//780 997//813 996//812
f 983//799 1016//832 1015//831
f 985//801 1018//834 1017//833
f 977//793 1008//824 976//792
f 992//808 1025//841 1024//840
f 987//803 1020//836 1019//835
f 966//782 999//815 998//814
f 990//806 1021//837 989//805
f 978//794 1011//827 1010//826
f 964//780 995//811 963//779
f 1025//841 1056//872 1024//840
f 1009//825 1042//858 1041//857
f 998//814 1031//847 1030//846
f 1011//827 1044//860 1043//859
f 1026//842 1057//873 1025//841
f 1014//830 1045//861 1013//829
f 1001//817 1032//848 1000//816
f 1015//831 1048//864 1047//863
f 1003//819 1034//850 1002//818
f 1017//833 1050//866 1049//865
f 1004//820 1037//853 1036//852
f 1019//835 1052//868 1051//867
f 1006//822 1039//855 1038//854
f 1021//837 1054//870 1053//869
f 996//812 1027//843 995//811
f 1009//825 1040//856 1008//824
f 1024//840 1055//871 1023//839
f 998//814 1029//845 997//813
f 1011//827 1042//858 1010//826
f 1019//835 1050//866 1018//834
f 1000//816 1031//847 999//815
f 1012//828 1045//861 1044//860
f 1021//837 1052//868 1020//836
f 1001//817 1034//850 1033//849
f 1014//830 1047//863 1046//862
f 1026//842 1027//843 1058//874
f 1004//820 1035//851 1003//819
f 1017//833 1048//864 1016//832
f 1022//838 1055//871 1054//870
f 1006//822 1037//853 1005//821
f 996//812 1029//845 1028//844
f 1007//823 1040//856 1039//855
f 1033//849 1064//880 1032//848
f 1048//864 1079//895 1047//863
f 1035//851 1066//882 1034//850
f 1049//865 1082//898 1081//897
f 1037//853 1068//884 1036//852
f 1052//868 1083//899 1051//867
f 1039//855 1070//886 1038//854
f 1054//870 1085//901 1053//869
f 1027//843 1060//876 1059//875
f 1041//857 1072//888 1040//856
f 1056//872 1087//903 1055//871
f 1030//846 1061//877 1029//845
f 1043//859 1074//890 1042//858
f 1051//867 1082//898 1050//866
f 1031//847 1064//880 1063//879
f 1044//860 1077//893 1076//892
f 1053//869 1084//900 1052//868
f 1033//849 1066//882 1065//881
f 1046//862 1079//895 1078//894
f 1027//843 1090//906 1058//874
f 1035//851 1068//884 1067//883
f 1049//865 1080//896 1048//864
f 1054//870 1087//903 1086//902
f 1038//854 1069//885 1037//853
f 1029//845 1060//876 1028//844
f 1039//855 1072//888 1071//887
f 1056//872 1089//905 1088//904
f 1041//857 1074//890 1073//889
f 1030//846 1063//879 1062//878
f 1044//860 1075//891 1043//859
f 1057//873 1090//906 1089//905
f 1046//862 1077//893 1045//861
f 1074//890 1082//898 1090//906
f 893//709 1118//934 1117//933
f 880//696 1105//921 1104//920
f 867//683 1092//908 1091//907
f 895//711 1118//934 894//710
f 881//697 1106//922 1105//921
f 869//685 1092//908 868//684
f 895//711 1120//936 1119//935
f 883//699 1106//922 882//698
f 870//686 1093//909 869//685
f 896//712 1121//937 1120//936
f 884//700 1107//923 883//699
f 870//686 1095//911 1094//910
f 898//714 1121//937 897//713
f 884//700 1109//925 1108//924
f 871//687 1096//912 1095//911
f 867//683 1122//938 898//714
f 886//702 1109//925 885//701
f 873//689 1096//912 872//688
f 887//703 1110//926 886//702
f 873//689 1098//914 1097//913
f 887//703 1112//928 1111//927
f 875//691 1098//914 874//690
f 889//705 1112//928 888//704
f 875//691 1100//916 1099//915
f 890//706 1113//929 889//705
f 876//692 1101//917 1100//916
f 890//706 1115//931 1114//930
f 878//694 1101//917 877//693
f 892//708 1115//931 891//707
f 878//694 1103//919 1102//918
f 893//709 1116//932 892//708
f 880//696 1103//919 879//695
f 1104//920 554//468 1103//919
f 1118//934 568//482 1117//933
f 1105//921 555//469 1104//920
f 1092//908 542//456 1091//907
f 1119//935 569//483 1118//934
f 1106//922 556//470 1105//921
f 1093//909 543//457 1092//908
f 1120//936 570//484 1119//935
f 1107//923 557//471 1106//922
f 1094//910 544//458 1093//909
f 1121//937 571//485 1120//936
f 1108//924 558//472 1107//923
f 1095//911 545//459 1094//910
f 1122//938 572//486 1121//937
f 1109//925 559//473 1108//924
f 1096//912 546//460 1095//911
f 1091//907 573//487 1122//938
f 1110//926 560//474 1109//925
f 1097//913 547//461 1096//912
f 1111//927 561//475 1110//926
f 1098//914 548//462 1097//913
f 1112//928 562//476 1111//927
f 1099//915 549//463 1098//914
f 1113//929 563//477 1112//928
f 1100//916 550//464 1099//915
f 1114//930 564//478 1113//929
f 1101//917 551//465 1100//916
f 1115//931 565//479 1114//930
f 1102//918 552//466 1101//917
f 1116//932 566//480 1115//931
f 1103//919 553//467 1102//918
f 1117//933 567//481 1116//932
f 677//557 1131//490 1123//488
f 684//564 1131//490 859//193
f 1130//489 846//36 848//679
f 1129//36 844//35 846//36
f 1128//35 842//34 844//35
f 1127//34 839//33 842//34
f 1126//33 836//32 839//33
f 1125//32 833//31 836//32
f 1124//31 828//676 833//31
f 692//572 1140//493 862//194
f 850//680 1140//493 861//195
f 1132//43 858//42 831//43
f 1139//42 856//41 858//42
f 1138//41 854//40 856//41
f 1137//40 852//188 854//40
f 1136//39 850//680 852//188
f 1134//491 832//44 835//677
f 1133//44 831//43 832//44
f 827//675 1149//496 1141//494
f 701//581 1149//496 1147//495
f 1142//56 857//191 829//56
f 1148//55 855//682 857//191
f 1141//494 840//60 827//675
f 1146//60 837//59 840//60
f 1145//59 834//58 837//59
f 1144//58 830//57 834//58
f 1143//57 829//56 830//57
f 853//681 1158//499 1157//498
f 838//678 1158//499 863//197
f 1157//498 851//52 853//681
f 1156//52 849//51 851//52
f 1155//51 847//50 849//51
f 1154//50 845//49 847//50
f 1153//49 843//48 845//49
f 1152//48 841//185 843//48
f 1151//47 838//678 841//185
f 16//16 1251//1008 616//505
f 1159//939 1248//1006 1164//943
f 5285//2577 5254//2546 5287//2579
f 610//500 1246//1004 622//510
f 2//2 1165//944 16//16
f 619//508 1163//942 12//12
f 1226//988 1302//1035 1298//1035
f 660//543 1168//946 1167//946
f 671//551 1166//945 1169//947
f 1195//967 662//545 1189//965
f 624//512 1162//941 13//13
f 25//23 1270//23 1269//23
f 1197//969 661//544 1187//963
f 669//550 1172//950 1174//951
f 5285//2577 5261//2553 5255//2547
f 1173//949 1285//1027 1215//980
f 1199//971 655//539 1185//961
f 668//549 1177//953 1179//955
f 5291//2583 5254//2546 5257//2549
f 1200//972 1185//961 1186//962
f 1175//952 1188//964 1162//941
f 1198//970 1187//963 1188//964
f 1170//948 1190//966 1163//942
f 1190//966 1195//967 1189//965
f 1165//944 1217//960 1213//978
f 1194//960 1218//959 1217//960
f 1164//943 1181//957 1159//939
f 1192//960 1182//958 1181//957
f 5297//2589 5263//2555 5292//2584
f 1188//964 1199//971 1200//972
f 1159//939 1196//968 1170//948
f 1196//968 1182//958 1195//967
f 1160//2 1194//960 1165//944
f 1184//960 1193//959 1194//960
f 1217//960 1191//959 1192//960
f 1213//978 1192//960 1164//943
f 667//548 1216//981 1178//954
f 1171//949 1281//949 1173//949
f 670//543 1214//979 1168//946
f 1201//973 1164//943 17//17
f 1191//959 1209//538 663//538
f 1168//946 1209//538 664//538
f 1211//976 1286//1028 1216//981
f 643//523 1207//524 644//524
f 644//524 1205//975 615//504
f 1271//1019 623//511 628//516
f 25//23 1206//507 1204//23
f 615//504 1201//973 17//17
f 643//523 1202//3 1208//523
f 620//507 1202//3 1206//507
f 10//10 1269//23 1268//23
f 631//519 1264//1017 1275//1021
f 1295//1032 1221//984 1296//1033
f 1226//988 1239//998 1241//1000
f 1295//1032 1235//994 1299//1036
f 1232//992 1301//1034 1297//1034
f 1169//947 1234//993 1223//986
f 1223//986 1233//993 1224//986
f 1224//986 1232//992 1297//1034
f 1227//989 1226//988 1298//1035
f 1214//979 1229//990 1234//993
f 1234//993 1230//990 1233//993
f 1233//993 1231//991 1232//992
f 1169//947 1228//989 671//551
f 1223//986 1227//989 1228//989
f 1224//986 1226//988 1227//989
f 1239//998 1236//995 1241//1000
f 1242//1001 1235//994 1238//997
f 1241//1000 1299//1036 1302//1035
f 1301//1034 1238//997 1300//1037
f 1222//985 1235//994 1219//982
f 1220//983 1237//996 1221//984
f 1232//992 1240//999 1242//1001
f 1221//984 1300//1037 1296//1033
f 17//17 1248//1006 1243//1002
f 619//508 1250//1007 1170//948
f 610//500 1244//1003 1245//180
f 619//508 1246//1004 1247//1005
f 1253//1010 1252//1009 1256//1013
f 1252//1009 1255//1012 1256//1013
f 1201//973 1253//1010 1256//1013
f 1213//978 1254//1011 1165//944
f 1205//975 1251//1008 1253//1010
f 1201//973 1255//1012 1213//978
f 24//22 1275//1021 1267//1018
f 1319//1047 1292//180 1317//1047
f 657//180 1265//180 1274//180
f 1315//1045 1267//1018 1275//1021
f 1311//1041 1273//1020 1267//1018
f 1261//180 1272//180 1265//180
f 1303//180 1314//1044 1308//1038
f 1176//180 1274//180 1262//180
f 1279//1023 1281//949 1278//1022
f 1279//1023 1290//1030 1280//1024
f 1280//1024 1285//1027 1281//949
f 1282//1025 1284//1026 1280//1024
f 1262//180 1277//180 1263//180
f 1265//180 1276//180 1266//180
f 1274//180 1266//180 1277//180
f 1318//1046 1270//23 1320//1048
f 1287//543 1290//1030 1283//1023
f 1288//543 1291//1031 1287//543
f 626//514 623//511 26//24
f 626//514 7//7 1203//974
f 22//20 1259//1016 1257//1014
f 7//7 22//20 1203//974
f 623//511 22//20 1257//1014
f 628//516 11//11 7//7
f 1272//180 1294//180 1276//180
f 1323//1050 1273//1020 1313//1043
f 1260//180 1293//180 1272//180
f 1173//949 1212//977 670//543
f 1190//966 1197//969 1198//970
f 1163//942 1198//970 1175//952
f 12//12 1175//952 624//512
f 1171//949 670//543 660//543
f 1189//965 1172//950 1197//969
f 1174//951 662//545 671//551
f 649//533 642//530 650//534
f 650//534 614//503 627//515
f 627//515 12//12 624//512
f 1271//1019 7//7 1273//1020
f 625//513 641//529 649//533
f 626//514 15//15 625//513
f 1215//980 671//551 1212//977
f 1276//180 1307//180 1305//180
f 1306//180 1263//180 1277//180
f 1266//180 1305//180 1304//180
f 1277//180 1304//180 1306//180
f 1270//23 1323//1050 1320//1048
f 1222//985 1300//1037 1238//997
f 1239//998 1300//1037 1237//996
f 1302//1035 1235//994 1240//999
f 1227//989 1231//991 1230//990
f 1228//989 1230//990 1229//990
f 671//551 1229//990 1212//977
f 1224//986 1297//1034 1225//987
f 1225//987 1301//1034 1239//998
f 1220//983 1299//1036 1236//995
f 1219//982 1296//1033 1222//985
f 1204//23 1271//1019 1270//23
f 1210//543 1179//955 1216//981
f 1211//976 1174//951 1215//980
f 1298//1035 1240//999 1231//991
f 1214//979 663//538 1209//538
f 1216//981 669//550 1211//976
f 1204//23 621//509 26//24
f 1206//507 18//3 621//509
f 1321//1047 1307//180 1294//180
f 1318//1046 1336//1046 1334//1046
f 1307//180 1312//1042 1305//180
f 1316//1046 1334//1046 1332//1048
f 1293//180 1321//1047 1294//180
f 1319//1047 1337//1047 1321//1047
f 1309//1039 1275//1021 1264//1017
f 1311//1041 1331//1058 1327//1054
f 1304//180 1312//1042 1310//1040
f 1323//1050 1329//1056 1339//1060
f 1306//180 1310//1040 1314//1044
f 1314//1044 1326//1053 1330//1057
f 1269//23 1316//1046 1268//23
f 1322//1049 1328//1055 1312//1042
f 1336//1046 1338//1059 1337//1047
f 1338//1059 1329//1056 1328//1055
f 1335//1047 1336//1046 1337//1047
f 1324//1051 1331//1058 1325//1052
f 1326//1053 1329//1056 1327//1054
f 1330//1057 1327//1054 1331//1058
f 1334//1046 1333//1047 1332//1048
f 1317//1047 1335//1047 1319//1047
f 1315//1045 1325//1052 1331//1058
f 1308//1038 1330//1057 1324//1051
f 1321//1047 1338//1059 1322//1049
f 1310//1040 1328//1055 1326//1053
f 1320//1048 1339//1060 1336//1046
f 1313//1043 1327//1054 1329//1056
f 1978//1577 1342//1063 1356//1063
f 1969//1576 1952//1560 1980//1583
f 1449//1168 1425//1144 1426//1145
f 1956//1563 1340//1061 1355//1063
f 1966//1573 1351//1072 1360//1079
f 1435//1154 1411//1130 1412//1131
f 1448//1167 1424//1143 1425//1144
f 1972//1579 1965//1572 1984//1587
f 1434//1153 1410//1129 1411//1130
f 1424//1143 1446//1165 1423//1142
f 1433//1152 1409//1128 1410//1129
f 1423//1142 1445//1164 1422//1141
f 1963//1570 2582//2059 1958//1565
f 2594//2063 1360//1079 1961//1568
f 2603//2068 2609//2072 2601//2067
f 1953//1561 1356//1063 1342//1063
f 1409//1128 1431//1150 1408//1127
f 1445//1164 1421//1140 1422//1141
f 1976//1577 1340//1061 1969//1576
f 2534//1577 1356//1063 2528//1063
f 1416//1135 1617//1250 1619//1252
f 1427//1146 1929//1113 1930//1114
f 1414//1133 1919//1100 1920//1101
f 1401//1120 1910//1543 1911//1088
f 1428//1147 1930//1114 1931//1115
f 1415//1134 1920//1101 1921//1546
f 1402//1121 1911//1088 1912//1089
f 1429//1148 1931//1115 1932//1116
f 1403//1122 1912//1089 1913//1090
f 1430//1149 1932//1116 1933//1117
f 1417//1136 1937//1552 1938//1104
f 1404//1123 1913//1090 1914//1091
f 1399//1118 1933//1117 1928//1549
f 1418//1137 1938//1104 1939//1105
f 1405//1124 1914//1091 1915//1092
f 1419//1138 1939//1105 1940//1106
f 1406//1125 1915//1092 1916//1093
f 1420//1139 1940//1106 1941//1107
f 1407//1126 1916//1093 1917//1544
f 1421//1140 1941//1107 1942//1108
f 1422//1141 1942//1108 1943//1109
f 1409//1128 1922//1547 1923//1096
f 1423//1142 1943//1109 1944//1553
f 1410//1129 1923//1096 1924//1097
f 1408//1127 1614//1247 1617//1250
f 1411//1130 1924//1097 1925//1098
f 1425//1144 1934//1550 1935//1112
f 1412//1131 1925//1098 1926//1099
f 1426//1145 1935//1112 1929//1113
f 1413//1132 1926//1099 1919//1100
f 1413//1132 1435//1154 1412//1131
f 1400//1119 1366//1085 1399//1118
f 1450//1169 1426//1145 1427//1146
f 1414//1133 1436//1155 1413//1132
f 1401//1120 1365//1084 1400//1119
f 1451//1170 1427//1146 1428//1147
f 1438//1157 1414//1133 1415//1134
f 1402//1121 1364//1083 1401//1120
f 1429//1148 1451//1170 1428//1147
f 1416//1135 1438//1157 1415//1134
f 1358//1077 1402//1121 1403//1122
f 1453//1172 1429//1148 1430//1149
f 1440//1159 1416//1135 1417//1136
f 1404//1123 1358//1077 1403//1122
f 1399//1118 1453//1172 1430//1149
f 1441//1160 1417//1136 1418//1137
f 1346//1067 1404//1123 1405//1124
f 1442//1161 1418//1137 1419//1138
f 1345//1066 1405//1124 1406//1125
f 1443//1162 1419//1138 1420//1139
f 1343//1064 1406//1125 1407//1126
f 1421//1140 1443//1162 1420//1139
f 1408//1127 1343//1064 1407//1126
f 1551//180 1476//1195 1550//180
f 1553//180 1467//1186 1552//180
f 1554//180 1477//1196 1551//180
f 1467//1186 1555//180 1552//180
f 1479//1198 1554//180 1556//180
f 1464//1183 1557//180 1558//180
f 1480//1199 1556//180 1559//180
f 1460//1179 1560//180 1561//180
f 1470//1189 1562//180 1563//180
f 1463//1182 1564//180 1557//180
f 1481//1200 1559//180 1565//180
f 1560//180 1462//1181 1566//180
f 1562//180 1468//1187 1553//180
f 1564//180 1455//1174 1567//180
f 1482//1201 1565//180 1568//180
f 1455//1174 1569//180 1567//180
f 1483//1202 1568//180 1570//180
f 1456//1175 1571//180 1569//180
f 1484//1203 1570//180 1572//180
f 1457//1176 1573//180 1571//180
f 1485//1204 1572//180 1574//180
f 1466//1185 1575//180 1555//180
f 1458//1177 1576//180 1573//180
f 1566//180 1485//1204 1574//180
f 1465//1184 1558//180 1575//180
f 1578//180 1472//1191 1577//180
f 1459//1178 1561//180 1576//180
f 1472//1191 1579//180 1577//180
f 1580//180 1473//1192 1578//180
f 1475//1194 1580//180 1581//180
f 1471//1190 1563//180 1579//180
f 1550//180 1475//1194 1581//180
f 1512//1096 1518//1205 1519//1206
f 1488//1108 1520//1207 1521//1208
f 1513//1097 1519//1206 1522//1209
f 1489//1107 1523//1210 1520//1207
f 1504//1088 1524//1211 1525//1212
f 1514//1098 1522//1209 1526//1213
f 1490//1106 1527//1214 1523//1210
f 1503//1087 1528//1215 1524//1211
f 1515//1099 1526//1213 1529//1216
f 1491//1105 1530//1217 1527//1214
f 1502//1086 1531//1218 1528//1215
f 1516//1100 1529//1216 1532//1219
f 1492//1104 1533//1220 1530//1217
f 1501//1117 1534//1221 1531//1218
f 1517//1101 1532//1219 1535//1222
f 1493//1103 1536//1223 1533//1220
f 1500//1116 1537//1224 1534//1221
f 1494//1102 1535//1222 1536//1223
f 1505//1089 1525//1212 1538//1225
f 1499//1115 1539//1226 1537//1224
f 1506//1090 1538//1225 1540//1227
f 1498//1114 1541//1228 1539//1226
f 1507//1091 1540//1227 1542//1229
f 1497//1113 1543//1230 1541//1228
f 1508//1092 1542//1229 1544//1231
f 1496//1112 1545//1232 1543//1230
f 1509//1093 1544//1231 1546//1233
f 1495//1111 1547//1234 1545//1232
f 1510//1094 1546//1233 1548//1235
f 1486//1110 1549//1236 1547//1234
f 1511//1095 1548//1235 1518//1205
f 1487//1109 1521//1208 1549//1236
f 1549//1236 1456//1175 1455//1174
f 1518//1205 1478//1197 1479//1198
f 1547//1234 1455//1174 1454//1173
f 1548//1235 1477//1196 1478//1197
f 1463//1182 1547//1234 1454//1173
f 1546//1233 1476//1195 1477//1196
f 1464//1183 1545//1232 1463//1182
f 1544//1231 1475//1194 1476//1195
f 1541//1228 1464//1183 1465//1184
f 1542//1229 1474//1193 1475//1194
f 1539//1226 1465//1184 1466//1185
f 1540//1227 1473//1192 1474//1193
f 1537//1224 1466//1185 1467//1186
f 1538//1225 1472//1191 1473//1192
f 1462//1181 1535//1222 1485//1204
f 1534//1221 1467//1186 1468//1187
f 1461//1180 1536//1223 1462//1181
f 1485//1204 1532//1219 1484//1203
f 1531//1218 1468//1187 1469//1188
f 1460//1179 1533//1220 1461//1180
f 1484//1203 1529//1216 1483//1202
f 1528//1215 1469//1188 1470//1189
f 1459//1178 1530//1217 1460//1179
f 1483//1202 1526//1213 1482//1201
f 1471//1190 1528//1215 1470//1189
f 1458//1177 1527//1214 1459//1178
f 1482//1201 1522//1209 1481//1200
f 1472//1191 1524//1211 1471//1190
f 1457//1176 1523//1210 1458//1177
f 1481//1200 1519//1206 1480//1199
f 1456//1175 1520//1207 1457//1176
f 1480//1199 1518//1205 1479//1198
f 1444//1163 1581//180 1443//1162
f 1439//1158 1563//180 1438//1157
f 1581//180 1442//1161 1443//1162
f 1442//1161 1578//180 1441//1160
f 1440//1159 1579//180 1439//1158
f 1363//1082 1561//180 1364//1083
f 1441//1160 1577//180 1440//1159
f 1433//1152 1558//180 1432//1151
f 1566//180 1453//1172 1366//1085
f 1358//1077 1576//180 1363//1082
f 1434//1153 1575//180 1433//1152
f 1574//180 1452//1171 1453//1172
f 1357//1076 1573//180 1358//1077
f 1572//180 1451//1170 1452//1171
f 1346//1067 1571//180 1357//1076
f 1451//1170 1568//180 1450//1169
f 1345//1066 1569//180 1346//1067
f 1450//1169 1565//180 1449//1168
f 1564//180 1345//1066 1343//1064
f 1437//1156 1553//180 1436//1155
f 1560//180 1366//1085 1365//1084
f 1565//180 1448//1167 1449//1168
f 1557//180 1343//1064 1431//1150
f 1438//1157 1562//180 1437//1156
f 1364//1083 1560//180 1365//1084
f 1559//180 1447//1166 1448//1167
f 1432//1151 1557//180 1431//1150
f 1556//180 1446//1165 1447//1166
f 1435//1154 1555//180 1434//1153
f 1554//180 1445//1164 1446//1165
f 1553//180 1435//1154 1436//1155
f 1551//180 1444//1163 1445//1164
f 1586//1100 1380//1099 1381//1100
f 1584//1113 1393//1112 1394//1113
f 1613//1099 1379//1098 1380//1099
f 1612//1246 1392//1111 1393//1112
f 1611//1098 1378//1097 1379//1098
f 1610//1245 1391//1110 1392//1111
f 1609//1097 1377//1096 1378//1097
f 1608//1244 1390//1109 1391//1110
f 1607//1243 1376//1095 1377//1096
f 1606//1109 1389//1108 1390//1109
f 1605//1242 1375//1094 1376//1095
f 1604//1108 1388//1107 1389//1108
f 1603//1241 1374//1093 1375//1094
f 1602//1107 1387//1106 1388//1107
f 1601//1093 1373//1092 1374//1093
f 1600//1106 1386//1105 1387//1106
f 1599//1092 1372//1091 1373//1092
f 1598//1105 1385//1104 1386//1105
f 1582//1237 1398//1117 1367//1086
f 1597//1091 1371//1090 1372//1091
f 1596//1104 1384//1103 1385//1104
f 1595//1117 1397//1116 1398//1117
f 1594//1090 1370//1089 1371//1090
f 1593//1240 1383//1102 1384//1103
f 1592//1116 1396//1115 1397//1116
f 1591//1089 1369//1088 1370//1089
f 1590//1239 1382//1101 1383//1102
f 1589//1115 1395//1114 1396//1115
f 1588//1088 1368//1087 1369//1088
f 1587//1101 1381//1100 1382//1101
f 1585//1114 1394//1113 1395//1114
f 1583//1238 1367//1086 1368//1087
f 1918//1545 1603//1241 1615//1248
f 1927//1548 1408//1127 1617//1250
f 1615//1248 1605//1242 1616//1249
f 1616//1249 1593//1240 1618//1251
f 1945//1554 1416//1135 1619//1252
f 1927//1548 1590//1239 1616//1249
f 1615//1248 1618//1251 1621//1254
f 1619//1252 1614//1247 1620//1253
f 1423//1142 1620//1253 1424//1143
f 1936//1551 1610//1245 1934//1550
f 1945//1554 1423//1142 1944//1553
f 1621//1254 1608//1244 1610//1245
f 1918//1545 1583//1238 1910//1543
f 1936//1551 1399//1118 1928//1549
f 1615//1248 1582//1237 1583//1238
f 1399//1118 1614//1247 1400//1119
f 1638//1271 1671//1304 1639//1272
f 1625//1258 1658//1291 1626//1259
f 1652//1285 1685//1318 1653//1286
f 1639//1272 1672//1305 1640//1273
f 1626//1259 1659//1292 1627//1260
f 1653//1286 1654//1287 1622//1255
f 1640//1273 1673//1306 1641//1274
f 1627//1260 1660//1293 1628//1261
f 1641//1274 1674//1307 1642//1275
f 1628//1261 1661//1294 1629//1262
f 1642//1275 1675//1308 1643//1276
f 1629//1262 1662//1295 1630//1263
f 1643//1276 1676//1309 1644//1277
f 1630//1263 1663//1296 1631//1264
f 1644//1277 1677//1310 1645//1278
f 1631//1264 1664//1297 1632//1265
f 1645//1278 1678//1311 1646//1279
f 1632//1265 1665//1298 1633//1266
f 1646//1279 1679//1312 1647//1280
f 1633//1266 1666//1299 1634//1267
f 1647//1280 1680//1313 1648//1281
f 1634//1267 1667//1300 1635//1268
f 1648//1281 1681//1314 1649//1282
f 1635//1268 1668//1301 1636//1269
f 1622//1255 1655//1288 1623//1256
f 1649//1282 1682//1315 1650//1283
f 1636//1269 1669//1302 1637//1270
f 1623//1256 1656//1289 1624//1257
f 1650//1283 1683//1316 1651//1284
f 1637//1270 1670//1303 1638//1271
f 1624//1257 1657//1290 1625//1258
f 1651//1284 1684//1317 1652//1285
f 1679//1312 1710//1343 1711//1344
f 1666//1299 1697//1330 1698//1331
f 1679//1312 1712//1345 1680//1313
f 1667//1300 1698//1331 1699//1332
f 1680//1313 1713//1346 1681//1314
f 1667//1300 1700//1333 1668//1301
f 1654//1287 1687//1320 1655//1288
f 1682//1315 1713//1346 1714//1347
f 1668//1301 1701//1334 1669//1302
f 1656//1289 1687//1320 1688//1321
f 1683//1316 1714//1347 1715//1348
f 1669//1302 1702//1335 1670//1303
f 1656//1289 1689//1322 1657//1290
f 1683//1316 1716//1349 1684//1317
f 1671//1304 1702//1335 1703//1336
f 1657//1290 1690//1323 1658//1291
f 1684//1317 1717//1350 1685//1318
f 1671//1304 1704//1337 1672//1305
f 1658//1291 1691//1324 1659//1292
f 1654//1287 1717//1350 1686//1319
f 1672//1305 1705//1338 1673//1306
f 1659//1292 1692//1325 1660//1293
f 1673//1306 1706//1339 1674//1307
f 1660//1293 1693//1326 1661//1294
f 1675//1308 1706//1339 1707//1340
f 1661//1294 1694//1327 1662//1295
f 1675//1308 1708//1341 1676//1309
f 1663//1296 1694//1327 1695//1328
f 1677//1310 1708//1341 1709//1342
f 1663//1296 1696//1329 1664//1297
f 1678//1311 1709//1342 1710//1343
f 1664//1297 1697//1330 1665//1298
f 1715//1348 1721//1354 1720//1353
f 1693//1326 1743//1376 1742//1375
f 1712//1345 1722//1355 1713//1346
f 1687//1320 1747//1380 1688//1321
f 1706//1339 1730//1363 1729//1362
f 1699//1332 1737//1370 1736//1369
f 1701//1334 1735//1368 1734//1367
f 1692//1325 1744//1377 1743//1376
f 1712//1345 1724//1357 1723//1356
f 1714//1347 1722//1355 1721//1354
f 1704//1337 1730//1363 1705//1338
f 1698//1331 1738//1371 1737//1370
f 1699//1332 1735//1368 1700//1333
f 1717//1350 1749//1382 1686//1319
f 1711//1344 1725//1358 1724//1357
f 1690//1323 1744//1377 1691//1324
f 1696//1329 1738//1371 1697//1330
f 1703//1336 1731//1364 1704//1337
f 1709//1342 1725//1358 1710//1343
f 1716//1349 1718//1351 1717//1350
f 1695//1328 1739//1372 1696//1329
f 1689//1322 1745//1378 1690//1323
f 1708//1341 1726//1359 1709//1342
f 1702//1335 1732//1365 1703//1336
f 1694//1327 1740//1373 1695//1328
f 1716//1349 1720//1353 1719//1352
f 1708//1341 1728//1361 1727//1360
f 1688//1321 1746//1379 1689//1322
f 1694//1327 1742//1375 1741//1374
f 1702//1335 1734//1367 1733//1366
f 1706//1339 1728//1361 1707//1340
f 1686//1319 1748//1381 1687//1320
f 1746//1379 1779//1412 1778//1411
f 1721//1354 1752//1385 1720//1353
f 1748//1381 1781//1414 1780//1413
f 1736//1369 1767//1400 1735//1368
f 1723//1356 1754//1387 1722//1355
f 1724//1357 1755//1388 1723//1356
f 1741//1374 1774//1407 1773//1406
f 1724//1357 1757//1390 1756//1389
f 1743//1376 1776//1409 1775//1408
f 1738//1371 1769//1402 1737//1370
f 1727//1360 1758//1391 1726//1359
f 1728//1361 1761//1394 1760//1393
f 1726//1359 1757//1390 1725//1358
f 1718//1351 1781//1414 1749//1382
f 1739//1372 1772//1405 1771//1404
f 1730//1363 1763//1396 1762//1395
f 1733//1366 1764//1397 1732//1365
f 1728//1361 1759//1392 1727//1360
f 1735//1368 1766//1399 1734//1367
f 1746//1379 1777//1410 1745//1378
f 1737//1370 1768//1401 1736//1369
f 1730//1363 1761//1394 1729//1362
f 1720//1353 1751//1384 1719//1352
f 1739//1372 1770//1403 1738//1371
f 1741//1374 1772//1405 1740//1373
f 1731//1364 1764//1397 1763//1396
f 1747//1380 1780//1413 1779//1412
f 1742//1375 1775//1408 1774//1407
f 1721//1354 1754//1387 1753//1386
f 1745//1378 1776//1409 1744//1377
f 1733//1366 1766//1399 1765//1398
f 1719//1352 1750//1383 1718//1351
f 1780//1413 1811//1444 1779//1412
f 1764//1397 1797//1430 1796//1429
f 1753//1386 1786//1419 1785//1418
f 1766//1399 1799//1432 1798//1431
f 1780//1413 1813//1446 1812//1445
f 1769//1402 1800//1433 1768//1401
f 1756//1389 1787//1420 1755//1388
f 1770//1403 1803//1436 1802//1435
f 1758//1391 1789//1422 1757//1390
f 1772//1405 1805//1438 1804//1437
f 1759//1392 1792//1425 1791//1424
f 1774//1407 1807//1440 1806//1439
f 1761//1394 1794//1427 1793//1426
f 1776//1409 1809//1442 1808//1441
f 1751//1384 1782//1415 1750//1383
f 1764//1397 1795//1428 1763//1396
f 1779//1412 1810//1443 1778//1411
f 1753//1386 1784//1417 1752//1385
f 1766//1399 1797//1430 1765//1398
f 1773//1406 1806//1439 1805//1438
f 1755//1388 1786//1419 1754//1387
f 1767//1400 1800//1433 1799//1432
f 1776//1409 1807//1440 1775//1408
f 1756//1389 1789//1422 1788//1421
f 1769//1402 1802//1435 1801//1434
f 1781//1414 1782//1415 1813//1446
f 1759//1392 1790//1423 1758//1391
f 1772//1405 1803//1436 1771//1404
f 1777//1410 1810//1443 1809//1442
f 1761//1394 1792//1425 1760//1393
f 1751//1384 1784//1417 1783//1416
f 1762//1395 1795//1428 1794//1427
f 1788//1421 1819//1452 1787//1420
f 1803//1436 1834//1467 1802//1435
f 1790//1423 1821//1454 1789//1422
f 1804//1437 1837//1470 1836//1469
f 1792//1425 1823//1456 1791//1424
f 1807//1440 1838//1471 1806//1439
f 1794//1427 1825//1458 1793//1426
f 1809//1442 1840//1473 1808//1441
f 1782//1415 1815//1448 1814//1447
f 1796//1429 1827//1460 1795//1428
f 1811//1444 1842//1475 1810//1443
f 1785//1418 1816//1449 1784//1417
f 1798//1431 1829//1462 1797//1430
f 1806//1439 1837//1470 1805//1438
f 1786//1419 1819//1452 1818//1451
f 1799//1432 1832//1465 1831//1464
f 1808//1441 1839//1472 1807//1440
f 1788//1421 1821//1454 1820//1453
f 1801//1434 1834//1467 1833//1466
f 1782//1415 1845//1478 1813//1446
f 1790//1423 1823//1456 1822//1455
f 1804//1437 1835//1468 1803//1436
f 1809//1442 1842//1475 1841//1474
f 1793//1426 1824//1457 1792//1425
f 1784//1417 1815//1448 1783//1416
f 1794//1427 1827//1460 1826//1459
f 1811//1444 1844//1477 1843//1476
f 1796//1429 1829//1462 1828//1461
f 1786//1419 1817//1450 1785//1418
f 1798//1431 1831//1464 1830//1463
f 1813//1446 1844//1477 1812//1445
f 1801//1434 1832//1465 1800//1433
f 1829//1462 1837//1470 1845//1478
f 1648//1281 1873//1506 1872//1505
f 1635//1268 1860//1493 1859//1492
f 1622//1255 1847//1480 1846//1479
f 1650//1283 1873//1506 1649//1282
f 1636//1269 1861//1494 1860//1493
f 1624//1257 1847//1480 1623//1256
f 1650//1283 1875//1508 1874//1507
f 1638//1271 1861//1494 1637//1270
f 1625//1258 1848//1481 1624//1257
f 1651//1284 1876//1509 1875//1508
f 1639//1272 1862//1495 1638//1271
f 1625//1258 1850//1483 1849//1482
f 1653//1286 1876//1509 1652//1285
f 1639//1272 1864//1497 1863//1496
f 1626//1259 1851//1484 1850//1483
f 1622//1255 1877//1510 1653//1286
f 1641//1274 1864//1497 1640//1273
f 1628//1261 1851//1484 1627//1260
f 1642//1275 1865//1498 1641//1274
f 1628//1261 1853//1486 1852//1485
f 1642//1275 1867//1500 1866//1499
f 1630//1263 1853//1486 1629//1262
f 1644//1277 1867//1500 1643//1276
f 1630//1263 1855//1488 1854//1487
f 1645//1278 1868//1501 1644//1277
f 1631//1264 1856//1489 1855//1488
f 1645//1278 1870//1503 1869//1502
f 1633//1266 1856//1489 1632//1265
f 1647//1280 1870//1503 1646//1279
f 1633//1266 1858//1491 1857//1490
f 1648//1281 1871//1504 1647//1280
f 1635//1268 1858//1491 1634//1267
f 1859//1492 1890//1523 1858//1491
f 1873//1506 1904//1537 1872//1505
f 1860//1493 1891//1524 1859//1492
f 1847//1480 1878//1511 1846//1479
f 1874//1507 1905//1538 1873//1506
f 1861//1494 1892//1525 1860//1493
f 1848//1481 1879//1512 1847//1480
f 1875//1508 1906//1539 1874//1507
f 1862//1495 1893//1526 1861//1494
f 1849//1482 1880//1513 1848//1481
f 1876//1509 1907//1540 1875//1508
f 1863//1496 1894//1527 1862//1495
f 1850//1483 1881//1514 1849//1482
f 1877//1510 1908//1541 1876//1509
f 1864//1497 1895//1528 1863//1496
f 1851//1484 1882//1515 1850//1483
f 1846//1479 1909//1542 1877//1510
f 1865//1498 1896//1529 1864//1497
f 1852//1485 1883//1516 1851//1484
f 1866//1499 1897//1530 1865//1498
f 1853//1486 1884//1517 1852//1485
f 1867//1500 1898//1531 1866//1499
f 1854//1487 1885//1518 1853//1486
f 1868//1501 1899//1532 1867//1500
f 1855//1488 1886//1519 1854//1487
f 1869//1502 1900//1533 1868//1501
f 1856//1489 1887//1520 1855//1488
f 1870//1503 1901//1534 1869//1502
f 1857//1490 1888//1521 1856//1489
f 1871//1504 1902//1535 1870//1503
f 1858//1491 1889//1522 1857//1490
f 1872//1505 1903//1536 1871//1504
f 1400//1119 1918//1545 1910//1543
f 1407//1126 1918//1545 1614//1247
f 1917//1544 1601//1093 1603//1241
f 1916//1093 1599//1092 1601//1093
f 1915//1092 1597//1091 1599//1092
f 1914//1091 1594//1090 1597//1091
f 1913//1090 1591//1089 1594//1090
f 1912//1089 1588//1088 1591//1089
f 1911//1088 1583//1238 1588//1088
f 1415//1134 1927//1548 1617//1250
f 1605//1242 1927//1548 1616//1249
f 1919//1100 1613//1099 1586//1100
f 1926//1099 1611//1098 1613//1099
f 1925//1098 1609//1097 1611//1098
f 1924//1097 1607//1243 1609//1097
f 1923//1096 1605//1242 1607//1243
f 1921//1546 1587//1101 1590//1239
f 1920//1101 1586//1100 1587//1101
f 1582//1237 1936//1551 1928//1549
f 1424//1143 1936//1551 1934//1550
f 1929//1113 1612//1246 1584//1113
f 1935//1112 1610//1245 1612//1246
f 1928//1549 1595//1117 1582//1237
f 1933//1117 1592//1116 1595//1117
f 1932//1116 1589//1115 1592//1116
f 1931//1115 1585//1114 1589//1115
f 1930//1114 1584//1113 1585//1114
f 1608//1244 1945//1554 1944//1553
f 1593//1240 1945//1554 1618//1251
f 1944//1553 1606//1109 1608//1244
f 1943//1109 1604//1108 1606//1109
f 1942//1108 1602//1107 1604//1108
f 1941//1107 1600//1106 1602//1107
f 1940//1106 1598//1105 1600//1106
f 1939//1105 1596//1104 1598//1105
f 1938//1104 1593//1240 1596//1104
f 1353//1074 2579//2056 2494//1991
f 2489//1987 2575//2052 2499//1995
f 5290//2582 5267//2559 5268//2560
f 2569//2048 1354//1075 1950//1558
f 1341//1062 1951//1559 1353//1074
f 1954//1562 1949//1557 1349//1070
f 1347//1068 1955//1561 1953//1561
f 1362//1081 1952//1560 1956//1563
f 1980//1583 1352//1073 1974//1581
f 1959//1566 1948//1556 1350//1071
f 2536//2021 2606//2070 2540//2025
f 1258//1015 2610//2073 2603//2068
f 1982//1585 1351//1072 1972//1579
f 1360//1079 1960//1567 1961//1568
f 5289//2581 5269//2561 5284//2576
f 2506//2001 2607//2071 2541//2026
f 1984//1587 5//5 637//525
f 23//21 1965//1572 1966//1573
f 5290//2582 5272//2564 5294//2586
f 1985//1588 637//525 638//526
f 1962//1569 1973//1580 1948//1556
f 1983//1586 1972//1579 1973//1580
f 1949//1557 1981//1584 1975//1582
f 1981//1584 1974//1581 1975//1582
f 1951//1559 2533//1578 2531//2020
f 1979//1578 2534//1577 2533//1578
f 1950//1558 1968//1575 1946//1555
f 1977//1578 1969//1576 1968//1575
f 5283//2575 5257//2549 5259//2551
f 1973//1580 1984//1587 1985//1588
f 1957//1564 1968//1575 1981//1584
f 1968//1575 1980//1583 1981//1584
f 1947//1062 1979//1578 1951//1559
f 1971//1578 1978//1577 1979//1578
f 2519//2006 1987//1590 2511//2006
f 2495//1992 2510//2005 2521//2012
f 2032//1630 2056//1654 2033//1631
f 2498//1994 1986//1589 2495//1992
f 2507//2002 1993//1594 2505//2000
f 2018//1616 2042//1640 2019//1617
f 2031//1629 2055//1653 2032//1630
f 2505//2000 2513//2008 2525//2016
f 2017//1615 2041//1639 2018//1616
f 2031//1629 2053//1651 2054//1652
f 2016//1614 2040//1638 2017//1615
f 2030//1628 2052//1650 2053//1651
f 2506//2001 1258//1015 2603//2068
f 2496//1993 1996//1590 2497//1993
f 2016//1614 2038//1636 2039//1637
f 2028//1626 2052//1650 2029//1627
f 1986//1589 2517//2006 2510//2005
f 2543//2006 1996//1590 2519//2006
f 2192//1249 2023//1621 2194//1251
f 2472//1113 2034//1632 2473//1114
f 2462//1100 2021//1619 2463//1101
f 2453//1543 2008//1606 2454//1088
f 2473//1114 2035//1633 2474//1115
f 2463//1101 2022//1620 2464//1546
f 2454//1088 2009//1607 2455//1089
f 2474//1115 2036//1634 2475//1116
f 2455//1089 2010//1608 2456//1090
f 2475//1116 2037//1635 2476//1117
f 2480//1552 2024//1622 2481//1104
f 2456//1090 2011//1609 2457//1091
f 2476//1117 2006//1604 2471//1549
f 2481//1104 2025//1623 2482//1105
f 2457//1091 2012//1610 2458//1092
f 2482//1105 2026//1624 2483//1106
f 2458//1092 2013//1611 2459//1093
f 2483//1106 2027//1625 2484//1107
f 2459//1093 2014//1612 2460//1544
f 2484//1107 2028//1626 2485//1108
f 2485//1108 2029//1627 2486//1109
f 2465//1547 2016//1614 2466//1096
f 2486//1109 2030//1628 2487//1553
f 2466//1096 2017//1615 2467//1097
f 2189//1248 2015//1613 2192//1249
f 2467//1097 2018//1616 2468//1098
f 2477//1550 2032//1630 2478//1112
f 2468//1098 2019//1617 2469//1099
f 2478//1112 2033//1631 2472//1113
f 2469//1099 2020//1618 2462//1100
f 2020//1618 2042//1640 2043//1641
f 2007//1605 2005//1603 2004//1602
f 2033//1631 2057//1655 2034//1632
f 2021//1619 2043//1641 2044//1642
f 2008//1606 2004//1602 2003//1601
f 2034//1632 2058//1656 2035//1633
f 2022//1620 2044//1642 2045//1643
f 2009//1607 2003//1601 2002//1600
f 2036//1634 2058//1656 2059//1657
f 2022//1620 2046//1644 2023//1621
f 2009//1607 1998//1597 2010//1608
f 2036//1634 2060//1658 2037//1635
f 2023//1621 2047//1645 2024//1622
f 2011//1609 1998//1597 1997//1596
f 2006//1604 2060//1658 2005//1603
f 2024//1622 2048//1646 2025//1623
f 2011//1609 1991//1593 2012//1610
f 2025//1623 2049//1647 2026//1624
f 2012//1610 1990//1592 2013//1611
f 2026//1624 2050//1648 2027//1625
f 2013//1611 1988//1591 2014//1612
f 2028//1626 2050//1648 2051//1649
f 2015//1613 1988//1591 2038//1636
f 2126//543 2083//1681 2084//1682
f 2128//543 2074//1672 2075//1673
f 2129//543 2084//1682 2085//1683
f 2130//543 2074//1672 2127//543
f 2129//543 2086//1684 2131//543
f 2132//543 2071//1669 2133//543
f 2131//543 2087//1685 2134//543
f 2135//543 2067//1665 2136//543
f 2137//543 2077//1675 2138//543
f 2139//543 2070//1668 2132//543
f 2134//543 2088//1686 2140//543
f 2141//543 2068//1666 2135//543
f 2137//543 2075//1673 2076//1674
f 2139//543 2062//1660 2061//1659
f 2140//543 2089//1687 2143//543
f 2144//543 2062//1660 2142//543
f 2143//543 2090//1688 2145//543
f 2146//543 2063//1661 2144//543
f 2145//543 2091//1689 2147//543
f 2148//543 2064//1662 2146//543
f 2147//543 2092//1690 2149//543
f 2150//543 2073//1671 2130//543
f 2151//543 2065//1663 2148//543
f 2141//543 2092//1690 2069//1667
f 2133//543 2072//1670 2150//543
f 2152//543 2080//1678 2153//543
f 2136//543 2066//1664 2151//543
f 2154//543 2079//1677 2152//543
f 2155//543 2080//1678 2081//1679
f 2155//543 2082//1680 2156//543
f 2138//543 2078//1676 2154//543
f 2125//543 2082//1680 2083//1681
f 2093//1691 1512//1096 2094//1692
f 2095//1693 1488//1108 2096//1694
f 2094//1692 1513//1097 2097//1695
f 2098//1696 1489//1107 2095//1693
f 2099//1697 1504//1088 2100//1698
f 2097//1695 1514//1098 2101//1699
f 2102//1700 1490//1106 2098//1696
f 2103//1701 1503//1087 2099//1697
f 2101//1699 1515//1099 2104//1702
f 2105//1703 1491//1105 2102//1700
f 2106//1704 1502//1086 2103//1701
f 2104//1702 1516//1100 2107//1705
f 2108//1706 1492//1104 2105//1703
f 2109//1707 1501//1117 2106//1704
f 2107//1705 1517//1101 2110//1708
f 2111//1709 1493//1103 2108//1706
f 2112//1710 1500//1116 2109//1707
f 2110//1708 1494//1102 2111//1709
f 2100//1698 1505//1089 2113//1711
f 2114//1712 1499//1115 2112//1710
f 2113//1711 1506//1090 2115//1713
f 2116//1714 1498//1114 2114//1712
f 2115//1713 1507//1091 2117//1715
f 2118//1716 1497//1113 2116//1714
f 2117//1715 1508//1092 2119//1717
f 2120//1718 1496//1112 2118//1716
f 2119//1717 1509//1093 2121//1719
f 2122//1720 1495//1111 2120//1718
f 2121//1719 1510//1094 2123//1721
f 2124//1722 1486//1110 2122//1720
f 2123//1721 1511//1095 2093//1691
f 2096//1694 1487//1109 2124//1722
f 2063//1661 2124//1722 2062//1660
f 2085//1683 2093//1691 2086//1684
f 2062//1660 2122//1720 2061//1659
f 2084//1682 2123//1721 2085//1683
f 2070//1668 2122//1720 2120//1718
f 2083//1681 2121//1719 2084//1682
f 2071//1669 2120//1718 2118//1716
f 2082//1680 2119//1717 2083//1681
f 2071//1669 2116//1714 2072//1670
f 2081//1679 2117//1715 2082//1680
f 2072//1670 2114//1712 2073//1671
f 2080//1678 2115//1713 2081//1679
f 2073//1671 2112//1710 2074//1672
f 2079//1677 2113//1711 2080//1678
f 2069//1667 2110//1708 2111//1709
f 2074//1672 2109//1707 2075//1673
f 2068//1666 2111//1709 2108//1706
f 2092//1690 2107//1705 2110//1708
f 2075//1673 2106//1704 2076//1674
f 2067//1665 2108//1706 2105//1703
f 2091//1689 2104//1702 2107//1705
f 2077//1675 2106//1704 2103//1701
f 2066//1664 2105//1703 2102//1700
f 2090//1688 2101//1699 2104//1702
f 2078//1676 2103//1701 2099//1697
f 2065//1663 2102//1700 2098//1696
f 2089//1687 2097//1695 2101//1699
f 2079//1677 2099//1697 2100//1698
f 2064//1662 2098//1696 2095//1693
f 2088//1686 2094//1692 2097//1695
f 2063//1661 2095//1693 2096//1694
f 2087//1685 2093//1691 2094//1692
f 2051//1649 2156//543 2125//543
f 2046//1644 2138//543 2154//543
f 2049//1647 2156//543 2050//1648
f 2049//1647 2153//543 2155//543
f 2047//1645 2154//543 2152//543
f 2002//1600 2136//543 2151//543
f 2048//1646 2152//543 2153//543
f 2040//1638 2133//543 2150//543
f 2060//1658 2141//543 2005//1603
f 1998//1597 2151//543 2148//543
f 2041//1639 2150//543 2130//543
f 2059//1657 2149//543 2060//1658
f 1997//1596 2148//543 2146//543
f 2058//1656 2147//543 2059//1657
f 1991//1593 2146//543 2144//543
f 2058//1656 2143//543 2145//543
f 1990//1592 2144//543 2142//543
f 2057//1655 2140//543 2143//543
f 1990//1592 2139//543 1988//1591
f 2044//1642 2128//543 2137//543
f 2005//1603 2135//543 2004//1602
f 2055//1653 2140//543 2056//1654
f 1988//1591 2132//543 2038//1636
f 2045//1643 2137//543 2138//543
f 2003//1601 2135//543 2136//543
f 2054//1652 2134//543 2055//1653
f 2039//1637 2132//543 2133//543
f 2053//1651 2131//543 2054//1652
f 2042//1640 2130//543 2127//543
f 2052//1650 2129//543 2053//1651
f 2042//1640 2128//543 2043//1641
f 2051//1649 2126//543 2052//1650
f 1380//1099 2161//1100 1381//1100
f 1393//1112 2159//1113 1394//1113
f 1379//1098 2188//1099 1380//1099
f 1392//1111 2187//1246 1393//1112
f 1378//1097 2186//1098 1379//1098
f 1391//1110 2185//1730 1392//1111
f 1377//1096 2184//1097 1378//1097
f 1390//1109 2183//1729 1391//1110
f 1376//1095 2182//1243 1377//1096
f 1389//1108 2181//1109 1390//1109
f 1375//1094 2180//1728 1376//1095
f 1388//1107 2179//1108 1389//1108
f 1374//1093 2178//1727 1375//1094
f 1387//1106 2177//1107 1388//1107
f 1373//1092 2176//1093 1374//1093
f 1386//1105 2175//1106 1387//1106
f 1372//1091 2174//1092 1373//1092
f 1385//1104 2173//1105 1386//1105
f 1398//1117 2157//1723 1367//1086
f 1371//1090 2172//1091 1372//1091
f 1384//1103 2171//1104 1385//1104
f 1397//1116 2170//1117 1398//1117
f 1370//1089 2169//1090 1371//1090
f 1383//1102 2168//1726 1384//1103
f 1396//1115 2167//1116 1397//1116
f 1369//1088 2166//1089 1370//1089
f 1382//1101 2165//1725 1383//1102
f 1395//1114 2164//1115 1396//1115
f 1368//1087 2163//1088 1369//1088
f 1381//1100 2162//1101 1382//1101
f 1394//1113 2160//1114 1395//1114
f 1367//1086 2158//1724 1368//1087
f 2461//1545 2178//1727 2460//1544
f 2470//1548 2015//1613 2465//1547
f 2190//1247 2180//1728 2178//1727
f 2191//1250 2168//1726 2165//1725
f 2488//1554 2023//1621 2480//1552
f 2470//1548 2165//1725 2464//1546
f 2193//1252 2190//1247 2196//1253
f 2194//1251 2189//1248 2192//1249
f 2030//1628 2195//1254 2194//1251
f 2185//1730 2479//1551 2477//1550
f 2030//1628 2488//1554 2487//1553
f 2183//1729 2196//1253 2185//1730
f 2158//1724 2461//1545 2453//1543
f 2006//1604 2479//1551 2471//1549
f 2157//1723 2190//1247 2158//1724
f 2006//1604 2189//1248 2195//1254
f 2246//1780 2213//1747 2214//1748
f 2233//1767 2200//1734 2201//1735
f 2260//1794 2227//1761 2228//1762
f 2247//1781 2214//1748 2215//1749
f 2234//1768 2201//1735 2202//1736
f 2229//1763 2228//1762 2197//1731
f 2248//1782 2215//1749 2216//1750
f 2235//1769 2202//1736 2203//1737
f 2249//1783 2216//1750 2217//1751
f 2236//1770 2203//1737 2204//1738
f 2250//1784 2217//1751 2218//1752
f 2237//1771 2204//1738 2205//1739
f 2251//1785 2218//1752 2219//1753
f 2238//1772 2205//1739 2206//1740
f 2252//1786 2219//1753 2220//1754
f 2239//1773 2206//1740 2207//1741
f 2253//1787 2220//1754 2221//1755
f 2240//1774 2207//1741 2208//1742
f 2254//1788 2221//1755 2222//1756
f 2241//1775 2208//1742 2209//1743
f 2255//1789 2222//1756 2223//1757
f 2242//1776 2209//1743 2210//1744
f 2256//1790 2223//1757 2224//1758
f 2243//1777 2210//1744 2211//1745
f 2230//1764 2197//1731 2198//1732
f 2257//1791 2224//1758 2225//1759
f 2244//1778 2211//1745 2212//1746
f 2231//1765 2198//1732 2199//1733
f 2258//1792 2225//1759 2226//1760
f 2245//1779 2212//1746 2213//1747
f 2232//1766 2199//1733 2200//1734
f 2259//1793 2226//1760 2227//1761
f 2254//1788 2285//1819 2253//1787
f 2273//1807 2240//1774 2241//1775
f 2287//1821 2254//1788 2255//1789
f 2274//1808 2241//1775 2242//1776
f 2288//1822 2255//1789 2256//1790
f 2243//1777 2274//1808 2242//1776
f 2262//1796 2229//1763 2230//1764
f 2257//1791 2288//1822 2256//1790
f 2276//1810 2243//1777 2244//1778
f 2263//1797 2230//1764 2231//1765
f 2290//1824 2257//1791 2258//1792
f 2245//1779 2276//1810 2244//1778
f 2264//1798 2231//1765 2232//1766
f 2291//1825 2258//1792 2259//1793
f 2246//1780 2277//1811 2245//1779
f 2265//1799 2232//1766 2233//1767
f 2292//1826 2259//1793 2260//1794
f 2279//1813 2246//1780 2247//1781
f 2266//1800 2233//1767 2234//1768
f 2229//1763 2292//1826 2260//1794
f 2280//1814 2247//1781 2248//1782
f 2267//1801 2234//1768 2235//1769
f 2281//1815 2248//1782 2249//1783
f 2268//1802 2235//1769 2236//1770
f 2250//1784 2281//1815 2249//1783
f 2269//1803 2236//1770 2237//1771
f 2251//1785 2282//1816 2250//1784
f 2270//1804 2237//1771 2238//1772
f 2252//1786 2283//1817 2251//1785
f 2271//1805 2238//1772 2239//1773
f 2253//1787 2284//1818 2252//1786
f 2272//1806 2239//1773 2240//1774
f 2295//1829 2289//1823 2290//1824
f 2268//1802 2318//1852 2267//1801
f 2297//1831 2287//1821 2288//1822
f 2322//1856 2262//1796 2263//1797
f 2281//1815 2305//1839 2280//1814
f 2274//1808 2312//1846 2273//1807
f 2309//1843 2275//1809 2276//1810
f 2267//1801 2319//1853 2266//1800
f 2298//1832 2286//1820 2287//1821
f 2289//1823 2297//1831 2288//1822
f 2280//1814 2306//1840 2279//1813
f 2273//1807 2313//1847 2272//1806
f 2310//1844 2274//1808 2275//1809
f 2261//1795 2293//1827 2292//1826
f 2286//1820 2300//1834 2285//1819
f 2319//1853 2265//1799 2266//1800
f 2313//1847 2271//1805 2272//1806
f 2306//1840 2278//1812 2279//1813
f 2300//1834 2284//1818 2285//1819
f 2293//1827 2291//1825 2292//1826
f 2314//1848 2270//1804 2271//1805
f 2320//1854 2264//1798 2265//1799
f 2301//1835 2283//1817 2284//1818
f 2307//1841 2277//1811 2278//1812
f 2315//1849 2269//1803 2270//1804
f 2291//1825 2295//1829 2290//1824
f 2283//1817 2303//1837 2282//1816
f 2321//1855 2263//1797 2264//1798
f 2269//1803 2317//1851 2268//1802
f 2277//1811 2309//1843 2276//1810
f 2303//1837 2281//1815 2282//1816
f 2323//1857 2261//1795 2262//1796
f 2353//1887 2322//1856 2321//1855
f 2327//1861 2296//1830 2295//1829
f 2323//1857 2356//1890 2324//1858
f 2342//1876 2311//1845 2310//1844
f 2329//1863 2298//1832 2297//1831
f 2330//1864 2299//1833 2298//1832
f 2316//1850 2349//1883 2317//1851
f 2299//1833 2332//1866 2300//1834
f 2318//1852 2351//1885 2319//1853
f 2344//1878 2313//1847 2312//1846
f 2301//1835 2334//1868 2302//1836
f 2303//1837 2336//1870 2304//1838
f 2332//1866 2301//1835 2300//1834
f 2356//1890 2293//1827 2324//1858
f 2314//1848 2347//1881 2315//1849
f 2305//1839 2338//1872 2306//1840
f 2339//1873 2308//1842 2307//1841
f 2302//1836 2335//1869 2303//1837
f 2341//1875 2310//1844 2309//1843
f 2352//1886 2321//1855 2320//1854
f 2311//1845 2344//1878 2312//1846
f 2336//1870 2305//1839 2304//1838
f 2326//1860 2295//1829 2294//1828
f 2313//1847 2346//1880 2314//1848
f 2347//1881 2316//1850 2315//1849
f 2306//1840 2339//1873 2307//1841
f 2322//1856 2355//1889 2323//1857
f 2349//1883 2318//1852 2317//1851
f 2296//1830 2329//1863 2297//1831
f 2351//1885 2320//1854 2319//1853
f 2308//1842 2341//1875 2309//1843
f 2325//1859 2294//1828 2293//1827
f 2386//1920 2355//1889 2354//1888
f 2339//1873 2372//1906 2340//1874
f 2328//1862 2361//1895 2329//1863
f 2341//1875 2374//1908 2342//1876
f 2355//1889 2388//1922 2356//1890
f 2375//1909 2344//1878 2343//1877
f 2362//1896 2331//1865 2330//1864
f 2345//1879 2378//1912 2346//1880
f 2364//1898 2333//1867 2332//1866
f 2347//1881 2380//1914 2348//1882
f 2334//1868 2367//1901 2335//1869
f 2381//1915 2350//1884 2349//1883
f 2336//1870 2369//1903 2337//1871
f 2351//1885 2384//1918 2352//1886
f 2325//1859 2358//1892 2326//1860
f 2370//1904 2339//1873 2338//1872
f 2385//1919 2354//1888 2353//1887
f 2359//1893 2328//1862 2327//1861
f 2372//1906 2341//1875 2340//1874
f 2380//1914 2349//1883 2348//1882
f 2361//1895 2330//1864 2329//1863
f 2342//1876 2375//1909 2343//1877
f 2382//1916 2351//1885 2350//1884
f 2331//1865 2364//1898 2332//1866
f 2344//1878 2377//1911 2345//1879
f 2356//1890 2357//1891 2325//1859
f 2333//1867 2366//1900 2334//1868
f 2378//1912 2347//1881 2346//1880
f 2352//1886 2385//1919 2353//1887
f 2367//1901 2336//1870 2335//1869
f 2326//1860 2359//1893 2327//1861
f 2337//1871 2370//1904 2338//1872
f 2394//1928 2363//1897 2362//1896
f 2377//1911 2410//1944 2378//1912
f 2396//1930 2365//1899 2364//1898
f 2379//1913 2412//1946 2380//1914
f 2398//1932 2367//1901 2366//1900
f 2381//1915 2414//1948 2382//1916
f 2400//1934 2369//1903 2368//1902
f 2415//1949 2384//1918 2383//1917
f 2357//1891 2390//1924 2358//1892
f 2402//1936 2371//1905 2370//1904
f 2417//1951 2386//1920 2385//1919
f 2391//1925 2360//1894 2359//1893
f 2404//1938 2373//1907 2372//1906
f 2412//1946 2381//1915 2380//1914
f 2361//1895 2394//1928 2362//1896
f 2374//1908 2407//1941 2375//1909
f 2382//1916 2415//1949 2383//1917
f 2363//1897 2396//1930 2364//1898
f 2376//1910 2409//1943 2377//1911
f 2420//1954 2357//1891 2388//1922
f 2365//1899 2398//1932 2366//1900
f 2410//1944 2379//1913 2378//1912
f 2384//1918 2417//1951 2385//1919
f 2367//1901 2400//1934 2368//1902
f 2390//1924 2359//1893 2358//1892
f 2369//1903 2402//1936 2370//1904
f 2386//1920 2419//1953 2387//1921
f 2371//1905 2404//1938 2372//1906
f 2392//1926 2361//1895 2360//1894
f 2405//1939 2374//1908 2373//1907
f 2387//1921 2420//1954 2388//1922
f 2407//1941 2376//1910 2375//1909
f 2406//1940 2398//1932 2390//1924
f 2223//1757 2448//1982 2224//1758
f 2210//1744 2435//1969 2211//1745
f 2197//1731 2422//1956 2198//1732
f 2448//1982 2225//1759 2224//1758
f 2211//1745 2436//1970 2212//1746
f 2422//1956 2199//1733 2198//1732
f 2225//1759 2450//1984 2226//1760
f 2436//1970 2213//1747 2212//1746
f 2423//1957 2200//1734 2199//1733
f 2226//1760 2451//1985 2227//1761
f 2437//1971 2214//1748 2213//1747
f 2200//1734 2425//1959 2201//1735
f 2451//1985 2228//1762 2227//1761
f 2214//1748 2439//1973 2215//1749
f 2201//1735 2426//1960 2202//1736
f 2452//1986 2197//1731 2228//1762
f 2439//1973 2216//1750 2215//1749
f 2426//1960 2203//1737 2202//1736
f 2440//1974 2217//1751 2216//1750
f 2203//1737 2428//1962 2204//1738
f 2217//1751 2442//1976 2218//1752
f 2428//1962 2205//1739 2204//1738
f 2442//1976 2219//1753 2218//1752
f 2205//1739 2430//1964 2206//1740
f 2443//1977 2220//1754 2219//1753
f 2206//1740 2431//1965 2207//1741
f 2220//1754 2445//1979 2221//1755
f 2207//1741 2432//1966 2208//1742
f 2445//1979 2222//1756 2221//1755
f 2208//1742 2433//1967 2209//1743
f 2446//1980 2223//1757 2222//1756
f 2433//1967 2210//1744 2209//1743
f 1890//1523 2434//1968 2433//1967
f 1904//1537 2448//1982 2447//1981
f 1891//1524 2435//1969 2434//1968
f 1878//1511 2422//1956 2421//1955
f 1905//1538 2449//1983 2448//1982
f 1892//1525 2436//1970 2435//1969
f 1879//1512 2423//1957 2422//1956
f 1906//1539 2450//1984 2449//1983
f 1893//1526 2437//1971 2436//1970
f 1880//1513 2424//1958 2423//1957
f 1907//1540 2451//1985 2450//1984
f 1894//1527 2438//1972 2437//1971
f 1881//1514 2425//1959 2424//1958
f 1908//1541 2452//1986 2451//1985
f 1895//1528 2439//1973 2438//1972
f 1882//1515 2426//1960 2425//1959
f 1909//1542 2421//1955 2452//1986
f 1896//1529 2440//1974 2439//1973
f 1883//1516 2427//1961 2426//1960
f 1897//1530 2441//1975 2440//1974
f 1884//1517 2428//1962 2427//1961
f 1898//1531 2442//1976 2441//1975
f 1885//1518 2429//1963 2428//1962
f 1899//1532 2443//1977 2442//1976
f 1886//1519 2430//1964 2429//1963
f 1900//1533 2444//1978 2443//1977
f 1887//1520 2431//1965 2430//1964
f 1901//1534 2445//1979 2444//1978
f 1888//1521 2432//1966 2431//1965
f 1902//1535 2446//1980 2445//1979
f 1889//1522 2433//1967 2432//1966
f 1903//1536 2447//1981 2446//1980
f 2007//1605 2461//1545 2189//1248
f 2461//1545 2014//1612 2189//1248
f 2176//1093 2460//1544 2178//1727
f 2174//1092 2459//1093 2176//1093
f 2172//1091 2458//1092 2174//1092
f 2169//1090 2457//1091 2172//1091
f 2166//1089 2456//1090 2169//1090
f 2163//1088 2455//1089 2166//1089
f 2158//1724 2454//1088 2163//1088
f 2470//1548 2022//1620 2192//1249
f 2470//1548 2180//1728 2191//1250
f 2188//1099 2462//1100 2161//1100
f 2186//1098 2469//1099 2188//1099
f 2184//1097 2468//1098 2186//1098
f 2182//1243 2467//1097 2184//1097
f 2180//1728 2466//1096 2182//1243
f 2162//1101 2464//1546 2165//1725
f 2161//1100 2463//1101 2162//1101
f 2157//1723 2479//1551 2196//1253
f 2031//1629 2479//1551 2195//1254
f 2187//1246 2472//1113 2159//1113
f 2185//1730 2478//1112 2187//1246
f 2170//1117 2471//1549 2157//1723
f 2167//1116 2476//1117 2170//1117
f 2164//1115 2475//1116 2167//1116
f 2160//1114 2474//1115 2164//1115
f 2159//1113 2473//1114 2160//1114
f 2183//1729 2488//1554 2193//1252
f 2488//1554 2168//1726 2193//1252
f 2181//1109 2487//1553 2183//1729
f 2179//1108 2486//1109 2181//1109
f 2177//1107 2485//1108 2179//1108
f 2175//1106 2484//1107 2177//1107
f 2173//1105 2483//1106 2175//1106
f 2171//1104 2482//1105 2173//1105
f 2168//1726 2481//1104 2171//1104
f 2576//2053 1353//1074 1951//1559
f 2573//2051 2489//1987 2493//1990
f 5292//2584 5261//2553 5296//2588
f 2571//2049 1946//1555 1957//1564
f 2494//1991 1341//1062 1353//1074
f 2492//1989 1954//1562 1349//1070
f 2621//2077 2551//2033 2617//2077
f 1992//543 2497//1993 2000//543
f 2001//1599 2495//1992 1994//1595
f 1994//1595 2521//2012 2515//2010
f 2491//1988 1959//1566 1350//1071
f 1361//1080 2591//1080 2530//1080
f 1993//1594 2523//2014 2513//2008
f 1999//1598 2501//1997 1993//1594
f 5293//2585 5265//2557 5297//2589
f 2606//2070 2502//1996 2540//2025
f 655//539 2525//2016 1185//961
f 668//549 2505//2000 655//539
f 5295//2587 5272//2564 5273//2565
f 1185//961 2526//2017 1186//962
f 2514//2009 2504//1999 2491//1988
f 2513//2008 2524//2015 2514//2009
f 2516//2011 2499//1995 2492//1989
f 2516//2011 2521//2012 2522//2013
f 2542//2007 2494//1991 2538//2023
f 2543//2006 2520//2007 2542//2007
f 2509//2004 2493//1990 2489//1987
f 2510//2005 2518//2007 2509//2004
f 5298//2590 5273//2565 5275//2567
f 2525//2016 2514//2009 2526//2017
f 2522//2013 2489//1987 2499//1995
f 2522//2013 2510//2005 2509//2004
f 2520//2007 2490//1062 2494//1991
f 2519//2006 2512//2007 2520//2007
f 2517//2006 2542//2007 2518//2007
f 2518//2007 2538//2023 2493//1990
f 667//548 2541//2026 1210//543
f 2602//1996 2500//1996 2502//1996
f 2000//543 2539//2024 2537//2022
f 2493//1990 2527//2018 1354//1075
f 2517//2006 2535//1590 2543//2006
f 2497//1993 2535//1590 2539//2024
f 2607//2071 2536//2021 2541//2026
f 2533//1578 1976//1577 1977//1578
f 2531//2020 1977//1578 1950//1558
f 2592//2062 1958//1565 1362//1081
f 1361//1080 2532//1561 1955//1561
f 2527//2018 1950//1558 1354//1075
f 1976//1577 2528//1063 1355//1063
f 1955//1561 2528//1063 1356//1063
f 1347//1068 2590//1080 1361//1080
f 1966//1573 1264//1017 23//21
f 2614//2074 2546//2029 2545//2028
f 2551//2033 2564//2043 2550//2032
f 2614//2074 2560//2039 2544//2027
f 2620//2076 2557//2037 2616//2076
f 2498//1994 2559//2038 2539//2024
f 2548//2031 2558//2038 2559//2038
f 2549//2031 2557//2037 2558//2038
f 2552//2034 2617//2077 2551//2033
f 2539//2024 2554//2035 2537//2022
f 2559//2038 2555//2035 2554//2035
f 2558//2038 2556//2036 2555//2035
f 2553//2034 2498//1994 2001//1599
f 2552//2034 2548//2031 2553//2034
f 2551//2033 2549//2031 2552//2034
f 2561//2040 2564//2043 2566//2045
f 2567//2046 2560//2039 2565//2044
f 2618//2078 2566//2045 2621//2077
f 2620//2076 2563//2042 2567//2046
f 2560//2039 2547//2030 2544//2027
f 2562//2041 2545//2028 2546//2029
f 2557//2037 2565//2044 2556//2036
f 2619//2079 2546//2029 2615//2075
f 1354//1075 2573//2051 2493//1990
f 2575//2052 1954//1562 2499//1995
f 1946//1555 2569//2048 1950//1558
f 1954//1562 2571//2049 1957//1564
f 2577//2054 2578//2055 2581//2058
f 2580//2057 2577//2054 2581//2058
f 2527//2018 2578//2055 2531//2020
f 2579//2056 2538//2023 2494//1991
f 2531//2020 2576//2053 1951//1559
f 2580//2057 2527//2018 2538//2023
f 1360//1079 2596//2064 1966//1573
f 2635//2087 2611//180 2612//180
f 1989//180 2586//180 2585//180
f 2631//2085 2588//2061 2627//2081
f 2627//2081 2594//2063 2629//2083
f 2585//180 2593//180 2584//180
f 2630//2084 1303//180 1308//1038
f 1176//180 2595//180 1989//180
f 2600//2066 2602//1996 2601//2067
f 2609//2072 2600//2066 2601//2067
f 2601//2067 2606//2070 2605//2069
f 2603//2068 2605//2069 2607//2071
f 1262//180 2598//180 2595//180
f 2586//180 2597//180 2593//180
f 2595//180 2587//180 2586//180
f 2634//2086 2591//1080 2590//1080
f 2608//543 2609//2072 2610//2073
f 1288//543 2610//2073 1289//1029
f 1958//1565 1961//1568 1362//1081
f 1961//1568 1344//1065 2594//2063
f 2583//2060 1359//1078 2582//2059
f 1359//1078 1344//1065 2529//2019
f 1958//1565 1359//1078 2529//2019
f 1348//1069 1963//1570 1344//1065
f 2593//180 2613//180 2612//180
f 2594//2063 2639//2090 2629//2083
f 2584//180 2612//180 2611//180
f 2502//1996 2537//2022 2540//2025
f 2523//2014 2516//2011 2524//2015
f 2524//2015 2492//1989 2504//1999
f 2504//1999 1349//1070 1959//1566
f 2500//1996 2000//543 2502//1996
f 2501//1997 2515//2010 2523//2014
f 2503//1998 1994//1595 2501//1997
f 1975//1582 1982//1585 1983//1586
f 1949//1557 1983//1586 1962//1569
f 1349//1070 1962//1569 1959//1566
f 1344//1065 2592//2062 2594//2063
f 1974//1581 1960//1567 1982//1585
f 1961//1568 1352//1073 1362//1081
f 2540//2025 2001//1599 2503//1998
f 2597//180 2625//180 2613//180
f 1263//180 2624//180 2598//180
f 2587//180 2623//180 2597//180
f 2598//180 2622//180 2587//180
f 2639//2090 2591//1080 2636//2088
f 2547//2030 2619//2079 2615//2075
f 2564//2043 2619//2079 2620//2076
f 2560//2039 2621//2077 2565//2044
f 2556//2036 2552//2034 2555//2035
f 2555//2035 2553//2034 2554//2035
f 2554//2035 2001//1599 2537//2022
f 2549//2031 2550//2032 2616//2076
f 2550//2032 2620//2076 2616//2076
f 2545//2028 2618//2078 2614//2074
f 2544//2027 2615//2075 2614//2074
f 2530//1080 2592//2062 1362//1081
f 1210//543 2507//2002 668//549
f 2536//2021 2503//1998 1999//1598
f 2565//2044 2617//2077 2556//2036
f 2539//2024 1995//1590 2498//1994
f 2541//2026 1999//1598 2507//2002
f 2530//1080 1956//1563 2532//1561
f 2532//1561 1355//1063 2528//1063
f 2625//180 2637//2087 2613//180
f 2634//2086 2650//2086 2636//2088
f 2628//2082 2625//180 2623//180
f 2632//2086 2648//2086 2634//2086
f 2612//180 2637//2087 2635//2087
f 2651//2087 2635//2087 2637//2087
f 2596//2064 1309//1039 1264//1017
f 2627//2081 2645//2096 2631//2085
f 2622//180 2628//2082 2623//180
f 2639//2090 2643//2094 2629//2083
f 2624//180 2626//2080 2622//180
f 2630//2084 2640//2091 2626//2080
f 2590//1080 2632//2086 2634//2086
f 2642//2093 2638//2089 2628//2082
f 2652//2097 2650//2086 2651//2087
f 2643//2094 2652//2097 2642//2093
f 2649//2087 2650//2086 2648//2086
f 2645//2096 1324//1051 1325//1052
f 2640//2091 2643//2094 2642//2093
f 2644//2095 2641//2092 2640//2091
f 2648//2086 2647//2087 2649//2087
f 2649//2087 2633//2087 2635//2087
f 2631//2085 1325//1052 1309//1039
f 1308//1038 2644//2095 2630//2084
f 2652//2097 2637//2087 2638//2089
f 2626//2080 2642//2093 2628//2082
f 2636//2088 2653//2098 2639//2090
f 2629//2083 2641//2092 2627//2081
f 3291//523 3//3 2669//3
f 3282//2171 3266//2156 3293//2178
f 2763//1152 2739//1128 2740//1129
f 3269//2158 2654//2099 2668//3
f 3279//2168 2664//2106 2674//2112
f 2749//1170 2725//1146 2726//1147
f 2762//1151 2738//2118 2739//1128
f 4599//2410 5668//2929 5671//2932
f 2748//1169 2724//1145 2725//1146
f 2761//1150 2737//2117 2738//2118
f 2747//1168 2723//1144 2724//1145
f 2737//2117 2759//1066 2736//1125
f 3276//2165 3894//2296 3271//2160
f 3907//2302 2674//2112 3274//2163
f 3914//2305 3919//2310 3912//2304
f 618//507 2669//3 3//3
f 2723//1144 2745//1166 2722//2116
f 2759//1066 2735//1124 2736//1125
f 3289//523 2654//2099 3282//2171
f 3845//523 2669//3 3839//3
f 2730//1119 2931//1253 2933//1247
f 2741//1130 3243//1097 3244//1098
f 2728//1149 3233//1116 3234//1117
f 2715//1136 3224//1552 3225//1104
f 2742//1131 3244//1098 3245//1099
f 2729//1118 3234//1117 3235//1549
f 2716//1137 3225//1104 3226//1105
f 2743//1132 3245//1099 3246//1100
f 2717//1138 3226//1105 3227//1106
f 2744//1133 3246//1100 3247//1101
f 2731//1120 3251//1543 3252//1088
f 2718//1139 3227//1106 3228//1107
f 2713//1134 3247//1101 3242//1546
f 2732//1121 3252//1088 3253//1089
f 2719//1140 3228//1107 3229//1108
f 2733//1122 3253//1089 3254//1090
f 2720//1141 3229//1108 3230//1109
f 2734//1123 3254//1090 3255//1091
f 2721//2115 3230//1109 3231//2144
f 2735//1124 3255//1091 3256//1092
f 2736//1125 3256//1092 3257//1093
f 2723//1144 3236//2145 3237//1112
f 2737//2117 3257//1093 3258//2149
f 2724//1145 3237//1112 3238//1113
f 2722//2116 2928//1252 2931//1253
f 2725//1146 3238//1113 3239//1114
f 2739//1128 3248//2147 3249//1096
f 2726//1147 3239//1114 3240//1115
f 2740//1129 3249//1096 3243//1097
f 2727//1148 3240//1115 3233//1116
f 2727//1148 2749//1170 2726//1147
f 2714//1135 2680//1157 2713//1134
f 2764//1153 2740//1129 2741//1130
f 2728//1149 2750//1171 2727//1148
f 2715//1136 2679//2114 2714//1135
f 2742//1131 2764//1153 2741//1130
f 2752//1085 2728//1149 2729//1118
f 2716//1137 2678//1159 2715//1136
f 2743//1132 2765//1154 2742//1131
f 2730//1119 2752//1085 2729//1118
f 2671//1161 2716//1137 2717//1138
f 2767//1156 2743//1132 2744//1133
f 2754//1083 2730//1119 2731//1120
f 2718//1139 2671//1161 2717//1138
f 2713//1134 2767//1156 2744//1133
f 2755//1082 2731//1120 2732//1121
f 2660//1163 2718//1139 2719//1140
f 2756//1077 2732//1121 2733//1122
f 2659//1164 2719//1140 2720//1141
f 2757//1076 2733//1122 2734//1123
f 2721//2115 2659//1164 2720//1141
f 2735//1124 2757//1076 2734//1123
f 2722//2116 2657//1165 2721//2115
f 2865//180 2790//1175 2864//180
f 2867//180 2781//1202 2866//180
f 2868//180 2791//1174 2865//180
f 2781//1202 2869//180 2866//180
f 2793//1182 2868//180 2870//180
f 2778//1199 2871//180 2872//180
f 2794//1183 2870//180 2873//180
f 2774//1191 2874//180 2875//180
f 2784//1181 2876//180 2877//180
f 2777//1198 2878//180 2871//180
f 2795//1184 2873//180 2879//180
f 2874//180 2776//1189 2880//180
f 2876//180 2782//2122 2867//180
f 2878//180 2769//1196 2881//180
f 2796//1185 2879//180 2882//180
f 2769//1196 2883//180 2881//180
f 2797//1186 2882//180 2884//180
f 2770//2121 2885//180 2883//180
f 2798//2123 2884//180 2886//180
f 2771//1194 2887//180 2885//180
f 2799//1188 2886//180 2888//180
f 2780//1201 2889//180 2869//180
f 2772//1193 2890//180 2887//180
f 2880//180 2799//1188 2888//180
f 2779//1200 2872//180 2889//180
f 2892//180 2786//1179 2891//180
f 2773//1192 2875//180 2890//180
f 2786//1179 2893//180 2891//180
f 2894//180 2787//1178 2892//180
f 2789//1176 2894//180 2895//180
f 2785//1180 2877//180 2893//180
f 2864//180 2789//1176 2895//180
f 2826//1112 2832//1232 2833//1230
f 2802//1092 2834//1229 2835//1231
f 2827//1113 2833//1230 2836//1228
f 2803//1091 2837//1227 2834//1229
f 2818//1104 2838//1220 2839//1217
f 2828//1114 2836//1228 2840//1226
f 2804//1090 2841//1225 2837//1227
f 2817//1103 2842//1223 2838//1220
f 2829//1115 2840//1226 2843//1224
f 2805//1089 2844//1212 2841//1225
f 2816//1102 2845//1222 2842//1223
f 2830//1116 2843//1224 2846//1221
f 2806//1088 2847//1211 2844//1212
f 2815//1101 2848//1219 2845//1222
f 2831//1117 2846//1221 2849//1218
f 2807//1087 2850//1215 2847//1211
f 2814//1100 2851//1216 2848//1219
f 2808//1086 2849//1218 2850//1215
f 2819//1105 2839//1217 2852//1214
f 2813//1099 2853//1213 2851//1216
f 2820//1106 2852//1214 2854//1210
f 2812//1098 2855//1209 2853//1213
f 2821//1107 2854//1210 2856//1207
f 2811//1097 2857//1206 2855//1209
f 2822//1108 2856//1207 2858//1208
f 2810//1096 2859//1205 2857//1206
f 2823//1109 2858//1208 2860//1236
f 2809//1095 2861//1235 2859//1205
f 2824//1110 2860//1236 2862//1234
f 2800//1094 2863//1233 2861//1235
f 2825//1111 2862//1234 2832//1232
f 2801//1093 2835//1231 2863//1233
f 2863//1233 2770//2121 2769//1196
f 2832//1232 2792//1173 2793//1182
f 2861//1235 2769//1196 2768//1197
f 2862//1234 2791//1174 2792//1173
f 2859//1205 2768//1197 2777//1198
f 2860//1236 2790//1175 2791//1174
f 2778//1199 2859//1205 2777//1198
f 2858//1208 2789//1176 2790//1175
f 2855//1209 2778//1199 2779//1200
f 2856//1207 2788//1177 2789//1176
f 2853//1213 2779//1200 2780//1201
f 2854//1210 2787//1178 2788//1177
f 2851//1216 2780//1201 2781//1202
f 2852//1214 2786//1179 2787//1178
f 2776//1189 2849//1218 2799//1188
f 2848//1219 2781//1202 2782//2122
f 2775//1190 2850//1215 2776//1189
f 2799//1188 2846//1221 2798//2123
f 2845//1222 2782//2122 2783//1204
f 2774//1191 2847//1211 2775//1190
f 2798//2123 2843//1224 2797//1186
f 2784//1181 2845//1222 2783//1204
f 2773//1192 2844//1212 2774//1191
f 2797//1186 2840//1226 2796//1185
f 2785//1180 2842//1223 2784//1181
f 2837//1227 2773//1192 2772//1193
f 2796//1185 2836//1228 2795//1184
f 2786//1179 2838//1220 2785//1180
f 2771//1194 2837//1227 2772//1193
f 2795//1184 2833//1230 2794//1183
f 2835//1231 2771//1194 2770//2121
f 2794//1183 2832//1232 2793//1182
f 2758//1067 2895//180 2757//1076
f 2753//2119 2877//180 2752//1085
f 2895//180 2756//1077 2757//1076
f 2756//1077 2892//180 2755//1082
f 2754//1083 2893//180 2753//2119
f 2677//1160 2875//180 2678//1159
f 2755//1082 2891//180 2754//1083
f 2747//1168 2872//180 2746//1167
f 2880//180 2767//1156 2680//1157
f 2671//1161 2890//180 2677//1160
f 2748//1169 2889//180 2747//1168
f 2888//180 2766//1155 2767//1156
f 2670//1162 2887//180 2671//1161
f 2886//180 2765//1154 2766//1155
f 2660//1163 2885//180 2670//1162
f 2765//1154 2882//180 2764//1153
f 2659//1164 2883//180 2660//1163
f 2764//1153 2879//180 2763//1152
f 2878//180 2659//1164 2657//1165
f 2751//1172 2867//180 2750//1171
f 2874//180 2680//1157 2679//2114
f 2879//180 2762//1151 2763//1152
f 2871//180 2657//1165 2745//1166
f 2752//1085 2876//180 2751//1172
f 2678//1159 2874//180 2679//2114
f 2873//180 2761//1150 2762//1151
f 2746//1167 2871//180 2745//1166
f 2870//180 2760//2120 2761//1150
f 2749//1170 2869//180 2748//1169
f 2868//180 2759//1066 2760//2120
f 2867//180 2749//1170 2750//1171
f 2865//180 2758//1067 2759//1066
f 2900//1116 2694//1115 2695//1116
f 2898//1097 2707//1096 2708//1097
f 2927//1115 2693//1114 2694//1115
f 2926//1243 2706//1095 2707//1096
f 2925//1114 2692//1113 2693//1114
f 2924//2127 2705//1094 2706//1095
f 2923//1113 2691//1112 2692//1113
f 2922//2126 2704//1093 2705//1094
f 2921//1246 2690//1111 2691//1112
f 2920//1093 2703//1092 2704//1093
f 2919//2125 2689//1110 2690//1111
f 2918//1092 2702//1091 2703//1092
f 2917//2124 2688//1109 2689//1110
f 2916//1091 2701//1090 2702//1091
f 2915//1109 2687//1108 2688//1109
f 2914//1090 2700//1089 2701//1090
f 2913//1108 2686//1107 2687//1108
f 2912//1089 2699//1088 2700//1089
f 2896//1239 2712//1101 2681//1102
f 2911//1107 2685//1106 2686//1107
f 2910//1088 2698//1087 2699//1088
f 2909//1101 2711//1100 2712//1101
f 2908//1106 2684//1105 2685//1106
f 2907//1238 2697//1086 2698//1087
f 2906//1100 2710//1099 2711//1100
f 2905//1105 2683//1104 2684//1105
f 2904//1237 2696//1117 2697//1086
f 2903//1099 2709//1098 2710//1099
f 2902//1104 2682//1103 2683//1104
f 2901//1117 2695//1116 2696//1117
f 2899//1098 2708//1097 2709//1098
f 2897//1240 2681//1102 2682//1103
f 3232//1554 2917//2124 2929//1251
f 3241//2146 2722//2116 2931//1253
f 2929//1251 2919//2125 2930//1254
f 2930//1254 2907//1238 2932//1248
f 3259//1545 2730//1119 2933//1247
f 3241//2146 2904//1237 2930//1254
f 2929//1251 2932//1248 2935//1249
f 2933//1247 2928//1252 2934//1250
f 2737//2117 2934//1250 2738//2118
f 3250//2148 2924//2127 3248//2147
f 3259//1545 2737//2117 3258//2149
f 2935//1249 2922//2126 2924//2127
f 3232//1554 2897//1240 3224//1552
f 3250//2148 2713//1134 3242//1546
f 2929//1251 2896//1239 2897//1240
f 2713//1134 2928//1252 2714//1135
f 2952//2132 2985//1288 2953//1256
f 2939//1274 2972//1307 2940//1275
f 2966//1269 2999//1302 2967//1270
f 2953//1256 2986//1289 2954//1257
f 2940//1275 2973//1308 2941//1276
f 2967//1270 2968//1303 2936//2128
f 2954//1257 2987//1290 2955//1258
f 2941//1276 2974//1309 2942//1277
f 2955//1258 2988//1291 2956//1259
f 2942//1277 2975//2135 2943//1278
f 2956//1259 2989//1292 2957//1260
f 2943//1278 2976//1311 2944//2129
f 2957//1260 2990//1293 2958//1261
f 2944//2129 2977//1312 2945//1280
f 2958//1261 2991//1294 2959//1262
f 2945//1280 2978//1313 2946//2130
f 2959//1262 2992//1295 2960//2133
f 2946//2130 2979//1314 2947//2131
f 2960//2133 2993//1296 2961//1264
f 2947//2131 2980//1315 2948//1283
f 2961//1264 2994//1297 2962//1265
f 2948//1283 2981//1316 2949//1284
f 2962//1265 2995//1298 2963//2134
f 2949//1284 2982//1317 2950//1285
f 2936//2128 2969//1304 2937//1272
f 2963//2134 2996//1299 2964//1267
f 2950//1285 2983//1318 2951//1286
f 2937//1272 2970//1305 2938//1273
f 2964//1267 2997//1300 2965//1268
f 2951//1286 2984//1287 2952//2132
f 2938//1273 2971//1306 2939//1274
f 2965//1268 2998//1301 2966//1269
f 2993//1296 3024//1327 3025//1328
f 2979//1314 3012//1347 2980//1315
f 2993//1296 3026//1329 2994//1297
f 2980//1315 3013//1348 2981//1316
f 2994//1297 3027//1330 2995//1298
f 2981//1316 3014//1349 2982//1317
f 2968//1303 3001//1336 2969//1304
f 2995//1298 3028//1331 2996//1299
f 2982//1317 3015//1350 2983//1318
f 2969//1304 3002//1337 2970//1305
f 2996//1299 3029//1332 2997//1300
f 2983//1318 3016//1319 2984//1287
f 2970//1305 3003//1338 2971//1306
f 2997//1300 3030//1333 2998//1301
f 2985//1288 3016//1319 3017//1320
f 2971//1306 3004//1339 2972//1307
f 2998//1301 3031//1334 2999//1302
f 2986//1289 3017//1320 3018//1321
f 2972//1307 3005//1340 2973//1308
f 2968//1303 3031//1334 3000//1335
f 2986//1289 3019//1322 2987//1290
f 2974//1309 3005//1340 3006//1341
f 2988//1291 3019//1322 3020//1323
f 2974//1309 3007//1342 2975//2135
f 2988//1291 3021//1324 2989//1292
f 2976//1311 3007//1342 3008//1343
f 2989//1292 3022//1325 2990//1293
f 2977//1312 3008//1343 3009//1344
f 2991//1294 3022//1325 3023//1326
f 2977//1312 3010//1345 2978//1313
f 2992//1295 3023//1326 3024//1327
f 2978//1313 3011//1346 2979//1314
f 3029//1332 3035//1370 3034//1369
f 3007//1342 3057//1360 3056//1359
f 3026//1329 3036//1371 3027//1330
f 3002//1337 3062//2136 3061//1364
f 3019//1322 3043//1378 3020//1323
f 3013//1348 3051//1354 3050//1353
f 3014//1349 3048//1351 3015//1350
f 3005//1340 3057//1360 3006//1341
f 3025//1328 3037//1372 3026//1329
f 3028//1331 3036//1371 3035//1370
f 3019//1322 3045//1380 3044//1379
f 3012//1347 3052//1355 3051//1354
f 3013//1348 3049//1352 3014//1349
f 3000//1335 3032//1367 3063//1366
f 3024//1327 3038//1373 3025//1328
f 3004//1339 3058//1361 3005//1340
f 3010//1345 3052//1355 3011//1346
f 3017//1320 3045//1380 3018//1321
f 3023//1326 3039//1374 3024//1327
f 3030//1333 3032//1367 3031//1334
f 3009//1344 3053//1356 3010//1345
f 3003//1338 3059//1362 3004//1339
f 3022//1325 3040//1375 3023//1326
f 3016//1319 3046//1381 3017//1320
f 3008//1343 3054//1357 3009//1344
f 3030//1333 3034//1369 3033//1368
f 3021//1324 3041//1376 3022//1325
f 3002//1337 3060//1363 3003//1338
f 3008//1343 3056//1359 3055//1358
f 3016//1319 3048//1351 3047//1382
f 3020//1323 3042//1377 3021//1324
f 3001//1336 3063//1366 3062//2136
f 3061//1364 3092//1395 3060//1363
f 3035//1370 3066//1401 3034//1369
f 3062//2136 3095//1398 3094//2140
f 3050//1353 3081//1384 3049//1352
f 3037//1372 3068//1403 3036//1371
f 3038//1373 3069//2137 3037//1372
f 3055//1358 3088//1391 3087//1390
f 3039//1374 3070//2138 3038//1373
f 3057//1360 3090//1393 3089//1392
f 3052//1355 3083//1386 3051//1354
f 3041//1376 3072//1407 3040//1375
f 3042//1377 3075//1410 3074//1409
f 3040//1375 3071//1406 3039//1374
f 3032//1367 3095//1398 3063//1366
f 3053//1356 3086//1389 3085//2139
f 3044//1379 3077//1412 3076//1411
f 3047//1382 3078//1413 3046//1381
f 3041//1376 3074//1409 3073//1408
f 3049//1352 3080//1383 3048//1351
f 3060//1363 3091//1394 3059//1362
f 3050//1353 3083//1386 3082//1385
f 3044//1379 3075//1410 3043//1378
f 3034//1369 3065//1400 3033//1368
f 3052//1355 3085//2139 3084//1387
f 3054//1357 3087//1390 3086//1389
f 3046//1381 3077//1412 3045//1380
f 3061//1364 3094//2140 3093//1396
f 3056//1359 3089//1392 3088//1391
f 3035//1370 3068//1403 3067//1402
f 3058//1361 3091//1394 3090//1393
f 3047//1382 3080//1383 3079//1414
f 3033//1368 3064//1399 3032//1367
f 3093//1396 3126//1429 3125//1428
f 3078//1413 3111//1446 3110//1445
f 3067//1402 3100//1435 3099//1434
f 3081//1384 3112//1415 3080//1383
f 3095//1398 3126//1429 3094//2140
f 3083//1386 3114//1417 3082//1385
f 3070//2138 3101//1436 3069//2137
f 3084//1387 3117//1420 3116//1419
f 3072//1407 3103//1438 3071//1406
f 3086//1389 3119//1422 3118//1421
f 3073//1408 3106//1441 3105//1440
f 3089//1392 3120//1423 3088//1391
f 3075//1410 3108//1443 3107//1442
f 3090//1393 3123//1426 3122//1425
f 3064//1399 3097//1432 3096//1431
f 3078//1413 3109//1444 3077//1412
f 3093//1396 3124//1427 3092//1395
f 3067//1402 3098//1433 3066//1401
f 3080//1383 3111//1446 3079//1414
f 3088//1391 3119//1422 3087//1390
f 3069//2137 3100//1435 3068//1403
f 3081//1384 3114//1417 3113//1416
f 3090//1393 3121//1424 3089//1392
f 3070//2138 3103//1438 3102//1437
f 3083//1386 3116//1419 3115//1418
f 3095//1398 3096//1431 3127//1430
f 3073//1408 3104//1439 3072//1407
f 3086//1389 3117//1420 3085//2139
f 3091//1394 3124//1427 3123//1426
f 3075//1410 3106//1441 3074//1409
f 3065//1400 3098//1433 3097//1432
f 3076//1411 3109//1444 3108//1443
f 3102//1437 3133//1468 3101//1436
f 3117//1420 3148//1451 3116//1419
f 3104//1439 3135//1470 3103//1438
f 3118//1421 3151//1454 3150//2142
f 3106//1441 3137//1472 3105//1440
f 3121//1424 3152//1455 3120//1423
f 3108//1443 3139//1474 3107//1442
f 3123//1426 3154//1457 3122//1425
f 3096//1431 3129//1464 3128//1463
f 3110//1445 3141//1476 3109//1444
f 3125//1428 3156//1459 3124//1427
f 3098//1433 3131//1466 3130//1465
f 3112//1415 3143//1478 3111//1446
f 3120//1423 3151//1454 3119//1422
f 3100//1435 3133//1468 3132//1467
f 3113//1416 3146//1449 3145//1448
f 3122//1425 3153//1456 3121//1424
f 3102//1437 3135//1470 3134//2141
f 3115//1418 3148//1451 3147//1450
f 3096//1431 3159//1462 3127//1430
f 3104//1439 3137//1472 3136//1471
f 3118//1421 3149//1452 3117//1420
f 3123//1426 3156//1459 3155//1458
f 3107//1442 3138//1473 3106//1441
f 3098//1433 3129//1464 3097//1432
f 3108//1443 3141//1476 3140//1475
f 3125//1428 3158//1461 3157//1460
f 3110//1445 3143//1478 3142//1477
f 3100//1435 3131//1466 3099//1434
f 3113//1416 3144//1447 3112//1415
f 3126//1429 3159//1462 3158//1461
f 3115//1418 3146//1449 3114//1417
f 3143//1478 3151//1454 3159//1462
f 2962//1265 3187//1490 3186//1489
f 2949//1284 3174//1509 3173//1508
f 2936//2128 3161//1496 3160//1495
f 2964//1267 3187//1490 2963//2134
f 2950//1285 3175//1510 3174//1509
f 2938//1273 3161//1496 2937//1272
f 2964//1267 3189//1492 3188//1491
f 2952//2132 3175//1510 2951//1286
f 2939//1274 3162//1497 2938//1273
f 2965//1268 3190//1493 3189//1492
f 2953//1256 3176//1479 2952//2132
f 2939//1274 3164//1499 3163//1498
f 2967//1270 3190//1493 2966//1269
f 2953//1256 3178//1481 3177//1480
f 2940//1275 3165//1500 3164//1499
f 2936//2128 3191//1494 2967//1270
f 2955//1258 3178//1481 2954//1257
f 2942//1277 3165//1500 2941//1276
f 2956//1259 3179//1482 2955//1258
f 2942//1277 3167//1502 3166//1501
f 2956//1259 3181//1484 3180//1483
f 2944//2129 3167//1502 2943//1278
f 2958//1261 3181//1484 2957//1260
f 2944//2129 3169//1504 3168//1503
f 2959//1262 3182//1485 2958//1261
f 2945//1280 3170//1505 3169//1504
f 2959//1262 3184//1487 3183//1486
f 2947//2131 3170//1505 2946//2130
f 2961//1264 3184//1487 2960//2133
f 2947//2131 3172//1507 3171//1506
f 2962//1265 3185//1488 2961//1264
f 2949//1284 3172//1507 2948//1283
f 3173//1508 3204//1539 3172//1507
f 3187//1490 3218//1521 3186//1489
f 3174//1509 3205//1540 3173//1508
f 3161//1496 3192//1527 3160//1495
f 3188//1491 3219//1522 3187//1490
f 3175//1510 3206//1541 3174//1509
f 3162//1497 3193//1528 3161//1496
f 3189//1492 3220//1523 3188//1491
f 3176//1479 3207//1542 3175//1510
f 3163//1498 3194//1529 3162//1497
f 3190//1493 3221//1524 3189//1492
f 3177//1480 3208//1511 3176//1479
f 3164//1499 3195//1530 3163//1498
f 3191//1494 3222//1525 3190//1493
f 3178//1481 3209//1512 3177//1480
f 3165//1500 3196//1531 3164//1499
f 3160//1495 3223//1526 3191//1494
f 3179//1482 3210//1513 3178//1481
f 3166//1501 3197//1532 3165//1500
f 3180//1483 3211//1514 3179//1482
f 3167//1502 3198//1533 3166//1501
f 3181//1484 3212//1515 3180//1483
f 3168//1503 3199//1534 3167//1502
f 3182//1485 3213//1516 3181//1484
f 3169//1504 3200//2143 3168//1503
f 3183//1486 3214//1517 3182//1485
f 3170//1505 3201//1536 3169//1504
f 3184//1487 3215//1518 3183//1486
f 3171//1506 3202//1537 3170//1505
f 3185//1488 3216//1519 3184//1487
f 3172//1507 3203//1538 3171//1506
f 3186//1489 3217//1520 3185//1488
f 2714//1135 3232//1554 3224//1552
f 2721//2115 3232//1554 2928//1252
f 3231//2144 2915//1109 2917//2124
f 3230//1109 2913//1108 2915//1109
f 3229//1108 2911//1107 2913//1108
f 3228//1107 2908//1106 2911//1107
f 3227//1106 2905//1105 2908//1106
f 3226//1105 2902//1104 2905//1105
f 3225//1104 2897//1240 2902//1104
f 2729//1118 3241//2146 2931//1253
f 2919//2125 3241//2146 2930//1254
f 3233//1116 2927//1115 2900//1116
f 3240//1115 2925//1114 2927//1115
f 3239//1114 2923//1113 2925//1114
f 3238//1113 2921//1246 2923//1113
f 3237//1112 2919//2125 2921//1246
f 3235//1549 2901//1117 2904//1237
f 3234//1117 2900//1116 2901//1117
f 2896//1239 3250//2148 3242//1546
f 2738//2118 3250//2148 3248//2147
f 3243//1097 2926//1243 2898//1097
f 3249//1096 2924//2127 2926//1243
f 3242//1546 2909//1101 2896//1239
f 3247//1101 2906//1100 2909//1101
f 3246//1100 2903//1099 2906//1100
f 3245//1099 2899//1098 2903//1099
f 3244//1098 2898//1097 2899//1098
f 2922//2126 3259//1545 3258//2149
f 2907//1238 3259//1545 2932//1248
f 3258//2149 2920//1093 2922//2126
f 3257//1093 2918//1092 2920//1093
f 3256//1092 2916//1091 2918//1092
f 3255//1091 2914//1090 2916//1091
f 3254//1090 2912//1089 2914//1090
f 3253//1089 2910//1088 2912//1089
f 3252//1088 2907//1238 2910//1088
f 2666//2108 3891//2293 3807//2231
f 3802//2226 3887//2289 3811//2234
f 2663//2105 3280//2169 3277//2166
f 3881//2286 2667//2109 3264//2154
f 2//2 3265//2155 2666//2108
f 3267//2157 3263//2153 2662//2104
f 10//10 3268//507 618//507
f 2676//2113 3266//2156 3269//2158
f 3266//2156 5660//2921 3293//2178
f 3272//2161 3262//2152 2663//2105
f 3848//2259 3916//2307 3852//2263
f 3895//2297 3920//2311 3914//2305
f 3266//2156 5653//2914 5654//2915
f 2674//2112 3273//2162 3274//2163
f 3277//2166 3261//2151 2655//2100
f 3817//2239 3917//2308 3853//2264
f 3972//2338 5663//2924 4584//2399
f 2673//2111 3278//2167 3279//2168
f 3280//2169 3284//2173 3261//2151
f 3298//2183 3283//2172 3284//2173
f 3275//2164 3286//2175 3262//2152
f 3296//2181 3285//2174 3286//2175
f 3263//2153 3294//2179 3288//2177
f 3294//2179 3287//2176 3288//2177
f 3265//2155 3844//524 3842//2258
f 3292//524 3845//523 3844//524
f 3264//2154 3281//2170 3260//2150
f 3290//524 3282//2171 3281//2170
f 3262//2152 3298//2183 3280//2169
f 3286//2175 3297//2182 3298//2183
f 3270//2159 3281//2170 3294//2179
f 3281//2170 3293//2178 3294//2179
f 611//2 3292//524 3265//2155
f 636//524 3291//523 3292//524
f 3830//959 654//538 1183//959
f 3808//2232 3821//2243 3832//2250
f 3345//1614 3369//1638 3346//1615
f 3810//2233 3299//2184 3808//2232
f 3818//2240 3304//2186 3816//2238
f 3331//1632 3355//1656 3332//1633
f 3344//2196 3368//1637 3345//1614
f 3816//2238 3824//2246 3836//2254
f 3330//1631 3354//1655 3331//1632
f 3343//2195 3367//1636 3344//2196
f 3329//1630 3353//1654 3330//1631
f 3343//2195 3365//1592 3366//2197
f 3817//2239 3895//2297 3914//2305
f 1167//946 3307//538 3809//946
f 3329//1630 3351//1652 3352//1653
f 3341//1610 3365//1592 3342//1611
f 3299//2184 3828//959 3821//2243
f 3855//959 3307//538 3830//959
f 3505//1254 3336//1605 3507//1248
f 3785//1097 3347//1616 3786//1098
f 3775//1116 3334//1635 3776//1117
f 3766//1552 3321//1622 3767//1104
f 3786//1098 3348//1617 3787//1099
f 3776//1117 3335//1604 3777//1549
f 3767//1104 3322//1623 3768//1105
f 3787//1099 3349//1618 3788//1100
f 3768//1105 3323//1624 3769//1106
f 3788//1100 3350//1619 3789//1101
f 3793//1543 3337//1606 3794//1088
f 3769//1106 3324//1625 3770//1107
f 3789//1101 3319//1620 3784//1546
f 3794//1088 3338//1607 3795//1089
f 3770//1107 3325//1626 3771//1108
f 3795//1089 3339//1608 3796//1090
f 3771//1108 3326//1627 3772//1109
f 3796//1090 3340//1609 3797//1091
f 3772//1109 3327//2193 3773//2144
f 3797//1091 3341//1610 3798//1092
f 3798//1092 3342//1611 3799//1093
f 3778//2145 3329//1630 3779//1112
f 3799//1093 3343//2195 3800//2149
f 3779//1112 3330//1631 3780//1113
f 3502//1251 3328//2194 3505//1254
f 3780//1113 3331//1632 3781//1114
f 3790//2147 3345//1614 3791//1096
f 3781//1114 3332//1633 3782//1115
f 3791//1096 3346//1615 3785//1097
f 3782//1115 3333//1634 3775//1116
f 3333//1634 3355//1656 3356//1657
f 3320//1621 3318//2192 3317//1644
f 3347//1616 3369//1638 3370//1639
f 3334//1635 3356//1657 3357//1658
f 3321//1622 3317//1644 3316//1645
f 3348//1617 3370//1639 3371//1640
f 3334//1635 3358//1603 3335//1604
f 3322//1623 3316//1645 3315//1646
f 3349//1618 3371//1640 3372//1641
f 3335//1604 3359//1602 3336//1605
f 3322//1623 3309//1647 3323//1624
f 3349//1618 3373//1642 3350//1619
f 3336//1605 3360//1601 3337//1606
f 3324//1625 3309//1647 3308//1648
f 3319//1620 3373//1642 3318//2192
f 3337//1606 3361//1600 3338//1607
f 3324//1625 3303//1649 3325//1626
f 3338//1607 3362//1597 3339//1608
f 3325//1626 3302//1650 3326//1627
f 3339//1608 3363//1596 3340//1609
f 3327//2193 3302//1650 3301//1651
f 3341//1610 3363//1596 3364//1593
f 3328//2194 3301//1651 3351//1652
f 3439//543 3396//1661 3397//1660
f 3441//543 3387//1688 3388//2200
f 3442//543 3397//1660 3398//1659
f 3443//543 3387//1688 3440//543
f 3442//543 3399//1668 3444//543
f 3445//543 3384//1685 3446//543
f 3444//543 3400//1669 3447//543
f 3448//543 3380//1677 3449//543
f 3450//543 3390//1667 3451//543
f 3452//543 3383//1684 3445//543
f 3447//543 3401//1670 3453//543
f 3454//543 3381//1676 3448//543
f 3450//543 3388//2200 3389//1690
f 3452//543 3375//1682 3374//1683
f 3453//543 3402//1671 3456//543
f 3457//543 3375//1682 3455//543
f 3456//543 3403//1672 3458//543
f 3459//543 3376//2198 3457//543
f 3458//543 3404//2201 3460//543
f 3461//543 3377//1680 3459//543
f 3460//543 3405//1674 3462//543
f 3463//543 3386//2199 3443//543
f 3464//543 3378//1679 3461//543
f 3454//543 3405//1674 3382//1675
f 3446//543 3385//1686 3463//543
f 3465//543 3393//1664 3466//543
f 3449//543 3379//1678 3464//543
f 3467//543 3392//1665 3465//543
f 3468//543 3393//1664 3394//1663
f 3468//543 3395//1662 3469//543
f 3451//543 3391//1666 3467//543
f 3438//543 3395//1662 3396//1661
f 3406//1718 2826//1112 3407//1716
f 3408//1715 2802//1092 3409//1717
f 3407//1716 2827//1113 3410//1714
f 3411//1713 2803//1091 3408//1715
f 3412//1706 2818//1104 3413//1703
f 3410//1714 2828//1114 3414//1712
f 3415//1711 2804//1090 3411//1713
f 3416//1709 2817//1103 3412//1706
f 3414//1712 2829//1115 3417//1710
f 3418//1698 2805//1089 3415//1711
f 3419//1708 2816//1102 3416//1709
f 3417//1710 2830//1116 3420//1707
f 3421//1697 2806//1088 3418//1698
f 3422//1705 2815//1101 3419//1708
f 3420//1707 2831//1117 3423//1704
f 3424//1701 2807//1087 3421//1697
f 3425//1702 2814//1100 3422//1705
f 3423//1704 2808//1086 3424//1701
f 3413//1703 2819//1105 3426//1700
f 3427//1699 2813//1099 3425//1702
f 3426//1700 2820//1106 3428//1696
f 3429//1695 2812//1098 3427//1699
f 3428//1696 2821//1107 3430//1693
f 3431//1692 2811//1097 3429//1695
f 3430//1693 2822//1108 3432//1694
f 3433//1691 2810//1096 3431//1692
f 3432//1694 2823//1109 3434//1722
f 3435//1721 2809//1095 3433//1691
f 3434//1722 2824//1110 3436//1720
f 3437//1719 2800//1094 3435//1721
f 3436//1720 2825//1111 3406//1718
f 3409//1717 2801//1093 3437//1719
f 3376//2198 3437//1719 3375//1682
f 3398//1659 3406//1718 3399//1668
f 3375//1682 3435//1721 3374//1683
f 3397//1660 3436//1720 3398//1659
f 3374//1683 3433//1691 3383//1684
f 3396//1661 3434//1722 3397//1660
f 3384//1685 3433//1691 3431//1692
f 3395//1662 3432//1694 3396//1661
f 3384//1685 3429//1695 3385//1686
f 3394//1663 3430//1693 3395//1662
f 3385//1686 3427//1699 3386//2199
f 3393//1664 3428//1696 3394//1663
f 3386//2199 3425//1702 3387//1688
f 3392//1665 3426//1700 3393//1664
f 3382//1675 3423//1704 3424//1701
f 3387//1688 3422//1705 3388//2200
f 3381//1676 3424//1701 3421//1697
f 3404//2201 3423//1704 3405//1674
f 3388//2200 3419//1708 3389//1690
f 3380//1677 3421//1697 3418//1698
f 3404//2201 3417//1710 3420//1707
f 3390//1667 3419//1708 3416//1709
f 3379//1678 3418//1698 3415//1711
f 3403//1672 3414//1712 3417//1710
f 3391//1666 3416//1709 3412//1706
f 3379//1678 3411//1713 3378//1679
f 3402//1671 3410//1714 3414//1712
f 3392//1665 3412//1706 3413//1703
f 3377//1680 3411//1713 3408//1715
f 3401//1670 3407//1716 3410//1714
f 3377//1680 3409//1717 3376//2198
f 3400//1669 3406//1718 3407//1716
f 3364//1593 3469//543 3438//543
f 3359//1602 3451//543 3467//543
f 3362//1597 3469//543 3363//1596
f 3362//1597 3466//543 3468//543
f 3360//1601 3467//543 3465//543
f 3315//1646 3449//543 3464//543
f 3361//1600 3465//543 3466//543
f 3353//1654 3446//543 3463//543
f 3373//1642 3454//543 3318//2192
f 3309//1647 3464//543 3461//543
f 3354//1655 3463//543 3443//543
f 3372//1641 3462//543 3373//1642
f 3308//1648 3461//543 3459//543
f 3371//1640 3460//543 3372//1641
f 3303//1649 3459//543 3457//543
f 3371//1640 3456//543 3458//543
f 3302//1650 3457//543 3455//543
f 3370//1639 3453//543 3456//543
f 3302//1650 3452//543 3301//1651
f 3357//1658 3441//543 3450//543
f 3318//2192 3448//543 3317//1644
f 3368//1637 3453//543 3369//1638
f 3301//1651 3445//543 3351//1652
f 3358//1603 3450//543 3451//543
f 3316//1645 3448//543 3449//543
f 3367//1636 3447//543 3368//1637
f 3352//1653 3445//543 3446//543
f 3366//2197 3444//543 3367//1636
f 3355//1656 3443//543 3440//543
f 3365//1592 3442//543 3366//2197
f 3355//1656 3441//543 3356//1657
f 3364//1593 3439//543 3365//1592
f 2694//1115 3474//1116 2695//1116
f 2707//1096 3472//1097 2708//1097
f 2693//1114 3501//1115 2694//1115
f 2706//1095 3500//1243 2707//1096
f 2692//1113 3499//1114 2693//1114
f 2705//1094 3498//2205 2706//1095
f 2691//1112 3497//1113 2692//1113
f 2704//1093 3496//2204 2705//1094
f 2690//1111 3495//1246 2691//1112
f 2703//1092 3494//1093 2704//1093
f 2689//1110 3493//2203 2690//1111
f 2702//1091 3492//1092 2703//1092
f 2688//1109 3491//2202 2689//1110
f 2701//1090 3490//1091 2702//1091
f 2687//1108 3489//1109 2688//1109
f 2700//1089 3488//1090 2701//1090
f 2686//1107 3487//1108 2687//1108
f 2699//1088 3486//1089 2700//1089
f 2712//1101 3470//1725 2681//1102
f 2685//1106 3485//1107 2686//1107
f 2698//1087 3484//1088 2699//1088
f 2711//1100 3483//1101 2712//1101
f 2684//1105 3482//1106 2685//1106
f 2697//1086 3481//1724 2698//1087
f 2710//1099 3480//1100 2711//1100
f 2683//1104 3479//1105 2684//1105
f 2696//1117 3478//1723 2697//1086
f 2709//1098 3477//1099 2710//1099
f 2682//1103 3476//1104 2683//1104
f 2695//1116 3475//1117 2696//1117
f 2708//1097 3473//1098 2709//1098
f 2681//1102 3471//1726 2682//1103
f 3774//1554 3491//2202 3773//2144
f 3783//2146 3328//2194 3778//2145
f 3503//1252 3493//2203 3491//2202
f 3504//1253 3481//1724 3478//1723
f 3801//1545 3336//1605 3793//1543
f 3783//2146 3478//1723 3777//1549
f 3506//1247 3503//1252 3509//1250
f 3507//1248 3502//1251 3505//1254
f 3343//2195 3508//1249 3507//1248
f 3498//2205 3792//2148 3790//2147
f 3343//2195 3801//1545 3800//2149
f 3496//2204 3509//1250 3498//2205
f 3471//1726 3774//1554 3766//1552
f 3319//1620 3792//2148 3784//1546
f 3470//1725 3503//1252 3471//1726
f 3319//1620 3502//1251 3508//1249
f 3559//1764 3526//2210 3527//1732
f 3546//1783 3513//1750 3514//1751
f 3573//1778 3540//1745 3541//1746
f 3560//1765 3527//1732 3528//1733
f 3547//1784 3514//1751 3515//1752
f 3542//1779 3541//1746 3510//2206
f 3561//1766 3528//1733 3529//1734
f 3548//1785 3515//1752 3516//1753
f 3562//1767 3529//1734 3530//1735
f 3549//2213 3516//1753 3517//1754
f 3563//1768 3530//1735 3531//1736
f 3550//1787 3517//1754 3518//2207
f 3564//1769 3531//1736 3532//1737
f 3551//1788 3518//2207 3519//1756
f 3565//1770 3532//1737 3533//1738
f 3552//1789 3519//1756 3520//2208
f 3566//1771 3533//1738 3534//2211
f 3553//1790 3520//2208 3521//2209
f 3567//1772 3534//2211 3535//1740
f 3554//1791 3521//2209 3522//1759
f 3568//1773 3535//1740 3536//1741
f 3555//1792 3522//1759 3523//1760
f 3569//1774 3536//1741 3537//2212
f 3556//1793 3523//1760 3524//1761
f 3543//1780 3510//2206 3511//1748
f 3570//1775 3537//2212 3538//1743
f 3557//1794 3524//1761 3525//1762
f 3544//1781 3511//1748 3512//1749
f 3571//1776 3538//1743 3539//1744
f 3558//1763 3525//1762 3526//2210
f 3545//1782 3512//1749 3513//1750
f 3572//1777 3539//1744 3540//1745
f 3567//1772 3598//1803 3566//1771
f 3554//1791 3585//1822 3553//1790
f 3600//1805 3567//1772 3568//1773
f 3587//1824 3554//1791 3555//1792
f 3601//1806 3568//1773 3569//1774
f 3588//1825 3555//1792 3556//1793
f 3575//1812 3542//1779 3543//1780
f 3570//1775 3601//1806 3569//1774
f 3589//1826 3556//1793 3557//1794
f 3576//1813 3543//1780 3544//1781
f 3603//1808 3570//1775 3571//1776
f 3558//1763 3589//1826 3557//1794
f 3577//1814 3544//1781 3545//1782
f 3604//1809 3571//1776 3572//1777
f 3559//1764 3590//1795 3558//1763
f 3578//1815 3545//1782 3546//1783
f 3605//1810 3572//1777 3573//1778
f 3592//1797 3559//1764 3560//1765
f 3579//1816 3546//1783 3547//1784
f 3542//1779 3605//1810 3573//1778
f 3593//1798 3560//1765 3561//1766
f 3580//1817 3547//1784 3548//1785
f 3594//1799 3561//1766 3562//1767
f 3581//1818 3548//1785 3549//2213
f 3595//1800 3562//1767 3563//1768
f 3550//1787 3581//1818 3549//2213
f 3596//1801 3563//1768 3564//1769
f 3583//1820 3550//1787 3551//1788
f 3597//1802 3564//1769 3565//1770
f 3584//1821 3551//1788 3552//1789
f 3598//1803 3565//1770 3566//1771
f 3585//1822 3552//1789 3553//1790
f 3608//1845 3602//1807 3603//1808
f 3581//1818 3631//1836 3580//1817
f 3610//1847 3600//1805 3601//1806
f 3576//1813 3636//1841 3575//1812
f 3617//1854 3593//1798 3594//1799
f 3587//1824 3625//1830 3586//1823
f 3589//1826 3623//1828 3588//1825
f 3580//1817 3632//1837 3579//1816
f 3611//1848 3599//1804 3600//1805
f 3602//1807 3610//1847 3601//1806
f 3618//1855 3592//1797 3593//1798
f 3586//1823 3626//1831 3585//1822
f 3623//1828 3587//1824 3588//1825
f 3574//1811 3606//1843 3605//1810
f 3612//1849 3598//1803 3599//1804
f 3632//1837 3578//1815 3579//1816
f 3585//1822 3627//1832 3584//1821
f 3619//1856 3591//1796 3592//1797
f 3613//1850 3597//1802 3598//1803
f 3606//1843 3604//1809 3605//1810
f 3627//1832 3583//1820 3584//1821
f 3633//1838 3577//1814 3578//1815
f 3614//1851 3596//1801 3597//1802
f 3620//1857 3590//1795 3591//1796
f 3583//1820 3629//1834 3582//1819
f 3604//1809 3608//1845 3603//1808
f 3615//1852 3595//1800 3596//1801
f 3634//1839 3576//1813 3577//1814
f 3582//1819 3630//1835 3581//1818
f 3590//1795 3622//1827 3589//1826
f 3595//1800 3617//1854 3594//1799
f 3636//1841 3574//1811 3575//1812
f 3634//1839 3667//1872 3635//1840
f 3640//1877 3609//1846 3608//1845
f 3636//1841 3669//1874 3637//1842
f 3655//1860 3624//1829 3623//1828
f 3610//1847 3643//2214 3611//1848
f 3643//2214 3612//1849 3611//1848
f 3629//1834 3662//1867 3630//1835
f 3644//2215 3613//1850 3612//1849
f 3631//1836 3664//1869 3632//1837
f 3657//1862 3626//1831 3625//1830
f 3646//1883 3615//1852 3614//1851
f 3616//1853 3649//1886 3617//1854
f 3645//1882 3614//1851 3613//1850
f 3669//1874 3606//1843 3637//1842
f 3627//1832 3660//1865 3628//1833
f 3618//1855 3651//1888 3619//1856
f 3620//1857 3653//1890 3621//1858
f 3647//1884 3616//1853 3615//1852
f 3654//1859 3623//1828 3622//1827
f 3665//1870 3634//1839 3633//1838
f 3624//1829 3657//1862 3625//1830
f 3649//1886 3618//1855 3617//1854
f 3639//1876 3608//1845 3607//1844
f 3626//1831 3659//2216 3627//1832
f 3628//1833 3661//1866 3629//1834
f 3651//1888 3620//1857 3619//1856
f 3635//1840 3668//2217 3636//1841
f 3630//1835 3663//1868 3631//1836
f 3609//1846 3642//1879 3610//1847
f 3664//1869 3633//1838 3632//1837
f 3621//1858 3654//1859 3622//1827
f 3638//1875 3607//1844 3606//1843
f 3667//1872 3700//1905 3668//2217
f 3652//1889 3685//1922 3653//1890
f 3641//1878 3674//1911 3642//1879
f 3686//1891 3655//1860 3654//1859
f 3700//1905 3669//1874 3668//2217
f 3688//1893 3657//1862 3656//1861
f 3675//1912 3644//2215 3643//2214
f 3690//1895 3659//2216 3658//1863
f 3677//1914 3646//1883 3645//1882
f 3660//1865 3693//1898 3661//1866
f 3647//1884 3680//1917 3648//1885
f 3662//1867 3695//1900 3663//1868
f 3649//1886 3682//1919 3650//1887
f 3664//1869 3697//1902 3665//1870
f 3638//1875 3671//1908 3639//1876
f 3683//1920 3652//1889 3651//1888
f 3698//1903 3667//1872 3666//1871
f 3672//1909 3641//1878 3640//1877
f 3685//1922 3654//1859 3653//1890
f 3661//1866 3694//1899 3662//1867
f 3674//1911 3643//2214 3642//1879
f 3655//1860 3688//1893 3656//1861
f 3695//1900 3664//1869 3663//1868
f 3644//2215 3677//1914 3645//1882
f 3657//1862 3690//1895 3658//1863
f 3669//1874 3670//1907 3638//1875
f 3678//1915 3647//1884 3646//1883
f 3691//1896 3660//1865 3659//2216
f 3665//1870 3698//1903 3666//1871
f 3680//1917 3649//1886 3648//1885
f 3671//1908 3640//1877 3639//1876
f 3650//1887 3683//1920 3651//1888
f 3707//1944 3676//1913 3675//1912
f 3690//1895 3723//1928 3691//1896
f 3709//2219 3678//1915 3677//1914
f 3692//1897 3725//2223 3693//1898
f 3711//1948 3680//1917 3679//1916
f 3726//1931 3695//1900 3694//1899
f 3713//1950 3682//1919 3681//1918
f 3728//2224 3697//1902 3696//1901
f 3670//1907 3703//1940 3671//1908
f 3715//1952 3684//1921 3683//1920
f 3730//1935 3699//1904 3698//1903
f 3704//1941 3673//1910 3672//1909
f 3717//1954 3686//1891 3685//1922
f 3725//2223 3694//1899 3693//1898
f 3674//1911 3707//1944 3675//1912
f 3687//1892 3720//1925 3688//1893
f 3695//1900 3728//2224 3696//1901
f 3676//1913 3709//2219 3677//1914
f 3689//1894 3722//2222 3690//1895
f 3733//1938 3670//1907 3701//1906
f 3678//1915 3711//1948 3679//1916
f 3691//1896 3724//1929 3692//1897
f 3697//1902 3730//1935 3698//1903
f 3680//1917 3713//1950 3681//1918
f 3703//1940 3672//1909 3671//1908
f 3682//1919 3715//1952 3683//1920
f 3699//1904 3732//2225 3700//1905
f 3684//1921 3717//1954 3685//1922
f 3705//1942 3674//1911 3673//1910
f 3718//1923 3687//1892 3686//1891
f 3732//2225 3701//1906 3700//1905
f 3720//1925 3689//1894 3688//1893
f 3719//1924 3711//1948 3703//1940
f 3536//1741 3761//1966 3537//2212
f 3523//1760 3748//1985 3524//1761
f 3510//2206 3735//1972 3511//1748
f 3761//1966 3538//1743 3537//2212
f 3524//1761 3749//1986 3525//1762
f 3735//1972 3512//1749 3511//1748
f 3538//1743 3763//1968 3539//1744
f 3749//1986 3526//2210 3525//1762
f 3736//1973 3513//1750 3512//1749
f 3539//1744 3764//1969 3540//1745
f 3750//1955 3527//1732 3526//2210
f 3513//1750 3738//1975 3514//1751
f 3764//1969 3541//1746 3540//1745
f 3527//1732 3752//1957 3528//1733
f 3514//1751 3739//1976 3515//1752
f 3765//1970 3510//2206 3541//1746
f 3752//1957 3529//1734 3528//1733
f 3739//1976 3516//1753 3515//1752
f 3753//1958 3530//1735 3529//1734
f 3516//1753 3741//1978 3517//1754
f 3530//1735 3755//1960 3531//1736
f 3741//1978 3518//2207 3517//1754
f 3755//1960 3532//1737 3531//1736
f 3518//2207 3743//1980 3519//1756
f 3756//1961 3533//1738 3532//1737
f 3519//1756 3744//1981 3520//2208
f 3533//1738 3758//1963 3534//2211
f 3520//2208 3745//1982 3521//2209
f 3758//1963 3535//1740 3534//2211
f 3521//2209 3746//1983 3522//1759
f 3759//1964 3536//1741 3535//1740
f 3746//1983 3523//1760 3522//1759
f 3204//1539 3747//1984 3746//1983
f 3218//1521 3761//1966 3760//1965
f 3205//1540 3748//1985 3747//1984
f 3192//1527 3735//1972 3734//1971
f 3219//1522 3762//1967 3761//1966
f 3206//1541 3749//1986 3748//1985
f 3193//1528 3736//1973 3735//1972
f 3220//1523 3763//1968 3762//1967
f 3207//1542 3750//1955 3749//1986
f 3194//1529 3737//1974 3736//1973
f 3221//1524 3764//1969 3763//1968
f 3208//1511 3751//1956 3750//1955
f 3195//1530 3738//1975 3737//1974
f 3222//1525 3765//1970 3764//1969
f 3209//1512 3752//1957 3751//1956
f 3196//1531 3739//1976 3738//1975
f 3223//1526 3734//1971 3765//1970
f 3210//1513 3753//1958 3752//1957
f 3197//1532 3740//1977 3739//1976
f 3211//1514 3754//1959 3753//1958
f 3198//1533 3741//1978 3740//1977
f 3212//1515 3755//1960 3754//1959
f 3199//1534 3742//1979 3741//1978
f 3213//1516 3756//1961 3755//1960
f 3200//2143 3743//1980 3742//1979
f 3214//1517 3757//1962 3756//1961
f 3201//1536 3744//1981 3743//1980
f 3215//1518 3758//1963 3757//1962
f 3202//1537 3745//1982 3744//1981
f 3216//1519 3759//1964 3758//1963
f 3203//1538 3746//1983 3745//1982
f 3217//1520 3760//1965 3759//1964
f 3320//1621 3774//1554 3502//1251
f 3774//1554 3327//2193 3502//1251
f 3489//1109 3773//2144 3491//2202
f 3487//1108 3772//1109 3489//1109
f 3485//1107 3771//1108 3487//1108
f 3482//1106 3770//1107 3485//1107
f 3479//1105 3769//1106 3482//1106
f 3476//1104 3768//1105 3479//1105
f 3471//1726 3767//1104 3476//1104
f 3783//2146 3335//1604 3505//1254
f 3783//2146 3493//2203 3504//1253
f 3501//1115 3775//1116 3474//1116
f 3499//1114 3782//1115 3501//1115
f 3497//1113 3781//1114 3499//1114
f 3495//1246 3780//1113 3497//1113
f 3493//2203 3779//1112 3495//1246
f 3475//1117 3777//1549 3478//1723
f 3474//1116 3776//1117 3475//1117
f 3470//1725 3792//2148 3509//1250
f 3344//2196 3792//2148 3508//1249
f 3500//1243 3785//1097 3472//1097
f 3498//2205 3791//1096 3500//1243
f 3483//1101 3784//1546 3470//1725
f 3480//1100 3789//1101 3483//1101
f 3477//1099 3788//1100 3480//1100
f 3473//1098 3787//1099 3477//1099
f 3472//1097 3786//1098 3473//1098
f 3496//2204 3801//1545 3506//1247
f 3801//1545 3481//1724 3506//1247
f 3494//1093 3800//2149 3496//2204
f 3492//1092 3799//1093 3494//1093
f 3490//1091 3798//1092 3492//1092
f 3488//1090 3797//1091 3490//1091
f 3486//1089 3796//1090 3488//1090
f 3484//1088 3795//1089 3486//1089
f 3481//1724 3794//1088 3484//1088
f 3888//2290 2666//2108 3265//2155
f 3885//2288 3802//2226 3806//2230
f 3819//2241 2663//2105 3277//2166
f 3883//2287 3260//2150 3270//2159
f 3807//2231 2//2 2666//2108
f 3805//2229 3267//2157 2662//2104
f 3930//1035 3863//2271 3926//1035
f 660//543 3809//946 3313//543
f 3314//2191 3808//2232 3305//2187
f 3305//2187 3832//2250 3826//2248
f 3804//2228 3272//2161 2663//2105
f 2675//23 3904//23 3841//23
f 3304//2186 3834//2252 3824//2246
f 3312//2190 3812//2235 3304//2186
f 3803//2227 3277//2166 2655//2100
f 3916//2307 3813//949 3852//2263
f 3300//2185 3836//2254 3822//2244
f 3311//2189 3816//2238 3300//2185
f 3823//2245 3819//2241 3803//2227
f 3822//2244 3837//2255 3823//2245
f 3825//2247 3815//2237 3804//2228
f 3824//2246 3835//2253 3825//2247
f 3827//2249 3811//2234 3805//2229
f 3827//2249 3832//2250 3833//2251
f 3854//960 3807//2231 3850//2261
f 3855//959 3831//960 3854//960
f 3820//2242 3806//2230 3802//2226
f 3821//2243 3829//960 3820//2242
f 3837//2255 3804//2228 3819//2241
f 3836//2254 3825//2247 3837//2255
f 3833//2251 3802//2226 3811//2234
f 3833//2251 3821//2243 3820//2242
f 3831//960 1160//2 3807//2231
f 3830//959 1184//960 3831//960
f 3828//959 3854//960 3829//960
f 3829//960 3850//2261 3806//2230
f 3310//2188 3853//2264 3847//543
f 3913//949 1171//949 3813//949
f 3313//543 3851//2262 3849//2260
f 3806//2230 3838//2256 2667//2109
f 3828//959 3846//538 3855//959
f 3809//946 3846//538 3851//2262
f 3917//2308 3848//2259 3853//2264
f 3844//524 3289//523 3290//524
f 3842//2258 3290//524 3264//2154
f 3905//2301 3271//2160 2676//2113
f 2675//23 3843//507 3268//507
f 3838//2256 3264//2154 2667//2109
f 3289//523 3839//3 2668//3
f 3268//507 3839//3 2669//3
f 10//10 3903//23 2675//23
f 3279//2168 3899//2299 2673//2111
f 3923//1032 3858//2267 3857//2266
f 3863//2271 3876//2282 3862//2270
f 3923//1032 3872//2278 3856//2265
f 3929//1034 3869//2276 3925//1034
f 3810//2233 3871//2277 3851//2262
f 3860//2269 3870//2277 3871//2277
f 3861//2269 3869//2276 3870//2277
f 3864//2272 3926//1035 3863//2271
f 3851//2262 3866//2274 3849//2260
f 3871//2277 3867//2274 3866//2274
f 3870//2277 3868//2275 3867//2274
f 3865//2273 3810//2233 3314//2191
f 3864//2272 3860//2269 3865//2273
f 3863//2271 3861//2269 3864//2272
f 3873//2279 3876//2282 3878//2284
f 3879//2285 3872//2278 3877//2283
f 3927//1036 3878//2284 3930//1035
f 3929//1034 3875//2281 3879//2285
f 3872//2278 3859//2268 3856//2265
f 3874//2280 3857//2266 3858//2267
f 3869//2276 3877//2283 3868//2275
f 3928//1037 3858//2267 3924//1033
f 2667//2109 3885//2288 3806//2230
f 3887//2289 3267//2157 3811//2234
f 3260//2150 3881//2286 3264//2154
f 3267//2157 3883//2287 3270//2159
f 3889//2291 3890//2292 3893//2295
f 3892//2294 3889//2291 3893//2295
f 3838//2256 3890//2292 3842//2258
f 3891//2293 3850//2261 3807//2231
f 3842//2258 3888//2290 3265//2155
f 3892//2294 3838//2256 3850//2261
f 2674//2112 3909//2303 3279//2168
f 3945//1047 1292//180 3921//180
f 657//180 3900//180 1261//180
f 3943//2319 3902//2300 3939//2315
f 3939//2315 3907//2302 3941//2317
f 1261//180 3906//180 1260//180
f 3942//2318 3931//180 3936//2312
f 1176//180 3908//180 657//180
f 1279//1023 3913//949 3912//2304
f 3919//2310 1279//1023 3912//2304
f 3912//2304 3916//2307 3915//2306
f 3914//2305 3915//2306 3917//2308
f 3897//180 3911//180 3908//180
f 3900//180 3910//180 3906//180
f 3908//180 3901//180 3900//180
f 3944//1046 3904//23 3903//23
f 1287//543 3919//2310 3920//2311
f 1288//543 3920//2311 3918//2309
f 3271//2160 3274//2163 2676//2113
f 3274//2163 2658//2102 3907//2302
f 3896//2298 2672//2110 3894//2296
f 2672//2110 2658//2102 3840//2257
f 3271//2160 2672//2110 3840//2257
f 2661//2103 3276//2165 2658//2102
f 3906//180 3922//180 3921//180
f 3907//2302 3949//2321 3941//2317
f 1260//180 3921//180 1292//180
f 3813//949 3849//2260 3852//2263
f 3834//2252 3827//2249 3835//2253
f 3835//2253 3805//2229 3815//2237
f 3815//2237 2662//2104 3272//2161
f 1171//949 3313//543 3813//949
f 3812//2235 3826//2248 3834//2252
f 3814//2236 3305//2187 3812//2235
f 3288//2177 3295//2180 3296//2181
f 3263//2153 3296//2181 3275//2164
f 2662//2104 3275//2164 3272//2161
f 2658//2102 3905//2301 3907//2302
f 3297//2182 5657//2918 3283//2172
f 3274//2163 2665//2107 2676//2113
f 3852//2263 3314//2191 3814//2236
f 3910//180 3935//180 3922//180
f 3898//180 3934//180 3911//180
f 3901//180 3933//180 3910//180
f 3911//180 3932//180 3901//180
f 3949//2321 3904//23 3946//1048
f 3859//2268 3928//1037 3924//1033
f 3876//2282 3928//1037 3929//1034
f 3872//2278 3930//1035 3877//2283
f 3868//2275 3864//2272 3867//2274
f 3867//2274 3865//2273 3866//2274
f 3866//2274 3314//2191 3849//2260
f 3861//2269 3862//2270 3925//1034
f 3862//2270 3929//1034 3925//1034
f 3857//2266 3927//1036 3923//1032
f 3856//2265 3924//1033 3923//1032
f 3841//23 3905//2301 2676//2113
f 3847//543 3818//2240 3311//2189
f 3848//2259 3814//2236 3312//2190
f 3877//2283 3926//1035 3868//2275
f 3851//2262 3306//538 3810//2233
f 3853//2264 3312//2190 3818//2240
f 3841//23 3269//2158 3843//507
f 3843//507 2668//3 3839//3
f 3935//180 3947//1047 3922//180
f 3944//1046 3960//1046 3946//1048
f 3940//2316 3935//180 3933//180
f 1316//1046 3958//1046 3944//1046
f 3921//180 3947//1047 3945//1047
f 3961//1047 3945//1047 3947//1047
f 3909//2303 3937//2313 3899//2299
f 3939//2315 3957//2329 3943//2319
f 3932//180 3940//2316 3933//180
f 3949//2321 3955//2327 3941//2317
f 3934//180 3938//2314 3932//180
f 3942//2318 3952//2324 3938//2314
f 3903//23 1316//1046 3944//1046
f 3954//2326 3948//2320 3940//2316
f 3962//2330 3960//1046 3961//1047
f 3955//2327 3962//2330 3954//2326
f 3959//1047 3960//1046 3958//1046
f 3957//2329 3950//2322 3951//2323
f 3952//2324 3955//2327 3954//2326
f 3956//2328 3953//2325 3952//2324
f 3958//1046 1333//1047 3959//1047
f 3959//1047 1317//1047 3945//1047
f 3943//2319 3951//2323 3937//2313
f 3936//2312 3956//2328 3942//2318
f 3962//2330 3947//1047 3948//2320
f 3938//2314 3954//2326 3940//2316
f 3946//1048 3963//2331 3949//2321
f 3941//2317 3953//2325 3939//2315
f 4595//1577 1342//1063 1970//1577
f 4572//2388 4588//2403 4597//2408
f 4046//71 4070//95 4047//72
f 4575//2390 3964//2332 4572//2388
f 4585//2400 3972//2338 4584//2399
f 4032//89 4056//113 4033//90
f 4045//2349 4069//94 4046//71
f 3973//2339 5667//2928 4579//2394
f 4031//88 4055//112 4032//89
f 4045//2349 4067//6 4068//2352
f 4030//87 4054//111 4031//88
f 4044//2348 4066//8 4067//6
f 4582//2397 5191//2514 5192//2515
f 3981//2343 5200//2518 4580//2395
f 5207//2521 5211//2525 5212//2526
f 1953//1561 3977//1063 4574//1561
f 4030//87 4052//2350 4053//110
f 4042//67 4066//8 4043//68
f 3964//2332 4593//1577 4588//2403
f 5143//1577 3977//1063 4595//1577
f 4238//198 4037//62 4240//192
f 4550//40 4048//73 4551//41
f 4540//59 4035//92 4541//60
f 4531//497 4022//79 4532//47
f 4551//41 4049//74 4552//42
f 4541//60 4036//61 4542//494
f 4532//47 4023//80 4533//48
f 4552//42 4050//75 4553//43
f 4533//48 4024//81 4534//49
f 4553//43 4051//76 4554//44
f 4558//488 4038//63 4559//31
f 4534//49 4025//82 4535//50
f 4554//44 4020//77 4549//491
f 4559//31 4039//64 4560//32
f 4535//50 4026//83 4536//51
f 4560//32 4040//65 4561//33
f 4536//51 4027//84 4537//52
f 4561//33 4041//66 4562//34
f 4537//52 4028//2346 4538//2377
f 4562//34 4042//67 4563//35
f 4563//35 4043//68 4564//36
f 4543//2378 4030//87 4544//55
f 4564//36 4044//2348 4565//2382
f 4544//55 4031//88 4545//56
f 4235//197 4029//2347 4238//198
f 4545//56 4032//89 4546//57
f 4555//2380 4046//71 4556//39
f 4546//57 4033//90 4547//58
f 4556//39 4047//72 4550//40
f 4547//58 4034//91 4540//59
f 4033//90 4057//114 4034//91
f 4021//78 3987//2345 3986//101
f 4047//72 4071//96 4048//73
f 4035//92 4057//114 4058//115
f 4022//79 3986//101 3985//102
f 4049//74 4071//96 4072//97
f 4035//92 4059//28 4036//61
f 4023//80 3985//102 3984//103
f 4050//75 4072//97 4073//98
f 4037//62 4059//28 4060//2351
f 4023//80 3979//104 4024//81
f 4051//76 4073//98 4074//99
f 4037//62 4061//26 4038//63
f 4025//82 3979//104 3978//105
f 4020//77 4074//99 3987//2345
f 4038//63 4062//25 4039//64
f 4025//82 3968//106 4026//83
f 4040//65 4062//25 4063//19
f 4026//83 3967//107 4027//84
f 4040//65 4064//18 4041//66
f 4028//2346 3967//107 3965//2333
f 4042//67 4064//18 4065//9
f 4029//2347 3965//2333 4052//2350
f 4172//180 4097//118 4098//117
f 4174//180 4088//145 4089//2355
f 4175//180 4098//117 4099//116
f 4176//180 4088//145 4173//180
f 4175//180 4100//125 4177//180
f 4178//180 4085//142 4179//180
f 4177//180 4101//126 4180//180
f 4181//180 4081//134 4182//180
f 4183//180 4091//124 4184//180
f 4185//180 4084//141 4178//180
f 4180//180 4102//127 4186//180
f 4187//180 4082//133 4181//180
f 4183//180 4089//2355 4090//147
f 4185//180 4076//139 4075//140
f 4186//180 4103//128 4189//180
f 4190//180 4076//139 4188//180
f 4189//180 4104//129 4191//180
f 4192//180 4077//2353 4190//180
f 4191//180 4105//2356 4193//180
f 4194//180 4078//137 4192//180
f 4193//180 4106//131 4195//180
f 4196//180 4087//2354 4176//180
f 4197//180 4079//136 4194//180
f 4187//180 4106//131 4083//132
f 4179//180 4086//143 4196//180
f 4198//180 4094//121 4199//180
f 4182//180 4080//135 4197//180
f 4200//180 4093//122 4198//180
f 4201//180 4094//121 4095//120
f 4201//180 4096//119 4202//180
f 4184//180 4092//123 4200//180
f 4171//180 4096//119 4097//118
f 4139//175 4133//55 4140//173
f 4141//172 4109//35 4142//174
f 4140//173 4134//56 4143//171
f 4144//170 4110//34 4141//172
f 4145//163 4125//47 4146//160
f 4143//171 4135//57 4147//169
f 4148//168 4111//33 4144//170
f 4149//166 4124//46 4145//163
f 4147//169 4136//58 4150//167
f 4151//155 4112//32 4148//168
f 4152//165 4123//45 4149//166
f 4150//167 4137//59 4153//164
f 4154//154 4113//31 4151//155
f 4155//162 4122//44 4152//165
f 4153//164 4138//60 4156//161
f 4157//158 4114//30 4154//154
f 4158//159 4121//43 4155//162
f 4156//161 4115//29 4157//158
f 4146//160 4126//48 4159//157
f 4160//156 4120//42 4158//159
f 4159//157 4127//49 4161//153
f 4162//152 4119//41 4160//156
f 4161//153 4128//50 4163//150
f 4164//149 4118//40 4162//152
f 4163//150 4129//51 4165//151
f 4166//148 4117//39 4164//149
f 4165//151 4130//52 4167//179
f 4168//178 4116//38 4166//148
f 4167//179 4131//53 4169//177
f 4170//176 4107//37 4168//178
f 4169//177 4132//54 4139//175
f 4142//174 4108//36 4170//176
f 4077//2353 4170//176 4076//139
f 4099//116 4139//175 4100//125
f 4076//139 4168//178 4075//140
f 4098//117 4169//177 4099//116
f 4075//140 4166//148 4084//141
f 4097//118 4167//179 4098//117
f 4085//142 4166//148 4164//149
f 4096//119 4165//151 4097//118
f 4085//142 4162//152 4086//143
f 4095//120 4163//150 4096//119
f 4086//143 4160//156 4087//2354
f 4094//121 4161//153 4095//120
f 4087//2354 4158//159 4088//145
f 4093//122 4159//157 4094//121
f 4083//132 4156//161 4157//158
f 4088//145 4155//162 4089//2355
f 4082//133 4157//158 4154//154
f 4106//131 4153//164 4156//161
f 4089//2355 4152//165 4090//147
f 4081//134 4154//154 4151//155
f 4105//2356 4150//167 4153//164
f 4091//124 4152//165 4149//166
f 4080//135 4151//155 4148//168
f 4104//129 4147//169 4150//167
f 4092//123 4149//166 4145//163
f 4080//135 4144//170 4079//136
f 4103//128 4143//171 4147//169
f 4093//122 4145//163 4146//160
f 4078//137 4144//170 4141//172
f 4102//127 4140//173 4143//171
f 4078//137 4142//174 4077//2353
f 4101//126 4139//175 4140//173
f 4065//9 4202//180 4171//180
f 4060//2351 4184//180 4200//180
f 4063//19 4202//180 4064//18
f 4063//19 4199//180 4201//180
f 4061//26 4200//180 4198//180
f 3984//103 4182//180 4197//180
f 4062//25 4198//180 4199//180
f 4054//111 4179//180 4196//180
f 4074//99 4187//180 3987//2345
f 3979//104 4197//180 4194//180
f 4055//112 4196//180 4176//180
f 4073//98 4195//180 4074//99
f 3978//105 4194//180 4192//180
f 4072//97 4193//180 4073//98
f 3968//106 4192//180 4190//180
f 4072//97 4189//180 4191//180
f 3967//107 4190//180 4188//180
f 4071//96 4186//180 4189//180
f 3967//107 4185//180 3965//2333
f 4058//115 4174//180 4183//180
f 3987//2345 4181//180 3986//101
f 4069//94 4186//180 4070//95
f 3965//2333 4178//180 4052//2350
f 4059//28 4183//180 4184//180
f 3985//102 4181//180 4182//180
f 4068//2352 4180//180 4069//94
f 4053//110 4178//180 4179//180
f 4067//6 4177//180 4068//2352
f 4056//113 4176//180 4173//180
f 4066//8 4175//180 4067//6
f 4056//113 4174//180 4057//114
f 4065//9 4172//180 4066//8
f 4001//58 4207//59 4002//59
f 4014//39 4205//40 4015//40
f 4000//57 4234//58 4001//58
f 4013//38 4233//188 4014//39
f 3999//56 4232//57 4000//57
f 4012//37 4231//2361 4013//38
f 3998//55 4230//56 3999//56
f 4011//36 4229//2360 4012//37
f 3997//54 4228//191 3998//55
f 4010//35 4227//36 4011//36
f 3996//53 4226//2359 3997//54
f 4009//34 4225//35 4010//35
f 3995//52 4224//2358 3996//53
f 4008//33 4223//34 4009//34
f 3994//51 4222//52 3995//52
f 4007//32 4221//33 4008//33
f 3993//50 4220//51 3994//51
f 4006//31 4219//32 4007//32
f 4019//44 4203//183 3988//45
f 3992//49 4218//50 3993//50
f 4005//30 4217//2357 4006//31
f 4018//43 4216//44 4019//44
f 3991//48 4215//49 3992//49
f 4004//29 4214//182 4005//30
f 4017//42 4213//43 4018//43
f 3990//47 4212//48 3991//48
f 4003//60 4211//181 4004//29
f 4016//41 4210//42 4017//42
f 3989//46 4209//47 3990//47
f 4002//59 4208//60 4003//60
f 4015//40 4206//41 4016//41
f 3988//45 4204//184 3989//46
f 4539//499 4224//2358 4538//2377
f 4548//2379 4029//2347 4543//2378
f 4236//196 4226//2359 4224//2358
f 4237//199 4214//182 4211//181
f 4566//490 4037//62 4558//488
f 4548//2379 4211//181 4542//494
f 4239//193 4236//196 4242//194
f 4240//192 4235//197 4238//198
f 4044//2348 4241//195 4240//192
f 4231//2361 4557//2381 4555//2380
f 4044//2348 4566//490 4565//2382
f 4229//2360 4242//194 4231//2361
f 4204//184 4539//499 4531//497
f 4020//77 4557//2381 4549//491
f 4203//183 4236//196 4204//184
f 4020//77 4235//197 4241//195
f 4292//233 4259//2364 4260//201
f 4279//252 4246//219 4247//220
f 4306//247 4273//214 4274//215
f 4293//234 4260//201 4261//202
f 4280//253 4247//220 4248//221
f 4275//248 4274//215 4243//216
f 4294//235 4261//202 4262//203
f 4281//254 4248//221 4249//222
f 4295//236 4262//203 4263//204
f 4282//255 4249//222 4250//223
f 4296//237 4263//204 4264//205
f 4283//256 4250//223 4251//2362
f 4297//238 4264//205 4265//206
f 4284//257 4251//2362 4252//225
f 4298//2367 4265//206 4266//207
f 4285//258 4252//225 4253//226
f 4299//240 4266//207 4267//2365
f 4286//259 4253//226 4254//2363
f 4300//241 4267//2365 4268//209
f 4287//260 4254//2363 4255//228
f 4301//242 4268//209 4269//210
f 4288//261 4255//228 4256//229
f 4302//243 4269//210 4270//2366
f 4289//262 4256//229 4257//230
f 4276//249 4243//216 4244//217
f 4303//244 4270//2366 4271//212
f 4290//263 4257//230 4258//231
f 4277//250 4244//217 4245//218
f 4304//245 4271//212 4272//213
f 4291//232 4258//231 4259//2364
f 4278//251 4245//218 4246//219
f 4305//246 4272//213 4273//214
f 4300//241 4331//272 4299//240
f 4287//260 4318//291 4286//259
f 4333//274 4300//241 4301//242
f 4288//261 4319//292 4287//260
f 4334//275 4301//242 4302//243
f 4289//262 4320//293 4288//261
f 4308//281 4275//248 4276//249
f 4303//244 4334//275 4302//243
f 4322//295 4289//262 4290//263
f 4309//282 4276//249 4277//250
f 4336//277 4303//244 4304//245
f 4291//232 4322//295 4290//263
f 4310//283 4277//250 4278//251
f 4337//278 4304//245 4305//246
f 4292//233 4323//264 4291//232
f 4311//284 4278//251 4279//252
f 4338//279 4305//246 4306//247
f 4325//266 4292//233 4293//234
f 4312//285 4279//252 4280//253
f 4275//248 4338//279 4306//247
f 4326//267 4293//234 4294//235
f 4313//286 4280//253 4281//254
f 4295//236 4326//267 4294//235
f 4314//287 4281//254 4282//255
f 4328//269 4295//236 4296//237
f 4283//256 4314//287 4282//255
f 4329//270 4296//237 4297//238
f 4284//257 4315//288 4283//256
f 4298//2367 4329//270 4297//238
f 4317//290 4284//257 4285//258
f 4331//272 4298//2367 4299//240
f 4318//291 4285//258 4286//259
f 4341//314 4335//276 4336//277
f 4314//287 4364//305 4313//286
f 4343//316 4333//274 4334//275
f 4309//282 4369//310 4308//281
f 4327//268 4351//324 4326//267
f 4320//293 4358//299 4319//292
f 4322//295 4356//297 4321//294
f 4313//286 4365//306 4312//285
f 4344//317 4332//273 4333//274
f 4335//276 4343//316 4334//275
f 4326//267 4352//325 4325//266
f 4319//292 4359//300 4318//291
f 4356//297 4320//293 4321//294
f 4307//280 4339//312 4338//279
f 4345//2368 4331//272 4332//273
f 4312//285 4366//307 4311//284
f 4359//300 4317//290 4318//291
f 4352//325 4324//265 4325//266
f 4346//319 4330//271 4331//272
f 4338//279 4340//313 4337//278
f 4360//301 4316//289 4317//290
f 4366//307 4310//283 4311//284
f 4347//320 4329//270 4330//271
f 4353//326 4323//264 4324//265
f 4361//2369 4315//288 4316//289
f 4337//278 4341//314 4336//277
f 4348//321 4328//269 4329//270
f 4367//308 4309//282 4310//283
f 4315//288 4363//304 4314//287
f 4323//264 4355//296 4322//295
f 4349//322 4327//268 4328//269
f 4369//310 4307//280 4308//281
f 4367//308 4400//341 4368//309
f 4373//346 4342//315 4341//314
f 4369//310 4402//343 4370//311
f 4388//329 4357//298 4356//297
f 4375//348 4344//317 4343//316
f 4376//2370 4345//2368 4344//317
f 4362//303 4395//336 4363//304
f 4345//2368 4378//351 4346//319
f 4364//305 4397//338 4365//306
f 4390//331 4359//300 4358//299
f 4379//352 4348//321 4347//320
f 4349//322 4382//355 4350//323
f 4378//351 4347//320 4346//319
f 4402//343 4339//312 4370//311
f 4360//301 4393//2372 4361//2369
f 4351//324 4384//357 4352//325
f 4385//358 4354//327 4353//326
f 4348//321 4381//354 4349//322
f 4387//328 4356//297 4355//296
f 4398//339 4367//308 4366//307
f 4357//298 4390//331 4358//299
f 4350//323 4383//356 4351//324
f 4372//345 4341//314 4340//313
f 4391//332 4360//301 4359//300
f 4393//2372 4362//303 4361//2369
f 4384//357 4353//326 4352//325
f 4368//309 4401//2373 4369//310
f 4363//304 4396//337 4364//305
f 4342//315 4375//348 4343//316
f 4397//338 4366//307 4365//306
f 4354//327 4387//328 4355//296
f 4371//344 4340//313 4339//312
f 4400//341 4433//374 4401//2373
f 4385//358 4418//391 4386//359
f 4374//347 4407//380 4375//348
f 4419//360 4388//329 4387//328
f 4433//374 4402//343 4401//2373
f 4421//362 4390//331 4389//330
f 4408//381 4377//350 4376//2370
f 4391//332 4424//365 4392//2371
f 4410//383 4379//352 4378//351
f 4393//2372 4426//367 4394//335
f 4380//353 4413//386 4381//354
f 4395//336 4428//369 4396//337
f 4382//355 4415//388 4383//356
f 4397//338 4430//371 4398//339
f 4403//376 4372//345 4371//344
f 4416//389 4385//358 4384//357
f 4431//372 4400//341 4399//340
f 4405//378 4374//347 4373//346
f 4418//391 4387//328 4386//359
f 4426//367 4395//336 4394//335
f 4407//380 4376//2370 4375//348
f 4388//329 4421//362 4389//330
f 4428//369 4397//338 4396//337
f 4377//350 4410//383 4378//351
f 4390//331 4423//364 4391//332
f 4402//343 4403//376 4371//344
f 4411//384 4380//353 4379//352
f 4424//365 4393//2372 4392//2371
f 4430//371 4399//340 4398//339
f 4413//386 4382//355 4381//354
f 4372//345 4405//378 4373//346
f 4383//356 4416//389 4384//357
f 4440//413 4409//382 4408//381
f 4423//364 4456//397 4424//365
f 4442//415 4411//384 4410//383
f 4425//366 4458//399 4426//367
f 4444//417 4413//386 4412//385
f 4459//400 4428//369 4427//368
f 4446//419 4415//388 4414//387
f 4461//402 4430//371 4429//370
f 4403//376 4436//409 4404//377
f 4448//421 4417//390 4416//389
f 4431//372 4464//405 4432//373
f 4437//410 4406//379 4405//378
f 4450//423 4419//360 4418//391
f 4458//399 4427//368 4426//367
f 4407//380 4440//413 4408//381
f 4420//361 4453//394 4421//362
f 4428//369 4461//402 4429//370
f 4409//382 4442//415 4410//383
f 4422//363 4455//396 4423//364
f 4466//407 4403//376 4434//375
f 4411//384 4444//417 4412//385
f 4456//397 4425//366 4424//365
f 4430//371 4463//404 4431//372
f 4413//386 4446//419 4414//387
f 4436//409 4405//378 4404//377
f 4415//388 4448//421 4416//389
f 4432//373 4465//406 4433//374
f 4417//390 4450//423 4418//391
f 4406//379 4439//412 4407//380
f 4451//392 4420//361 4419//360
f 4465//406 4434//375 4433//374
f 4453//394 4422//363 4421//362
f 4452//393 4444//417 4436//409
f 4269//210 4494//435 4270//2366
f 4256//229 4481//454 4257//230
f 4243//216 4468//441 4244//217
f 4494//435 4271//212 4270//2366
f 4257//230 4482//455 4258//231
f 4468//441 4245//218 4244//217
f 4271//212 4496//437 4272//213
f 4482//455 4259//2364 4258//231
f 4469//442 4246//219 4245//218
f 4272//213 4497//438 4273//214
f 4483//424 4260//201 4259//2364
f 4246//219 4471//444 4247//220
f 4497//438 4274//215 4273//214
f 4260//201 4485//426 4261//202
f 4247//220 4472//445 4248//221
f 4498//439 4243//216 4274//215
f 4485//426 4262//203 4261//202
f 4472//445 4249//222 4248//221
f 4486//427 4263//204 4262//203
f 4249//222 4474//447 4250//223
f 4263//204 4488//429 4264//205
f 4474//447 4251//2362 4250//223
f 4488//429 4265//206 4264//205
f 4251//2362 4476//449 4252//225
f 4489//430 4266//207 4265//206
f 4252//225 4477//450 4253//226
f 4266//207 4491//432 4267//2365
f 4253//226 4478//451 4254//2363
f 4491//432 4268//209 4267//2365
f 4254//2363 4479//452 4255//228
f 4492//433 4269//210 4268//209
f 4479//452 4256//229 4255//228
f 4511//484 4480//453 4479//452
f 4525//466 4494//435 4493//434
f 4512//485 4481//454 4480//453
f 4499//472 4468//441 4467//440
f 4526//467 4495//436 4494//435
f 4513//486 4482//455 4481//454
f 4500//473 4469//442 4468//441
f 4527//468 4496//437 4495//436
f 4514//487 4483//424 4482//455
f 4501//474 4470//443 4469//442
f 4528//469 4497//438 4496//437
f 4515//456 4484//425 4483//424
f 4502//475 4471//444 4470//443
f 4529//470 4498//439 4497//438
f 4516//457 4485//426 4484//425
f 4503//476 4472//445 4471//444
f 4530//471 4467//440 4498//439
f 4517//458 4486//427 4485//426
f 4504//477 4473//446 4472//445
f 4518//459 4487//428 4486//427
f 4505//478 4474//447 4473//446
f 4519//460 4488//429 4487//428
f 4506//479 4475//448 4474//447
f 4520//461 4489//430 4488//429
f 4507//480 4476//449 4475//448
f 4521//462 4490//431 4489//430
f 4508//481 4477//450 4476//449
f 4522//463 4491//432 4490//431
f 4509//482 4478//451 4477//450
f 4523//2376 4492//433 4491//432
f 4510//483 4479//452 4478//451
f 4524//465 4493//434 4492//433
f 4021//78 4539//499 4235//197
f 4539//499 4028//2346 4235//197
f 4222//52 4538//2377 4224//2358
f 4220//51 4537//52 4222//52
f 4218//50 4536//51 4220//51
f 4215//49 4535//50 4218//50
f 4212//48 4534//49 4215//49
f 4209//47 4533//48 4212//48
f 4204//184 4532//47 4209//47
f 4548//2379 4036//61 4238//198
f 4548//2379 4226//2359 4237//199
f 4234//58 4540//59 4207//59
f 4232//57 4547//58 4234//58
f 4230//56 4546//57 4232//57
f 4228//191 4545//56 4230//56
f 4226//2359 4544//55 4228//191
f 4208//60 4542//494 4211//181
f 4207//59 4541//60 4208//60
f 4203//183 4557//2381 4242//194
f 4045//2349 4557//2381 4241//195
f 4233//188 4550//40 4205//40
f 4231//2361 4556//39 4233//188
f 4216//44 4549//491 4203//183
f 4213//43 4554//44 4216//44
f 4210//42 4553//43 4213//43
f 4206//41 4552//42 4210//42
f 4205//40 4551//41 4206//41
f 4229//2360 4566//490 4239//193
f 4566//490 4214//182 4239//193
f 4227//36 4565//2382 4229//2360
f 4225//35 4564//36 4227//36
f 4223//34 4563//35 4225//35
f 4221//33 4562//34 4223//34
f 4219//32 4561//33 4221//33
f 4217//2357 4560//32 4219//32
f 4214//182 4559//31 4217//2357
f 3974//2340 5188//2511 5186//2509
f 5103//2448 5184//2507 5183//543
f 4586//2401 3971//2337 4583//2398
f 3975//2341 5178//2504 4570//2386
f 4571//2387 1341//1062 3974//2340
f 4569//2385 4573//2389 3970//2336
f 1347//1068 4574//1561 3982//1080
f 3983//2344 4572//2388 3973//2339
f 4572//2388 5670//2931 5666//2927
f 4568//2384 4578//2393 3971//2337
f 5145//2478 5209//2523 5208//2522
f 5212//2526 3895//2297 5207//2521
f 4601//2412 5657//2918 5672//2933
f 3981//2343 4579//2394 3972//2338
f 3261//2151 4583//2398 2655//2100
f 5117//2460 5210//2524 5207//2521
f 4591//2406 5671//2932 5669//2930
f 2673//2111 4584//2399 2656//2101
f 3284//2173 4586//2401 3261//2151
f 3283//2172 4602//2413 3284//2173
f 4590//2405 4581//2396 4568//2384
f 4589//2404 4600//2411 4590//2405
f 4569//2385 4598//2409 4576//2391
f 4591//2406 4598//2409 4592//2407
f 5142//1578 4571//2387 5140//2477
f 5143//1577 4596//1578 5142//1578
f 4587//2402 4570//2386 4567//2383
f 4588//2403 4594//1578 4587//2402
f 4602//2413 4568//2384 4586//2401
f 4601//2412 4590//2405 4602//2413
f 4576//2391 4587//2402 4567//2383
f 4597//2408 4587//2402 4598//2409
f 4596//1578 1947//1062 4571//2387
f 4595//1577 1971//1578 4596//1578
f 5128//2006 1987//1590 4610//1590
f 5121//2464 5108//2453 5130//2469
f 4670//590 4646//566 4647//567
f 5110//2454 4603//2414 4609//1590
f 5118//2461 4607//2416 4613//2418
f 4656//608 4632//584 4633//585
f 4669//589 4645//2424 4646//566
f 5122//2465 5116//2459 5134//2473
f 4655//607 4631//583 4632//584
f 4645//2424 4667//540 4644//2423
f 4654//606 4630//582 4631//583
f 4644//2423 4666//541 4643//563
f 5117//2460 3895//2297 3310//2188
f 2496//1993 4610//1590 1987//1590
f 4630//582 4652//2425 4629//2422
f 4666//541 4642//562 4643//563
f 5126//2006 4603//2414 5121//2464
f 5152//2006 4610//1590 5144//1590
f 4637//557 4806//199 4808//193
f 4648//568 5086//40 5087//41
f 4635//587 5076//59 5077//60
f 4622//574 5067//497 5068//47
f 4649//569 5087//41 5088//42
f 4636//556 5077//60 5078//494
f 4623//575 5068//47 5069//48
f 4650//570 5088//42 5089//43
f 4624//576 5069//48 5070//49
f 4651//571 5089//43 5090//44
f 4638//558 5094//488 5095//31
f 4625//577 5070//49 5071//50
f 4620//572 5090//44 5085//491
f 4639//559 5095//31 5096//32
f 4626//578 5071//50 5072//51
f 4640//560 5096//32 5097//33
f 4627//579 5072//51 5073//52
f 4641//561 5097//33 5098//34
f 4628//2421 5073//52 5074//2377
f 4642//562 5098//34 5099//35
f 4643//563 5099//35 5100//36
f 4630//582 5079//2378 5080//55
f 4644//2423 5100//36 5101//2382
f 4631//583 5080//55 5081//56
f 4629//2422 4803//196 4806//199
f 4632//584 5081//56 5082//57
f 4646//566 5091//2380 5092//39
f 4633//585 5082//57 5083//58
f 4647//567 5092//39 5086//40
f 4634//586 5083//58 5076//59
f 4657//609 4633//585 4634//586
f 4621//573 4619//595 4620//572
f 4671//591 4647//567 4648//568
f 4635//587 4657//609 4634//586
f 4622//574 4618//2420 4621//573
f 4649//569 4671//591 4648//568
f 4659//555 4635//587 4636//556
f 4623//575 4617//597 4622//574
f 4673//593 4649//569 4650//570
f 4660//554 4636//556 4637//557
f 4612//599 4623//575 4624//576
f 4651//571 4673//593 4650//570
f 4661//553 4637//557 4638//558
f 4625//577 4612//599 4624//576
f 4620//572 4674//594 4651//571
f 4662//552 4638//558 4639//559
f 4606//601 4625//577 4626//578
f 4663//547 4639//559 4640//560
f 4605//602 4626//578 4627//579
f 4664//546 4640//560 4641//561
f 4628//2421 4605//602 4627//579
f 4642//562 4664//546 4641//561
f 4629//2422 4604//2415 4628//2421
f 4740//543 4697//613 4739//543
f 4742//543 4688//640 4741//543
f 4743//543 4698//612 4740//543
f 4688//640 4744//543 4741//543
f 4700//620 4743//543 4745//543
f 4685//637 4746//543 4747//543
f 4701//621 4745//543 4748//543
f 4681//629 4749//543 4750//543
f 4691//619 4751//543 4752//543
f 4684//636 4753//543 4746//543
f 4702//622 4748//543 4754//543
f 4749//543 4683//627 4755//543
f 4751//543 4689//2428 4742//543
f 4753//543 4676//634 4756//543
f 4703//623 4754//543 4757//543
f 4676//634 4758//543 4756//543
f 4704//624 4757//543 4759//543
f 4677//2427 4760//543 4758//543
f 4705//2429 4759//543 4761//543
f 4678//632 4762//543 4760//543
f 4706//626 4761//543 4763//543
f 4687//639 4764//543 4744//543
f 4679//631 4765//543 4762//543
f 4755//543 4706//626 4763//543
f 4686//638 4747//543 4764//543
f 4767//543 4693//617 4766//543
f 4680//630 4750//543 4765//543
f 4693//617 4768//543 4766//543
f 4769//543 4694//616 4767//543
f 4696//614 4769//543 4770//543
f 4692//618 4752//543 4768//543
f 4739//543 4696//614 4770//543
f 4133//55 4707//670 4708//668
f 4109//35 4709//667 4710//669
f 4134//56 4708//668 4711//666
f 4110//34 4712//665 4709//667
f 4125//47 4713//658 4714//655
f 4135//57 4711//666 4715//664
f 4111//33 4716//663 4712//665
f 4124//46 4717//661 4713//658
f 4136//58 4715//664 4718//662
f 4112//32 4719//650 4716//663
f 4123//45 4720//660 4717//661
f 4137//59 4718//662 4721//659
f 4113//31 4722//649 4719//650
f 4122//44 4723//657 4720//660
f 4138//60 4721//659 4724//656
f 4114//30 4725//653 4722//649
f 4121//43 4726//654 4723//657
f 4115//29 4724//656 4725//653
f 4126//48 4714//655 4727//652
f 4120//42 4728//651 4726//654
f 4127//49 4727//652 4729//648
f 4119//41 4730//647 4728//651
f 4128//50 4729//648 4731//645
f 4118//40 4732//644 4730//647
f 4129//51 4731//645 4733//646
f 4117//39 4734//643 4732//644
f 4130//52 4733//646 4735//674
f 4116//38 4736//673 4734//643
f 4131//53 4735//674 4737//672
f 4107//37 4738//671 4736//673
f 4132//54 4737//672 4707//670
f 4108//36 4710//669 4738//671
f 4738//671 4677//2427 4676//634
f 4707//670 4699//611 4700//620
f 4736//673 4676//634 4675//635
f 4737//672 4698//612 4699//611
f 4734//643 4675//635 4684//636
f 4735//674 4697//613 4698//612
f 4685//637 4734//643 4684//636
f 4733//646 4696//614 4697//613
f 4730//647 4685//637 4686//638
f 4731//645 4695//615 4696//614
f 4728//651 4686//638 4687//639
f 4729//648 4694//616 4695//615
f 4726//654 4687//639 4688//640
f 4727//652 4693//617 4694//616
f 4683//627 4724//656 4706//626
f 4723//657 4688//640 4689//2428
f 4682//628 4725//653 4683//627
f 4706//626 4721//659 4705//2429
f 4720//660 4689//2428 4690//642
f 4681//629 4722//649 4682//628
f 4705//2429 4718//662 4704//624
f 4691//619 4720//660 4690//642
f 4680//630 4719//650 4681//629
f 4704//624 4715//664 4703//623
f 4692//618 4717//661 4691//619
f 4712//665 4680//630 4679//631
f 4703//623 4711//666 4702//622
f 4693//617 4713//658 4692//618
f 4678//632 4712//665 4679//631
f 4702//622 4708//668 4701//621
f 4710//669 4678//632 4677//2427
f 4701//621 4707//670 4700//620
f 4665//542 4770//543 4664//546
f 4660//554 4752//543 4659//555
f 4770//543 4663//547 4664//546
f 4663//547 4767//543 4662//552
f 4661//553 4768//543 4660//554
f 4616//598 4750//543 4617//597
f 4662//552 4766//543 4661//553
f 4654//606 4747//543 4653//605
f 4755//543 4674//594 4619//595
f 4612//599 4765//543 4616//598
f 4655//607 4764//543 4654//606
f 4763//543 4673//593 4674//594
f 4611//600 4762//543 4612//599
f 4761//543 4672//592 4673//593
f 4606//601 4760//543 4611//600
f 4672//592 4757//543 4671//591
f 4605//602 4758//543 4606//601
f 4671//591 4754//543 4670//590
f 4753//543 4605//602 4604//2415
f 4658//610 4742//543 4657//609
f 4749//543 4619//595 4618//2420
f 4754//543 4669//589 4670//590
f 4746//543 4604//2415 4652//2425
f 4659//555 4751//543 4658//610
f 4617//597 4749//543 4618//2420
f 4748//543 4668//2426 4669//589
f 4653//605 4746//543 4652//2425
f 4745//543 4667//540 4668//2426
f 4656//608 4744//543 4655//607
f 4743//543 4666//541 4667//540
f 4742//543 4656//608 4657//609
f 4740//543 4665//542 4666//541
f 4775//59 4001//58 4002//59
f 4773//40 4014//39 4015//40
f 4802//58 4000//57 4001//58
f 4801//188 4013//38 4014//39
f 4800//57 3999//56 4000//57
f 4799//2433 4012//37 4013//38
f 4798//56 3998//55 3999//56
f 4797//2432 4011//36 4012//37
f 4796//191 3997//54 3998//55
f 4795//36 4010//35 4011//36
f 4794//2431 3996//53 3997//54
f 4793//35 4009//34 4010//35
f 4792//2430 3995//52 3996//53
f 4791//34 4008//33 4009//34
f 4790//52 3994//51 3995//52
f 4789//33 4007//32 4008//33
f 4788//51 3993//50 3994//51
f 4787//32 4006//31 4007//32
f 4771//677 4019//44 3988//45
f 4786//50 3992//49 3993//50
f 4785//2357 4005//30 4006//31
f 4784//44 4018//43 4019//44
f 4783//49 3991//48 3992//49
f 4782//676 4004//29 4005//30
f 4781//43 4017//42 4018//43
f 4780//48 3990//47 3991//48
f 4779//675 4003//60 4004//29
f 4778//42 4016//41 4017//42
f 4777//47 3989//46 3990//47
f 4776//60 4002//59 4003//60
f 4774//41 4015//40 4016//41
f 4772//678 3988//45 3989//46
f 5075//499 4792//2430 4804//197
f 5084//2379 4629//2422 4806//199
f 4804//197 4794//2431 4805//198
f 4805//198 4782//676 4807//192
f 5102//490 4637//557 4808//193
f 5084//2379 4779//675 4805//198
f 4804//197 4807//192 4810//195
f 4808//193 4803//196 4809//194
f 4644//2423 4809//194 4645//2424
f 5093//2381 4799//2433 5091//2380
f 5102//490 4644//2423 5101//2382
f 4810//195 4797//2432 4799//2433
f 5075//499 4772//678 5067//497
f 5093//2381 4620//572 5085//491
f 4804//197 4771//677 4772//678
f 4620//572 4803//196 4621//573
f 4827//2436 4860//716 4828//684
f 4814//702 4847//735 4815//703
f 4841//697 4874//730 4842//698
f 4828//684 4861//717 4829//685
f 4815//703 4848//736 4816//704
f 4842//698 4843//731 4811//699
f 4829//685 4862//718 4830//686
f 4816//704 4849//737 4817//705
f 4830//686 4863//719 4831//687
f 4817//705 4850//738 4818//706
f 4831//687 4864//720 4832//688
f 4818//706 4851//739 4819//2434
f 4832//688 4865//721 4833//689
f 4819//2434 4852//740 4820//708
f 4833//689 4866//2439 4834//690
f 4820//708 4853//741 4821//709
f 4834//690 4867//723 4835//2437
f 4821//709 4854//742 4822//2435
f 4835//2437 4868//724 4836//692
f 4822//2435 4855//743 4823//711
f 4836//692 4869//725 4837//693
f 4823//711 4856//744 4824//712
f 4837//693 4870//726 4838//2438
f 4824//712 4857//745 4825//713
f 4811//699 4844//732 4812//700
f 4838//2438 4871//727 4839//695
f 4825//713 4858//746 4826//714
f 4812//700 4845//733 4813//701
f 4839//695 4872//728 4840//696
f 4826//714 4859//715 4827//2436
f 4813//701 4846//734 4814//702
f 4840//696 4873//729 4841//697
f 4868//724 4899//755 4900//756
f 4854//742 4887//775 4855//743
f 4868//724 4901//757 4869//725
f 4856//744 4887//775 4888//776
f 4869//725 4902//758 4870//726
f 4856//744 4889//777 4857//745
f 4843//731 4876//764 4844//732
f 4870//726 4903//759 4871//727
f 4857//745 4890//778 4858//746
f 4844//732 4877//765 4845//733
f 4871//727 4904//760 4872//728
f 4858//746 4891//747 4859//715
f 4845//733 4878//766 4846//734
f 4872//728 4905//761 4873//729
f 4860//716 4891//747 4892//748
f 4846//734 4879//767 4847//735
f 4873//729 4906//762 4874//730
f 4860//716 4893//749 4861//717
f 4847//735 4880//768 4848//736
f 4843//731 4906//762 4875//763
f 4861//717 4894//750 4862//718
f 4848//736 4881//769 4849//737
f 4863//719 4894//750 4895//751
f 4849//737 4882//770 4850//738
f 4863//719 4896//752 4864//720
f 4851//739 4882//770 4883//771
f 4864//720 4897//753 4865//721
f 4851//739 4884//772 4852//740
f 4865//721 4898//754 4866//2439
f 4852//740 4885//773 4853//741
f 4866//2439 4899//755 4867//723
f 4853//741 4886//774 4854//742
f 4904//760 4910//798 4909//797
f 4882//770 4932//788 4931//787
f 4901//757 4911//799 4902//758
f 4877//765 4937//793 4936//792
f 4895//751 4919//807 4918//806
f 4888//776 4926//782 4925//781
f 4889//777 4923//779 4890//778
f 4881//769 4933//789 4932//788
f 4900//756 4912//800 4901//757
f 4903//759 4911//799 4910//798
f 4894//750 4920//808 4919//807
f 4887//775 4927//783 4926//782
f 4888//776 4924//780 4889//777
f 4906//762 4938//794 4875//763
f 4899//755 4913//801 4900//756
f 4880//768 4934//790 4933//789
f 4885//773 4927//783 4886//774
f 4892//748 4920//808 4893//749
f 4898//754 4914//802 4899//755
f 4905//761 4907//795 4906//762
f 4884//772 4928//784 4885//773
f 4878//766 4934//790 4879//767
f 4897//753 4915//803 4898//754
f 4891//747 4921//809 4892//748
f 4883//771 4929//2440 4884//772
f 4905//761 4909//797 4908//796
f 4896//752 4916//804 4897//753
f 4878//766 4936//792 4935//791
f 4883//771 4931//787 4930//786
f 4891//747 4923//779 4922//810
f 4895//751 4917//805 4896//752
f 4875//763 4937//793 4876//764
f 4935//791 4968//824 4967//823
f 4910//798 4941//829 4909//797
f 4937//793 4970//826 4969//825
f 4925//781 4956//812 4924//780
f 4911//799 4944//2441 4943//831
f 4913//801 4944//2441 4912//800
f 4930//786 4963//819 4962//818
f 4914//802 4945//833 4913//801
f 4932//788 4965//821 4964//820
f 4927//783 4958//814 4926//782
f 4916//804 4947//835 4915//803
f 4917//805 4950//838 4949//837
f 4915//803 4946//834 4914//802
f 4938//794 4939//827 4970//826
f 4928//784 4961//2443 4960//2442
f 4919//807 4952//840 4951//839
f 4922//810 4953//841 4921//809
f 4917//805 4948//836 4916//804
f 4924//780 4955//811 4923//779
f 4935//791 4966//822 4934//790
f 4925//781 4958//814 4957//813
f 4918//806 4951//839 4950//838
f 4909//797 4940//828 4908//796
f 4928//784 4959//815 4927//783
f 4930//786 4961//2443 4929//2440
f 4921//809 4952//840 4920//808
f 4936//792 4969//825 4968//824
f 4932//788 4963//819 4931//787
f 4910//798 4943//831 4942//830
f 4934//790 4965//821 4933//789
f 4922//810 4955//811 4954//842
f 4908//796 4939//827 4907//795
f 4968//824 5001//857 5000//856
f 4953//841 4986//874 4985//873
f 4942//830 4975//863 4974//862
f 4956//812 4987//843 4955//811
f 4970//826 5001//857 4969//825
f 4958//814 4989//845 4957//813
f 4945//833 4976//864 4944//2441
f 4959//815 4992//848 4991//847
f 4947//835 4978//866 4946//834
f 4961//2443 4994//850 4993//849
f 4948//836 4981//869 4980//868
f 4964//820 4995//851 4963//819
f 4950//838 4983//871 4982//870
f 4966//822 4997//853 4965//821
f 4939//827 4972//860 4971//859
f 4953//841 4984//872 4952//840
f 4968//824 4999//855 4967//823
f 4942//830 4973//861 4941//829
f 4955//811 4986//874 4954//842
f 4963//819 4994//850 4962//818
f 4944//2441 4975//863 4943//831
f 4956//812 4989//845 4988//844
f 4965//821 4996//852 4964//820
f 4945//833 4978//866 4977//865
f 4958//814 4991//847 4990//846
f 4939//827 5002//858 4970//826
f 4948//836 4979//867 4947//835
f 4961//2443 4992//848 4960//2442
f 4967//823 4998//854 4966//822
f 4950//838 4981//869 4949//837
f 4940//828 4973//861 4972//860
f 4951//839 4984//872 4983//871
f 4977//865 5008//896 4976//864
f 4992//848 5023//879 4991//847
f 4979//867 5010//898 4978//866
f 4993//849 5026//882 5025//881
f 4981//869 5012//900 4980//868
f 4996//852 5027//883 4995//851
f 4983//871 5014//902 4982//870
f 4998//854 5029//2446 4997//853
f 4971//859 5004//892 5003//891
f 4985//873 5016//904 4984//872
f 5000//856 5031//887 4999//855
f 4974//862 5005//893 4973//861
f 4987//843 5018//906 4986//874
f 4995//851 5026//882 4994//850
f 4975//863 5008//896 5007//895
f 4988//844 5021//877 5020//876
f 4997//853 5028//884 4996//852
f 4977//865 5010//898 5009//897
f 4990//846 5023//879 5022//878
f 4971//859 5034//890 5002//858
f 4979//867 5012//900 5011//899
f 4993//849 5024//880 4992//848
f 4998//854 5031//887 5030//886
f 4982//870 5013//2444 4981//869
f 4973//861 5004//892 4972//860
f 4983//871 5016//904 5015//903
f 5000//856 5033//2447 5032//888
f 4985//873 5018//906 5017//2445
f 4974//862 5007//895 5006//894
f 4988//844 5019//875 4987//843
f 5002//858 5033//2447 5001//857
f 4990//846 5021//877 4989//845
f 5018//906 5026//882 5034//890
f 4837//693 5062//918 5061//917
f 4824//712 5049//937 5048//936
f 4811//699 5036//924 5035//923
f 4839//695 5062//918 4838//2438
f 4825//713 5050//938 5049//937
f 4813//701 5036//924 4812//700
f 4839//695 5064//920 5063//919
f 4827//2436 5050//938 4826//714
f 4814//702 5037//925 4813//701
f 4840//696 5065//921 5064//920
f 4828//684 5051//907 4827//2436
f 4814//702 5039//927 5038//926
f 4842//698 5065//921 4841//697
f 4828//684 5053//909 5052//908
f 4815//703 5040//928 5039//927
f 4811//699 5066//922 4842//698
f 4830//686 5053//909 4829//685
f 4817//705 5040//928 4816//704
f 4831//687 5054//910 4830//686
f 4817//705 5042//930 5041//929
f 4831//687 5056//912 5055//911
f 4819//2434 5042//930 4818//706
f 4833//689 5056//912 4832//688
f 4819//2434 5044//932 5043//931
f 4834//690 5057//913 4833//689
f 4820//708 5045//933 5044//932
f 4834//690 5059//915 5058//914
f 4822//2435 5045//933 4821//709
f 4836//692 5059//915 4835//2437
f 4822//2435 5047//935 5046//934
f 4837//693 5060//916 4836//692
f 4824//712 5047//935 4823//711
f 5048//936 4511//484 5047//935
f 5062//918 4525//466 5061//917
f 5049//937 4512//485 5048//936
f 5036//924 4499//472 5035//923
f 5063//919 4526//467 5062//918
f 5050//938 4513//486 5049//937
f 5037//925 4500//473 5036//924
f 5064//920 4527//468 5063//919
f 5051//907 4514//487 5050//938
f 5038//926 4501//474 5037//925
f 5065//921 4528//469 5064//920
f 5052//908 4515//456 5051//907
f 5039//927 4502//475 5038//926
f 5066//922 4529//470 5065//921
f 5053//909 4516//457 5052//908
f 5040//928 4503//476 5039//927
f 5035//923 4530//471 5066//922
f 5054//910 4517//458 5053//909
f 5041//929 4504//477 5040//928
f 5055//911 4518//459 5054//910
f 5042//930 4505//478 5041//929
f 5056//912 4519//460 5055//911
f 5043//931 4506//479 5042//930
f 5057//913 4520//461 5056//912
f 5044//932 4507//480 5043//931
f 5058//914 4521//462 5057//913
f 5045//933 4508//481 5044//932
f 5059//915 4522//463 5058//914
f 5046//934 4509//482 5045//933
f 5060//916 4523//2376 5059//915
f 5047//935 4510//483 5046//934
f 5061//917 4524//465 5060//916
f 4621//573 5075//499 5067//497
f 4628//2421 5075//499 4803//196
f 5074//2377 4790//52 4792//2430
f 5073//52 4788//51 4790//52
f 5072//51 4786//50 4788//51
f 5071//50 4783//49 4786//50
f 5070//49 4780//48 4783//49
f 5069//48 4777//47 4780//48
f 5068//47 4772//678 4777//47
f 4636//556 5084//2379 4806//199
f 4794//2431 5084//2379 4805//198
f 5076//59 4802//58 4775//59
f 5083//58 4800//57 4802//58
f 5082//57 4798//56 4800//57
f 5081//56 4796//191 4798//56
f 5080//55 4794//2431 4796//191
f 5078//494 4776//60 4779//675
f 5077//60 4775//59 4776//60
f 4771//677 5093//2381 5085//491
f 4645//2424 5093//2381 5091//2380
f 5086//40 4801//188 4773//40
f 5092//39 4799//2433 4801//188
f 5085//491 4784//44 4771//677
f 5090//44 4781//43 4784//44
f 5089//43 4778//42 4781//43
f 5088//42 4774//41 4778//42
f 5087//41 4773//40 4774//41
f 4797//2432 5102//490 5101//2382
f 4782//676 5102//490 4807//192
f 5101//2382 4795//36 4797//2432
f 5100//36 4793//35 4795//36
f 5099//35 4791//34 4793//35
f 5098//34 4789//33 4791//34
f 5097//33 4787//32 4789//33
f 5096//32 4785//2357 4787//32
f 5095//31 4782//676 4785//2357
f 3974//2340 5185//2508 4571//2387
f 5103//2448 5182//2506 5106//2451
f 3971//2337 5119//2462 4583//2398
f 4567//2383 5180//2505 4576//2391
f 1341//1062 5107//2452 3974//2340
f 4573//2389 5105//2450 3970//2336
f 5160//2490 5222//2077 5218//2077
f 1992//543 5109//1993 2496//1993
f 4615//2419 5108//2453 5110//2454
f 5130//2469 4608//2417 5124//2467
f 4578//2393 5104//2449 3971//2337
f 3982//1080 5197//1080 5196//1080
f 5132//2471 4607//2416 5122//2465
f 4613//2418 5112//2456 5114//2457
f 4583//2398 3803//2227 2655//2100
f 5113//1996 5209//2523 5149//2482
f 5134//2473 3300//2185 3822//2244
f 3311//2189 5116//2459 5118//2461
f 5119//2462 3823//2245 3803//2227
f 5135//2474 3822//2244 3823//2245
f 5115//2458 5123//2466 5104//2449
f 5133//2472 5122//2465 5123//2466
f 5111//2455 5125//2468 5105//2450
f 5125//2468 5130//2469 5124//2467
f 5107//2452 5151//2007 5147//2480
f 5129//2007 5152//2006 5151//2007
f 5106//2451 5120//2463 5103//2448
f 5127//2007 5121//2464 5120//2463
f 5104//2449 5135//2474 5119//2462
f 5123//2466 5134//2473 5135//2474
f 5103//2448 5131//2470 5111//2455
f 5131//2470 5121//2464 5130//2469
f 2490//1062 5129//2007 5107//2452
f 2512//2007 5128//2006 5129//2007
f 5151//2007 5126//2006 5127//2007
f 5147//2480 5127//2007 5106//2451
f 3310//2188 5150//2483 5117//2460
f 2500//1996 5206//1996 5113//1996
f 4614//543 5148//2481 5109//1993
f 5136//2475 5106//2451 3975//2341
f 5126//2006 5144//1590 4609//1590
f 5109//1993 5144//1590 4610//1590
f 5145//2478 5210//2524 5150//2483
f 4593//1577 5142//1578 4594//1578
f 4594//1578 5140//2477 4570//2386
f 5198//2517 4577//2392 4582//2397
f 3982//1080 5141//1561 5139//1080
f 4570//2386 5136//2475 3975//2341
f 4593//1577 5137//1063 5143//1577
f 4574//1561 5137//1063 5141//1561
f 1347//1068 5196//1080 2589//1080
f 4585//2400 3899//2299 5202//2519
f 5215//2074 5155//2486 5216//2075
f 5160//2490 5173//2500 5175//2502
f 5215//2074 5169//2496 5219//2078
f 5166//2494 5221//2076 5217//2076
f 5110//2454 5168//2495 5157//2488
f 5157//2488 5167//2495 5158//2488
f 5158//2488 5166//2494 5217//2076
f 5161//2491 5160//2490 5218//2077
f 5148//2481 5163//2492 5168//2495
f 5168//2495 5164//2492 5167//2495
f 5167//2495 5165//2493 5166//2494
f 5110//2454 5162//2491 4615//2419
f 5157//2488 5161//2491 5162//2491
f 5158//2488 5160//2490 5161//2491
f 5173//2500 5170//2497 5175//2502
f 5176//2503 5169//2496 5172//2499
f 5175//2502 5219//2078 5222//2077
f 5221//2076 5172//2499 5220//2079
f 5156//2487 5169//2496 5153//2484
f 5154//2485 5171//2498 5155//2486
f 5166//2494 5174//2501 5176//2503
f 5155//2486 5220//2079 5216//2075
f 3975//2341 5182//2506 5177//1005
f 4573//2389 5184//2507 5111//2455
f 4567//2383 5178//2504 5179//180
f 4573//2389 5180//2505 5181//1002
f 5187//2510 5186//2509 5190//2513
f 5186//2509 5189//2512 5190//2513
f 5136//2475 5187//2510 5190//2513
f 5147//2480 5188//2511 5107//2452
f 5140//2477 5185//2508 5187//2510
f 5136//2475 5189//2512 5147//2480
f 3981//2343 5202//2519 5195//2516
f 5234//2087 2611//180 2633//2087
f 1989//180 5193//180 5201//180
f 5232//2532 5195//2516 5202//2519
f 5228//2528 5200//2518 5195//2516
f 2585//180 5199//180 5193//180
f 3931//180 5231//2531 3936//2312
f 1176//180 5201//180 3897//180
f 2600//2066 5206//1996 2599//2065
f 2600//2066 5211//2525 5205//2520
f 5205//2520 5209//2523 5206//1996
f 5207//2521 5208//2522 5205//2520
f 3897//180 5204//180 3898//180
f 5193//180 5203//180 5194//180
f 5201//180 5194//180 5204//180
f 5233//2086 5197//1080 5235//2088
f 2608//543 5211//2525 2604//2066
f 1288//543 5212//2526 2608//543
f 4580//2395 4577//2392 3983//2344
f 4580//2395 3966//2334 5138//2476
f 3980//2342 5192//2515 5191//2514
f 3966//2334 3980//2342 5138//2476
f 4577//2392 3980//2342 5191//2514
f 4582//2397 3969//2335 3966//2334
f 5199//180 5214//180 5203//180
f 5238//2534 5200//2518 5230//2530
f 2584//180 5213//180 5199//180
f 5113//1996 5146//2479 4614//543
f 5125//2468 5132//2471 5133//2472
f 5105//2450 5133//2472 5115//2458
f 3970//2336 5115//2458 4578//2393
f 2500//1996 4614//543 1992//543
f 5124//2467 5112//2456 5132//2471
f 5114//2457 4608//2417 4615//2419
f 4599//2410 4592//2407 4600//2411
f 4600//2411 4569//2385 4581//2396
f 4581//2396 3970//2336 4578//2393
f 5198//2517 3966//2334 5200//2518
f 3293//2178 5659//2920 3287//2176
f 4580//2395 3973//2339 4579//2394
f 5149//2482 4615//2419 5146//2479
f 5203//180 5226//180 5224//180
f 5225//180 3898//180 5204//180
f 5194//180 5224//180 5223//180
f 5204//180 5223//180 5225//180
f 5197//1080 5238//2534 5235//2088
f 5156//2487 5220//2079 5172//2499
f 5173//2500 5220//2079 5171//2498
f 5222//2077 5169//2496 5174//2501
f 5161//2491 5165//2493 5164//2492
f 5162//2491 5164//2492 5163//2492
f 4615//2419 5163//2492 5146//2479
f 5158//2488 5217//2076 5159//2489
f 5159//2489 5221//2076 5173//2500
f 5154//2485 5219//2078 5170//2497
f 5153//2484 5216//2075 5156//2487
f 5139//1080 5198//2517 5197//1080
f 3847//543 5118//2461 5150//2483
f 5145//2478 5114//2457 5149//2482
f 5218//2077 5174//2501 5165//2493
f 5148//2481 4609//1590 5144//1590
f 5150//2483 4613//2418 5145//2478
f 5139//1080 4575//2390 3983//2344
f 5141//1561 3976//1063 4575//2390
f 5236//2087 5226//180 5214//180
f 5233//2086 5247//2086 5245//2086
f 5226//180 5229//2529 5224//180
f 2632//2086 5245//2086 2646//2088
f 5213//180 5236//2087 5214//180
f 5234//2087 5248//2087 5236//2087
f 3937//2313 5202//2519 3899//2299
f 5228//2528 5244//2540 5240//2536
f 5223//180 5229//2529 5227//2527
f 5238//2534 5242//2538 5250//2542
f 5225//180 5227//2527 5231//2531
f 5231//2531 5239//2535 5243//2539
f 5196//1080 2632//2086 2589//1080
f 5237//2533 5241//2537 5229//2529
f 5247//2086 5249//2541 5248//2087
f 5249//2541 5242//2538 5241//2537
f 5246//2087 5247//2086 5248//2087
f 3950//2322 5244//2540 3951//2323
f 5239//2535 5242//2538 5240//2536
f 5243//2539 5240//2536 5244//2540
f 5245//2086 2647//2087 2646//2088
f 2633//2087 5246//2087 5234//2087
f 5232//2532 3951//2323 5244//2540
f 3936//2312 5243//2539 3950//2322
f 5236//2087 5249//2541 5237//2533
f 5227//2527 5241//2537 5239//2535
f 5235//2088 5250//2542 5247//2086
f 5230//2530 5240//2536 5242//2538
f 5258//2550 5255//2547 5253//2545
f 5251//2543 5253//2545 5252//2544
f 5256//2548 5258//2550 5251//2543
f 5258//2550 5257//2549 5254//2546
f 5255//2547 5264//2556 5253//2545
f 5253//2545 5260//2552 5252//2544
f 5264//2556 5262//2554 5260//2552
f 5264//2556 5263//2555 5265//2557
f 5268//2560 5270//2562 5266//2558
f 5266//2558 5251//2543 5252//2544
f 5270//2562 5256//2548 5251//2543
f 5270//2562 5269//2561 5271//2563
f 5274//2566 5268//2560 5266//2558
f 5260//2552 5266//2558 5252//2544
f 5262//2554 5274//2566 5260//2552
f 5274//2566 5273//2565 5272//2564
f 2526//2017 5282//2574 5281//2573
f 2491//1988 5282//2574 2514//2009
f 1186//962 5278//2570 1200//972
f 1162//941 5277//2569 5276//2568
f 652//536 4//4 612//501
f 1350//1071 5280//2572 2491//1988
f 1985//1588 1161//940 1973//1580
f 1350//1071 1180//956 629//517
f 1200//972 5277//2569 1188//964
f 613//502 4//4 640//528
f 13//13 5276//2568 1967//1574
f 13//13 1964//1571 613//502
f 1186//962 5281//2573 5279//2571
f 1948//1556 1161//940 1180//956
f 638//526 612//501 2508//2003
f 638//526 632//520 1985//1588
f 5293//2585 5309//2601 5328//2620
f 629//517 5320//2612 5318//2610
f 5286//2578 5324//2616 5305//2597
f 5294//2586 5330//2622 5329//2621
f 632//520 5302//2594 1161//940
f 5286//2578 5299//2591 5283//2575
f 5298//2590 5330//2622 5295//2587
f 629//517 5314//2606 5280//2572
f 5288//2580 5301//2593 5284//2576
f 612//501 5317//2609 5300//2592
f 5293//2585 5311//2603 5298//2590
f 5276//2568 5316//2608 5308//2600
f 5285//2577 5322//2614 5303//2595
f 5279//2571 5310//2602 5278//2570
f 5285//2577 5307//2599 5296//2588
f 2508//2003 5319//2611 632//520
f 5310//2602 5348//2640 5316//2608
f 5322//2614 5358//2650 5354//2646
f 5318//2610 5352//2644 5350//2642
f 5309//2601 5359//2651 5341//2633
f 5319//2611 5334//2626 5302//2594
f 5325//2617 5355//2647 5323//2615
f 5318//2610 5346//2638 5314//2606
f 5324//2616 5333//2625 5356//2648
f 5300//2592 5349//2641 5332//2624
f 5325//2617 5361//2653 5357//2649
f 5308//2600 5348//2640 5340//2632
f 5299//2591 5358//2650 5326//2618
f 5315//2607 5342//2634 5310//2602
f 5306//2598 5351//2643 5319//2611
f 5307//2599 5359//2651 5327//2619
f 5314//2606 5345//2637 5313//2605
f 5278//2570 5316//2608 5277//2569
f 5296//2588 5327//2619 5292//2584
f 1964//1571 5317//2609 4//4
f 5283//2575 5326//2618 5291//2583
f 1967//1574 5308//2600 5304//2596
f 5290//2582 5329//2621 5325//2617
f 1967//1574 5321//2613 1964//1571
f 5289//2581 5301//2593 5324//2616
f 5279//2571 5312//2604 5315//2607
f 5290//2582 5323//2615 5288//2580
f 1180//956 5302//2594 5320//2612
f 5297//2589 5327//2619 5309//2601
f 5281//2573 5313//2605 5312//2604
f 2508//2003 5300//2592 5306//2598
f 5287//2579 5326//2618 5322//2614
f 5280//2572 5313//2605 5282//2574
f 5344//2636 5362//2654 5343//2635
f 5346//2638 5362//2654 5345//2637
f 5347//2639 5341//2633 5342//2634
f 5340//2632 5359//2651 5339//2631
f 5332//2624 5358//2650 5331//2623
f 5350//2642 5361//2653 5346//2638
f 5351//2643 5333//2625 5334//2626
f 5350//2642 5355//2647 5357//2649
f 5342//2634 5359//2651 5348//2640
f 5353//2645 5358//2650 5349//2641
f 5336//2628 5339//2631 5335//2627
f 5336//2628 5354//2646 5353//2645
f 5347//2639 5343//2635 5360//2652
f 5352//2644 5333//2625 5355//2647
f 5338//2630 5331//2623 5337//2629
f 5338//2630 5356//2648 5351//2643
f 5303//2595 5339//2631 5307//2599
f 5321//2613 5349//2641 5317//2609
f 5303//2595 5354//2646 5335//2627
f 5304//2596 5340//2632 5336//2628
f 5328//2620 5343//2635 5311//2603
f 5304//2596 5353//2645 5321//2613
f 5323//2615 5333//2625 5301//2593
f 5311//2603 5362//2654 5330//2622
f 5315//2607 5344//2636 5347//2639
f 5305//2597 5331//2623 5299//2591
f 5329//2621 5362//2654 5361//2653
f 5320//2612 5334//2626 5352//2644
f 5305//2597 5356//2648 5337//2629
f 5312//2604 5345//2637 5344//2636
f 5328//2620 5341//2633 5360//2652
f 5306//2598 5332//2624 5338//2630
f 5371//2663 5402//2694 5370//2662
f 5385//2677 5416//2708 5384//2676
f 5404//2696 5371//2663 5372//2664
f 5418//2710 5385//2677 5386//2678
f 5405//2697 5372//2664 5373//2665
f 5387//2679 5418//2710 5386//2678
f 5374//2666 5405//2697 5373//2665
f 5420//2712 5387//2679 5388//2680
f 5407//2699 5374//2666 5375//2667
f 5389//2681 5420//2712 5388//2680
f 5408//2700 5375//2667 5376//2668
f 5422//2714 5389//2681 5390//2682
f 5377//2669 5408//2700 5376//2668
f 5396//2688 5363//2655 5364//2656
f 5423//2715 5390//2682 5391//2683
f 5378//2670 5409//2701 5377//2669
f 5365//2657 5396//2688 5364//2656
f 5392//2684 5423//2715 5391//2683
f 5411//2703 5378//2670 5379//2671
f 5398//2690 5365//2657 5366//2658
f 5425//2717 5392//2684 5393//2685
f 5380//2672 5411//2703 5379//2671
f 5399//2691 5366//2658 5367//2659
f 5426//2718 5393//2685 5394//2686
f 5413//2705 5380//2672 5381//2673
f 5368//2660 5399//2691 5367//2659
f 5363//2655 5426//2718 5394//2686
f 5414//2706 5381//2673 5382//2674
f 5401//2693 5368//2660 5369//2661
f 5415//2707 5382//2674 5383//2675
f 5370//2662 5401//2693 5369//2661
f 5384//2676 5415//2707 5383//2675
f 5430//2722 5397//2689 5398//2690
f 5457//2749 5424//2716 5425//2717
f 5444//2736 5411//2703 5412//2704
f 5431//2723 5398//2690 5399//2691
f 5458//2750 5425//2717 5426//2718
f 5445//2737 5412//2704 5413//2705
f 5432//2724 5399//2691 5400//2692
f 5427//2719 5426//2718 5395//2687
f 5446//2738 5413//2705 5414//2706
f 5433//2725 5400//2692 5401//2693
f 5447//2739 5414//2706 5415//2707
f 5434//2726 5401//2693 5402//2694
f 5448//2740 5415//2707 5416//2708
f 5435//2727 5402//2694 5403//2695
f 5449//2741 5416//2708 5417//2709
f 5436//2728 5403//2695 5404//2696
f 5450//2742 5417//2709 5418//2710
f 5437//2729 5404//2696 5405//2697
f 5451//2743 5418//2710 5419//2711
f 5438//2730 5405//2697 5406//2698
f 5452//2744 5419//2711 5420//2712
f 5439//2731 5406//2698 5407//2699
f 5453//2745 5420//2712 5421//2713
f 5440//2732 5407//2699 5408//2700
f 5454//2746 5421//2713 5422//2714
f 5441//2733 5408//2700 5409//2701
f 5428//2720 5395//2687 5396//2688
f 5455//2747 5422//2714 5423//2715
f 5442//2734 5409//2701 5410//2702
f 5429//2721 5396//2688 5397//2689
f 5456//2748 5423//2715 5424//2716
f 5443//2735 5410//2702 5411//2703
f 5465//2757 5432//2724 5433//2725
f 5479//2771 5446//2738 5447//2739
f 5434//2726 5465//2757 5433//2725
f 5448//2740 5479//2771 5447//2739
f 5467//2759 5434//2726 5435//2727
f 5481//2773 5448//2740 5449//2741
f 5436//2728 5467//2759 5435//2727
f 5450//2742 5481//2773 5449//2741
f 5469//2761 5436//2728 5437//2729
f 5483//2775 5450//2742 5451//2743
f 5438//2730 5469//2761 5437//2729
f 5452//2744 5483//2775 5451//2743
f 5471//2763 5438//2730 5439//2731
f 5485//2777 5452//2744 5453//2745
f 5440//2732 5471//2763 5439//2731
f 5454//2746 5485//2777 5453//2745
f 5473//2765 5440//2732 5441//2733
f 5428//2720 5459//2751 5427//2719
f 5487//2779 5454//2746 5455//2747
f 5442//2734 5473//2765 5441//2733
f 5461//2753 5428//2720 5429//2721
f 5456//2748 5487//2779 5455//2747
f 5475//2767 5442//2734 5443//2735
f 5430//2722 5461//2753 5429//2721
f 5489//2781 5456//2748 5457//2749
f 5444//2736 5475//2767 5443//2735
f 5431//2723 5462//2754 5430//2722
f 5458//2750 5489//2781 5457//2749
f 5477//2769 5444//2736 5445//2737
f 5432//2724 5463//2755 5431//2723
f 5459//2751 5458//2750 5427//2719
f 5446//2738 5477//2769 5445//2737
f 5500//2744 5467//2759 5468//2760
f 5514//2726 5481//2773 5482//2774
f 5501//2745 5468//2760 5469//2761
f 5515//2727 5482//2774 5483//2775
f 5502//2746 5469//2761 5470//2762
f 5516//2728 5483//2775 5484//2776
f 5503//2747 5470//2762 5471//2763
f 5517//2729 5484//2776 5485//2777
f 5504//2748 5471//2763 5472//2764
f 5518//2730 5485//2777 5486//2778
f 5505//2749 5472//2764 5473//2765
f 5492//2736 5459//2751 5460//2752
f 5519//2731 5486//2778 5487//2779
f 5506//2750 5473//2765 5474//2766
f 5493//2737 5460//2752 5461//2753
f 5520//2732 5487//2779 5488//2780
f 5507//2719 5474//2766 5475//2767
f 5494//2738 5461//2753 5462//2754
f 5521//2733 5488//2780 5489//2781
f 5508//2720 5475//2767 5476//2768
f 5495//2739 5462//2754 5463//2755
f 5522//2734 5489//2781 5490//2782
f 5509//2783 5476//2768 5477//2769
f 5496//2740 5463//2755 5464//2756
f 5491//2735 5490//2782 5459//2751
f 5510//2722 5477//2769 5478//2770
f 5497//2741 5464//2756 5465//2757
f 5511//2723 5478//2770 5479//2771
f 5498//2742 5465//2757 5466//2758
f 5512//2724 5479//2771 5480//2772
f 5499//2743 5466//2758 5467//2759
f 5513//2725 5480//2772 5481//2773
f 5535//2796 5502//2746 5503//2747
f 5549//2810 5516//2728 5517//2729
f 5504//2748 5535//2796 5503//2747
f 5518//2730 5549//2810 5517//2729
f 5537//2798 5504//2748 5505//2749
f 5492//2736 5523//2784 5491//2735
f 5551//2812 5518//2730 5519//2731
f 5506//2750 5537//2798 5505//2749
f 5525//2786 5492//2736 5493//2737
f 5520//2732 5551//2812 5519//2731
f 5539//2800 5506//2750 5507//2719
f 5494//2738 5525//2786 5493//2737
f 5553//2814 5520//2732 5521//2733
f 5508//2720 5539//2800 5507//2719
f 5495//2739 5526//2787 5494//2738
f 5522//2734 5553//2814 5521//2733
f 5541//2802 5508//2720 5509//2783
f 5496//2740 5527//2788 5495//2739
f 5523//2784 5522//2734 5491//2735
f 5510//2722 5541//2802 5509//2783
f 5529//2790 5496//2740 5497//2741
f 5543//2804 5510//2722 5511//2723
f 5498//2742 5529//2790 5497//2741
f 5512//2724 5543//2804 5511//2723
f 5531//2792 5498//2742 5499//2743
f 5545//2806 5512//2724 5513//2725
f 5500//2744 5531//2792 5499//2743
f 5514//2726 5545//2806 5513//2725
f 5533//2794 5500//2744 5501//2745
f 5547//2808 5514//2726 5515//2727
f 5502//2746 5533//2794 5501//2745
f 5516//2728 5547//2808 5515//2727
f 5538//2799 5569//2830 5537//2798
f 5557//2818 5524//2785 5525//2786
f 5552//2813 5583//2844 5551//2812
f 5571//2832 5538//2799 5539//2800
f 5558//2819 5525//2786 5526//2787
f 5585//2846 5552//2813 5553//2814
f 5572//2833 5539//2800 5540//2801
f 5559//2820 5526//2787 5527//2788
f 5586//2847 5553//2814 5554//2815
f 5573//2834 5540//2801 5541//2802
f 5528//2789 5559//2820 5527//2788
f 5555//2816 5554//2815 5523//2784
f 5574//2835 5541//2802 5542//2803
f 5561//2822 5528//2789 5529//2790
f 5575//2836 5542//2803 5543//2804
f 5562//2823 5529//2790 5530//2791
f 5544//2805 5575//2836 5543//2804
f 5563//2824 5530//2791 5531//2792
f 5545//2806 5576//2837 5544//2805
f 5532//2793 5563//2824 5531//2792
f 5546//2807 5577//2838 5545//2806
f 5533//2794 5564//2825 5532//2793
f 5579//2840 5546//2807 5547//2808
f 5534//2795 5565//2826 5533//2794
f 5548//2809 5579//2840 5547//2808
f 5567//2828 5534//2795 5535//2796
f 5581//2842 5548//2809 5549//2810
f 5568//2829 5535//2796 5536//2797
f 5550//2811 5581//2842 5549//2810
f 5569//2830 5536//2797 5537//2798
f 5524//2785 5555//2816 5523//2784
f 5583//2844 5550//2811 5551//2812
f 5605//2866 5572//2833 5573//2834
f 5592//2853 5559//2820 5560//2821
f 5587//2848 5586//2847 5555//2816
f 5606//2867 5573//2834 5574//2835
f 5593//2854 5560//2821 5561//2822
f 5607//2868 5574//2835 5575//2836
f 5562//2823 5593//2854 5561//2822
f 5576//2837 5607//2868 5575//2836
f 5563//2824 5594//2855 5562//2823
f 5609//2870 5576//2837 5577//2838
f 5596//2857 5563//2824 5564//2825
f 5610//2871 5577//2838 5578//2839
f 5597//2858 5564//2825 5565//2826
f 5611//2872 5578//2839 5579//2840
f 5566//2827 5597//2858 5565//2826
f 5580//2841 5611//2872 5579//2840
f 5599//2860 5566//2827 5567//2828
f 5581//2842 5612//2873 5580//2841
f 5568//2829 5599//2860 5567//2828
f 5582//2843 5613//2874 5581//2842
f 5569//2830 5600//2861 5568//2829
f 5588//2849 5555//2816 5556//2817
f 5615//2876 5582//2843 5583//2844
f 5602//2863 5569//2830 5570//2831
f 5557//2818 5588//2849 5556//2817
f 5584//2845 5615//2876 5583//2844
f 5571//2832 5602//2863 5570//2831
f 5590//2851 5557//2818 5558//2819
f 5585//2846 5616//2877 5584//2845
f 5572//2833 5603//2864 5571//2832
f 5559//2820 5590//2851 5558//2819
f 5586//2847 5617//2878 5585//2846
f 5608//2869 5639//2900 5607//2868
f 5595//2856 5626//2887 5594//2855
f 5641//2902 5608//2869 5609//2870
f 5596//2857 5627//2888 5595//2856
f 5610//2871 5641//2902 5609//2870
f 5629//2890 5596//2857 5597//2858
f 5643//2904 5610//2871 5611//2872
f 5630//2891 5597//2858 5598//2859
f 5612//2873 5643//2904 5611//2872
f 5631//2892 5598//2859 5599//2860
f 5645//2906 5612//2873 5613//2874
f 5600//2861 5631//2892 5599//2860
f 5646//2907 5613//2874 5614//2875
f 5633//2894 5600//2861 5601//2862
f 5620//2881 5587//2848 5588//2849
f 5615//2876 5646//2907 5614//2875
f 5634//2895 5601//2862 5602//2863
f 5621//2882 5588//2849 5589//2850
f 5616//2877 5647//2908 5615//2876
f 5603//2864 5634//2895 5602//2863
f 5622//2883 5589//2850 5590//2851
f 5649//2910 5616//2877 5617//2878
f 5604//2865 5635//2896 5603//2864
f 5591//2852 5622//2883 5590//2851
f 5618//2879 5649//2910 5617//2878
f 5605//2866 5636//2897 5604//2865
f 5592//2853 5623//2884 5591//2852
f 5619//2880 5618//2879 5587//2848
f 5606//2867 5637//2898 5605//2866
f 5593//2854 5624//2885 5592//2853
f 5639//2900 5606//2867 5607//2868
f 5594//2855 5625//2886 5593//2854
f 5635//2896 5643//2904 5619//2880
f 5655//2916 5675//2936 5653//2914
f 5651//2912 5674//2935 5652//2913
f 5670//2931 5688//2948 5666//2927
f 5660//2921 5676//2937 5682//2942
f 5671//2932 5691//2951 5669//2930
f 5661//2922 5681//2941 5683//2943
f 5672//2933 5690//2950 5668//2929
f 5662//2923 5680//2940 5684//2944
f 5669//2930 5692//2952 5670//2931
f 5659//2920 5682//2942 5681//2941
f 4572//2388 5665//2926 3973//2339
f 4589//2404 5672//2933 5668//2929
f 3278//2167 5656//2917 5651//2912
f 3273//2162 5652//2913 5655//2916
f 3295//2180 5658//2919 3285//2174
f 3287//2176 5661//2922 3295//2180
f 4584//2399 5656//2917 2656//2101
f 3285//2174 5662//2923 3297//2182
f 4597//2408 5669//2930 5670//2931
f 4579//2394 5664//2925 3972//2338
f 2664//2106 5651//2912 5652//2913
f 2665//2107 5655//2916 5653//2914
f 5680//2940 5673//2934 5684//2944
f 5682//2942 5675//2936 5681//2941
f 5683//2943 5674//2935 5680//2940
f 5684//2944 5678//2939 5679//2299
f 5681//2941 5677//2938 5683//2943
f 5685//2945 5690//2950 5694//2954
f 5687//2947 5692//2952 5691//2951
f 5686//2946 5693//2953 5690//2950
f 5678//2939 5694//2954 5679//2299
f 5689//2949 5691//2951 5693//2953
f 5667//2928 5687//2947 5689//2949
f 5653//2914 5676//2937 5654//2915
f 5663//2924 5686//2946 5685//2945
f 5652//2913 5677//2938 5655//2916
f 5665//2926 5688//2948 5687//2947
f 5657//2918 5684//2944 5679//2299
f 5657//2918 5694//2954 5672//2933
f 5656//2917 5673//2934 5651//2912
f 5664//2925 5689//2949 5686//2946
f 5658//2919 5683//2943 5680//2940
f 5668//2929 5693//2953 5671//2932
f 5656//2917 5685//2945 5678//2939
f 645//523 19//3 3//3
f 617//506 1//1 634//522
f 89//87 112//110 113//111
f 621//509 18//3 1//1
f 631//519 24//22 14//14
f 75//73 98//96 99//97
f 88//86 111//109 112//110
f 630//518 14//14 639//527
f 74//72 97//95 98//96
f 87//85 110//108 111//109
f 74//72 73//71 96//94
f 87//85 86//84 109//107
f 628//516 623//511 1257//1014
f 24//22 1267//1018 1273//1020
f 1282//1025 1280//1024 1290//1030
f 618//507 3//3 19//3
f 73//71 72//70 95//93
f 86//84 85//83 108//106
f 1//1 18//3 643//523
f 1208//523 1202//3 19//3
f 281//195 79//77 80//78
f 593//56 90//88 91//89
f 583//43 77//75 78//76
f 574//488 64//62 65//63
f 594//57 91//89 92//90
f 584//44 78//76 79//77
f 575//31 65//63 66//64
f 595//58 92//90 93//91
f 576//32 66//64 67//65
f 596//59 93//91 94//92
f 601//497 80//78 81//79
f 577//33 67//65 68//66
f 597//60 94//92 63//61
f 602//47 81//79 82//80
f 578//34 68//66 69//67
f 603//48 82//80 83//81
f 579//35 69//67 70//68
f 604//49 83//81 84//82
f 580//36 70//68 71//69
f 605//50 84//82 85//83
f 606//51 85//83 86//84
f 586//492 72//70 73//71
f 607//52 86//84 87//85
f 587//39 73//71 74//72
f 278//192 71//69 72//70
f 588//40 74//72 75//73
f 598//495 88//86 89//87
f 589//41 75//73 76//74
f 599//55 89//87 90//88
f 590//42 76//74 77//75
f 76//74 99//97 100//98
f 64//62 63//61 30//28
f 91//89 90//88 113//111
f 78//76 77//75 100//98
f 65//63 64//62 29//27
f 92//90 91//89 114//112
f 79//77 78//76 101//99
f 66//64 65//63 28//26
f 93//91 92//90 115//113
f 79//77 102//100 103//101
f 66//64 27//25 21//19
f 93//91 116//114 117//115
f 80//78 103//101 104//102
f 68//66 67//65 21//19
f 94//92 117//115 30//28
f 81//79 104//102 105//103
f 68//66 20//18 9//9
f 82//80 105//103 106//104
f 69//67 9//9 8//8
f 83//81 106//104 107//105
f 70//68 8//8 6//6
f 85//83 84//82 107//105
f 72//70 71//69 6//6
f 215//180 214//180 140//138
f 217//180 216//180 131//129
f 218//180 215//180 141//139
f 219//180 130//128 131//129
f 218//180 142//140 143//141
f 221//180 127//125 128//126
f 220//180 143//141 144//142
f 224//180 125//123 124//122
f 226//180 133//131 134//132
f 228//180 118//116 127//125
f 223//180 144//142 145//143
f 230//180 126//124 125//123
f 226//180 217//180 132//130
f 228//180 231//180 119//117
f 229//180 145//143 146//144
f 233//180 120//118 119//117
f 232//180 146//144 147//145
f 235//180 121//119 120//118
f 234//180 147//145 148//146
f 237//180 122//120 121//119
f 236//180 148//146 149//147
f 239//180 129//127 130//128
f 240//180 123//121 122//120
f 230//180 238//180 149//147
f 222//180 128//126 129//127
f 241//180 136//134 137//135
f 225//180 124//122 123//121
f 243//180 135//133 136//134
f 244//180 242//180 137//135
f 244//180 138//136 139//137
f 227//180 134//132 135//133
f 214//180 245//180 139//137
f 182//148 175//38 176//39
f 184//150 153//50 152//51
f 183//149 176//39 177//40
f 187//153 154//49 153//50
f 188//154 167//30 168//31
f 186//152 177//40 178//41
f 191//157 155//48 154//49
f 192//158 166//29 167//30
f 190//156 178//41 179//42
f 194//160 156//47 155//48
f 195//161 165//60 166//29
f 193//159 179//42 180//43
f 197//163 157//46 156//47
f 198//164 164//59 165//60
f 196//162 180//43 181//44
f 200//166 158//45 157//46
f 201//167 163//58 164//59
f 199//165 181//44 158//45
f 189//155 168//31 169//32
f 203//169 162//57 163//58
f 202//168 169//32 170//33
f 205//171 161//56 162//57
f 204//170 170//33 171//34
f 207//173 160//55 161//56
f 206//172 171//34 172//35
f 209//175 159//54 160//55
f 208//174 172//35 173//36
f 211//177 150//53 159//54
f 210//176 173//36 174//37
f 213//179 151//52 150//53
f 212//178 174//37 175//38
f 185//151 152//51 151//52
f 120//118 185//151 213//179
f 142//140 212//178 182//148
f 119//117 213//179 211//177
f 141//139 210//176 212//178
f 127//125 118//116 211//177
f 140//138 208//174 210//176
f 128//126 127//125 209//175
f 140//138 139//137 206//172
f 128//126 207//173 205//171
f 138//136 204//170 206//172
f 129//127 205//171 203//169
f 137//135 202//168 204//170
f 130//128 203//169 201//167
f 136//134 189//155 202//168
f 126//124 149//147 199//165
f 131//129 201//167 198//164
f 125//123 126//124 200//166
f 149//147 148//146 196//162
f 132//130 198//164 195//161
f 124//122 125//123 197//163
f 148//146 147//145 193//159
f 134//132 133//131 195//161
f 123//121 124//122 194//160
f 147//145 146//144 190//156
f 135//133 134//132 192//158
f 123//121 191//157 187//153
f 146//144 145//143 186//152
f 136//134 135//133 188//154
f 121//119 122//120 187//153
f 145//143 144//142 183//149
f 120//118 121//119 184//150
f 144//142 143//141 182//148
f 108//106 107//105 245//180
f 103//101 102//100 227//180
f 106//104 244//180 245//180
f 106//104 105//103 242//180
f 104//102 103//101 243//180
f 27//25 28//26 225//180
f 105//103 104//102 241//180
f 97//95 96//94 222//180
f 117//115 238//180 230//180
f 21//19 27//25 240//180
f 98//96 97//95 239//180
f 116//114 236//180 238//180
f 20//18 21//19 237//180
f 115//113 234//180 236//180
f 9//9 20//18 235//180
f 115//113 114//112 232//180
f 8//8 9//9 233//180
f 114//112 113//111 229//180
f 8//8 231//180 228//180
f 101//99 100//98 217//180
f 30//28 230//180 224//180
f 112//110 223//180 229//180
f 6//6 228//180 221//180
f 102//100 101//99 226//180
f 28//26 29//27 224//180
f 111//109 220//180 223//180
f 96//94 95//93 221//180
f 110//108 218//180 220//180
f 99//97 98//96 219//180
f 109//107 215//180 218//180
f 99//97 216//180 217//180
f 108//106 214//180 215//180
f 44//42 277//42 250//43
f 57//55 276//191 248//56
f 43//41 275//41 277//42
f 56//54 274//190 276//191
f 42//40 273//40 275//41
f 55//53 272//189 274//190
f 41//39 271//188 273//40
f 54//52 270//52 272//189
f 40//38 269//187 271//188
f 53//51 268//51 270//52
f 39//37 267//186 269//187
f 52//50 266//50 268//51
f 38//36 265//36 267//186
f 51//49 264//49 266//50
f 37//35 263//35 265//36
f 50//48 262//48 264//49
f 36//34 261//34 263//35
f 49//47 260//185 262//48
f 62//60 259//60 246//181
f 35//33 258//33 261//34
f 48//46 257//184 260//185
f 61//59 256//59 259//60
f 34//32 255//32 258//33
f 47//45 254//183 257//184
f 60//58 253//58 256//59
f 33//31 252//31 255//32
f 46//44 251//44 254//183
f 59//57 249//57 253//58
f 32//30 247//182 252//31
f 45//43 250//43 251//44
f 58//56 248//56 249//57
f 31//29 246//181 247//182
f 582//490 279//193 267//186
f 591//493 281//195 72//70
f 279//193 280//194 269//187
f 280//194 282//196 257//184
f 609//499 283//197 80//78
f 591//493 280//194 254//183
f 282//196 280//194 279//193
f 283//197 284//198 278//192
f 87//85 88//86 284//198
f 274//190 285//199 600//496
f 87//85 283//197 609//499
f 272//189 282//196 285//199
f 247//182 279//193 582//490
f 63//61 284//198 600//496
f 246//181 285//199 279//193
f 63//61 64//62 278//192
f 335//249 334//248 302//216
f 322//236 321//235 289//203
f 349//263 348//262 316//230
f 336//250 335//249 303//217
f 323//237 322//236 290//204
f 318//232 349//263 317//231
f 337//251 336//250 304//218
f 324//238 323//237 291//205
f 338//252 337//251 305//219
f 325//239 324//238 292//206
f 339//253 338//252 306//220
f 326//240 325//239 293//207
f 340//254 339//253 307//221
f 327//241 326//240 294//208
f 341//255 340//254 308//222
f 328//242 327//241 295//209
f 342//256 341//255 309//223
f 329//243 328//242 296//210
f 343//257 342//256 310//224
f 330//244 329//243 297//211
f 344//258 343//257 311//225
f 331//245 330//244 298//212
f 345//259 344//258 312//226
f 332//246 331//245 299//213
f 319//233 318//232 286//200
f 346//260 345//259 313//227
f 333//247 332//246 300//214
f 320//234 319//233 287//201
f 347//261 346//260 314//228
f 334//248 333//247 301//215
f 321//235 320//234 288//202
f 348//262 347//261 315//229
f 343//257 375//289 374//288
f 330//244 362//276 361//275
f 376//290 375//289 343//257
f 331//245 363//277 362//276
f 377//291 376//290 344//258
f 364//278 363//277 331//245
f 351//265 350//264 318//232
f 346//260 378//292 377//291
f 365//279 364//278 332//246
f 352//266 351//265 319//233
f 379//293 378//292 346//260
f 366//280 365//279 333//247
f 353//267 352//266 320//234
f 380//294 379//293 347//261
f 335//249 367//281 366//280
f 354//268 353//267 321//235
f 381//295 380//294 348//262
f 368//282 367//281 335//249
f 355//269 354//268 322//236
f 318//232 350//264 381//295
f 369//283 368//282 336//250
f 356//270 355//269 323//237
f 338//252 370//284 369//283
f 357//271 356//270 324//238
f 339//253 371//285 370//284
f 358//272 357//271 325//239
f 372//286 371//285 339//253
f 359//273 358//272 326//240
f 341//255 373//287 372//286
f 328//242 360//274 359//273
f 342//256 374//288 373//287
f 361//275 360//274 328//242
f 384//298 385//299 378//292
f 357//271 406//320 407//321
f 386//300 387//301 376//290
f 352//266 411//325 412//326
f 393//307 394//308 369//283
f 363//277 400//314 401//315
f 398//312 399//313 364//278
f 356//270 407//321 408//322
f 376//290 387//301 388//302
f 378//292 385//299 386//300
f 369//283 394//308 395//309
f 362//276 401//315 402//316
f 399//313 400//314 363//277
f 413//327 382//296 381//295
f 375//289 388//302 389//303
f 408//322 409//323 354//268
f 361//275 402//316 403//317
f 395//309 396//310 367//281
f 389//303 390//304 373//287
f 382//296 383//297 380//294
f 403//317 404//318 359//273
f 354//268 409//323 410//324
f 390//304 391//305 372//286
f 396//310 397//311 366//280
f 359//273 404//318 405//319
f 380//294 383//297 384//298
f 391//305 392//306 371//285
f 410//324 411//325 352//266
f 358//272 405//319 406//320
f 366//280 397//311 398//312
f 392//306 393//307 370//284
f 412//326 413//327 350//264
f 410//324 442//356 443//357
f 416//330 417//331 385//299
f 412//326 444//358 445//359
f 431//345 432//346 400//314
f 418//332 419//333 387//301
f 419//333 420//334 388//302
f 405//319 437//351 438//352
f 388//302 420//334 421//335
f 407//321 439//353 440//354
f 433//347 434//348 402//316
f 390//304 422//336 423//337
f 392//306 424//338 425//339
f 421//335 422//336 390//304
f 445//359 414//328 382//296
f 403//317 435//349 436//350
f 426//340 427//341 395//309
f 428//342 429//343 397//311
f 423//337 424//338 392//306
f 430//344 431//345 399//313
f 441//355 442//356 410//324
f 432//346 433//347 401//315
f 425//339 426//340 394//308
f 415//329 416//330 384//298
f 434//348 435//349 403//317
f 404//318 436//350 437//351
f 395//309 427//341 428//342
f 411//325 443//357 444//358
f 438//352 439//353 407//321
f 385//299 417//331 418//332
f 440//354 441//355 409//323
f 429//343 430//344 398//312
f 414//328 415//329 383//297
f 475//389 476//390 444//358
f 428//342 460//374 461//375
f 417//331 449//363 450//364
f 430//344 462//376 463//377
f 476//390 477//391 445//359
f 464//378 465//379 433//347
f 451//365 452//366 420//334
f 466//380 467//381 435//349
f 453//367 454//368 422//336
f 468//382 469//383 437//351
f 423//337 455//369 456//370
f 438//352 470//384 471//385
f 425//339 457//371 458//372
f 472//386 473//387 441//355
f 414//328 446//360 447//361
f 459//373 460//374 428//342
f 474//388 475//389 443//357
f 448//362 449//363 417//331
f 461//375 462//376 430//344
f 437//351 469//383 470//384
f 450//364 451//365 419//333
f 431//345 463//377 464//378
f 471//385 472//386 440//354
f 420//334 452//366 453//367
f 433//347 465//379 466//380
f 445//359 477//391 446//360
f 422//336 454//368 455//369
f 467//381 468//382 436//350
f 441//355 473//387 474//388
f 456//370 457//371 425//339
f 447//361 448//362 416//330
f 426//340 458//372 459//373
f 483//397 484//398 452//366
f 498//412 499//413 467//381
f 485//399 486//400 454//368
f 468//382 500//414 501//415
f 487//401 488//402 456//370
f 470//384 502//416 503//417
f 489//403 490//404 458//372
f 504//418 505//419 473//387
f 446//360 478//392 479//393
f 491//405 492//406 460//374
f 506//420 507//421 475//389
f 480//394 481//395 449//363
f 493//407 494//408 462//376
f 501//415 502//416 470//384
f 482//396 483//397 451//365
f 463//377 495//409 496//410
f 471//385 503//417 504//418
f 452//366 484//398 485//399
f 465//379 497//411 498//412
f 509//423 478//392 446//360
f 454//368 486//400 487//401
f 499//413 500//414 468//382
f 473//387 505//419 506//420
f 456//370 488//402 489//403
f 447//361 479//393 480//394
f 458//372 490//404 491//405
f 475//389 507//421 508//422
f 460//374 492//406 493//407
f 449//363 481//395 482//396
f 494//408 495//409 463//377
f 476//390 508//422 509//423
f 464//378 496//410 497//411
f 479//393 478//392 509//423
f 509//423 508//422 507//421
f 507//421 506//420 505//419
f 505//419 504//418 503//417
f 503//417 502//416 501//415
f 501//415 500//414 499//413
f 499//413 498//412 497//411
f 497//411 496//410 495//409
f 495//409 494//408 493//407
f 493//407 492//406 491//405
f 491//405 490//404 489//403
f 489//403 488//402 487//401
f 487//401 486//400 485//399
f 485//399 484//398 483//397
f 483//397 482//396 481//395
f 481//395 480//394 479//393
f 479//393 509//423 507//421
f 507//421 505//419 503//417
f 503//417 501//415 499//413
f 499//413 497//411 495//409
f 495//409 493//407 491//405
f 491//405 489//403 487//401
f 487//401 485//399 483//397
f 483//397 481//395 479//393
f 479//393 507//421 503//417
f 503//417 499//413 495//409
f 495//409 491//405 487//401
f 487//401 483//397 479//393
f 479//393 503//417 495//409
f 312//226 536//450 537//451
f 299//213 523//437 524//438
f 286//200 510//424 511//425
f 537//451 538//452 314//228
f 300//214 524//438 525//439
f 511//425 512//426 288//202
f 314//228 538//452 539//453
f 525//439 526//440 302//216
f 512//426 513//427 289//203
f 315//229 539//453 540//454
f 526//440 527//441 303//217
f 289//203 513//427 514//428
f 540//454 541//455 317//231
f 303//217 527//441 528//442
f 290//204 514//428 515//429
f 541//455 510//424 286//200
f 528//442 529//443 305//219
f 515//429 516//430 292//206
f 529//443 530//444 306//220
f 292//206 516//430 517//431
f 306//220 530//444 531//445
f 517//431 518//432 294//208
f 531//445 532//446 308//222
f 294//208 518//432 519//433
f 532//446 533//447 309//223
f 295//209 519//433 520//434
f 309//223 533//447 534//448
f 296//210 520//434 521//435
f 534//448 535//449 311//225
f 297//211 521//435 522//436
f 535//449 536//450 312//226
f 522//436 523//437 299//213
f 554//468 555//469 523//437
f 568//482 569//483 537//451
f 555//469 556//470 524//438
f 542//456 543//457 511//425
f 569//483 570//484 538//452
f 556//470 557//471 525//439
f 543//457 544//458 512//426
f 570//484 571//485 539//453
f 557//471 558//472 526//440
f 544//458 545//459 513//427
f 571//485 572//486 540//454
f 558//472 559//473 527//441
f 545//459 546//460 514//428
f 572//486 573//487 541//455
f 559//473 560//474 528//442
f 546//460 547//461 515//429
f 573//487 542//456 510//424
f 560//474 561//475 529//443
f 547//461 548//462 516//430
f 561//475 562//476 530//444
f 548//462 549//463 517//431
f 562//476 563//477 531//445
f 549//463 550//464 518//432
f 563//477 564//478 532//446
f 550//464 551//465 519//433
f 564//478 565//479 533//447
f 551//465 552//466 520//434
f 565//479 566//480 534//448
f 552//466 553//467 521//435
f 566//480 567//481 535//449
f 553//467 554//468 522//436
f 567//481 568//482 536//450
f 64//62 574//488 582//490
f 582//490 581//489 71//69
f 265//36 580//36 581//489
f 263//35 579//35 580//36
f 261//34 578//34 579//35
f 258//33 577//33 578//34
f 255//32 576//32 577//33
f 252//31 575//31 576//32
f 247//182 574//488 575//31
f 591//493 585//491 79//77
f 591//493 586//492 269//187
f 277//42 590//42 583//43
f 275//41 589//41 590//42
f 273//40 588//40 589//41
f 271//188 587//39 588//40
f 269//187 586//492 587//39
f 251//44 584//44 585//491
f 250//43 583//43 584//44
f 246//181 592//494 600//496
f 88//86 598//495 600//496
f 276//191 599//55 593//56
f 274//190 598//495 599//55
f 259//60 597//60 592//494
f 256//59 596//59 597//60
f 253//58 595//58 596//59
f 249//57 594//57 595//58
f 248//56 593//56 594//57
f 272//189 608//498 609//499
f 609//499 601//497 257//184
f 270//52 607//52 608//498
f 268//51 606//51 607//52
f 266//50 605//50 606//51
f 264//49 604//49 605//50
f 262//48 603//48 604//49
f 260//185 602//47 603//48
f 257//184 601//497 602//47
f 16//16 1165//944 1254//1011
f 1159//939 1170//948 1250//1007
f 5286//2578 5256//2548 5271//2563
f 17//17 1243//1002 1244//1003
f 616//505 611//2 2//2
f 614//503 622//510 619//508
f 10//10 618//507 620//507
f 26//24 621//509 617//506
f 15//15 617//506 647//531
f 613//502 627//515 624//512
f 1211//976 1215//980 1285//1027
f 1291//1031 1289//1029 1258//1015
f 14//14 625//513 649//533
f 24//22 626//514 625//513
f 5286//2578 5283//2575 5259//2551
f 1178//954 1216//981 1286//1028
f 5//5 630//518 651//535
f 23//21 631//519 630//518
f 5284//2576 5269//2561 5267//2559
f 637//525 651//535 652//536
f 640//528 650//534 627//515
f 639//527 649//533 650//534
f 614//503 642//530 648//532
f 641//529 647//531 648//532
f 1207//524 646//524 616//505
f 1208//523 645//523 646//524
f 633//521 644//524 615//504
f 634//522 643//523 644//524
f 5293//2585 5298//2590 5275//2567
f 651//535 639//527 640//528
f 622//510 648//532 633//521
f 647//531 634//522 633//521
f 646//524 636//524 611//2
f 645//523 635//523 636//524
f 1193//959 1183//959 654//538
f 1182//958 653//537 1166//945
f 726//606 725//605 702//582
f 1169//947 1166//945 653//537
f 1179//955 1177//953 661//544
f 712//592 711//591 688//568
f 725//605 724//604 701//581
f 1187//963 661//544 1177//953
f 711//591 710//590 687//567
f 724//604 723//603 700//580
f 710//590 709//589 686//566
f 700//580 723//603 722//602
f 1178//954 1282//1025 1258//1015
f 1167//946 1168//946 664//538
f 686//566 709//589 708//588
f 722//602 721//601 698//578
f 1191//959 663//538 653//537
f 1218//959 1193//959 664//538
f 693//573 692//572 862//194
f 704//584 703//583 1142//56
f 691//571 690//570 1132//43
f 678//558 677//557 1123//488
f 705//585 704//584 1143//57
f 692//572 691//571 1133//44
f 679//559 678//558 1124//31
f 706//586 705//585 1144//58
f 680//560 679//559 1125//32
f 707//587 706//586 1145//59
f 694//574 693//573 1150//497
f 681//561 680//560 1126//33
f 676//556 707//587 1146//60
f 695//575 694//574 1151//47
f 682//562 681//561 1127//34
f 696//576 695//575 1152//48
f 683//563 682//562 1128//35
f 697//577 696//576 1153//49
f 684//564 683//563 1129//36
f 698//578 697//577 1154//50
f 699//579 698//578 1155//51
f 686//566 685//565 1135//492
f 700//580 699//579 1156//52
f 687//567 686//566 1136//39
f 685//565 684//564 859//193
f 688//568 687//567 1137//40
f 702//582 701//581 1147//495
f 689//569 688//568 1138//41
f 703//583 702//582 1148//55
f 690//570 689//569 1139//42
f 713//593 712//592 689//569
f 677//557 674//554 675//555
f 704//584 727//607 726//606
f 691//571 714//594 713//593
f 678//558 673//553 674//554
f 728//608 727//607 704//584
f 715//595 714//594 691//571
f 679//559 672//552 673//553
f 706//586 729//609 728//608
f 693//573 716//596 715//595
f 666//547 672//552 679//559
f 730//610 729//609 706//586
f 717//597 716//596 693//573
f 681//561 665//546 666//547
f 675//555 730//610 707//587
f 718//598 717//597 694//574
f 659//542 665//546 681//561
f 719//599 718//598 695//575
f 658//541 659//542 682//562
f 720//600 719//599 696//576
f 656//540 658//541 683//563
f 698//578 721//601 720//600
f 685//565 708//588 656//540
f 796//543 754//634 753//633
f 798//543 745//625 744//624
f 799//543 755//635 754//634
f 744//624 743//623 800//543
f 756//636 755//635 799//543
f 741//621 740//620 802//543
f 757//637 756//636 801//543
f 737//617 738//618 805//543
f 747//627 746//626 807//543
f 740//620 731//611 809//543
f 758//638 757//637 804//543
f 805//543 738//618 739//619
f 807//543 746//626 745//625
f 809//543 731//611 732//612
f 759//639 758//638 810//543
f 732//612 733//613 814//543
f 760//640 759//639 813//543
f 733//613 734//614 816//543
f 761//641 760//640 815//543
f 734//614 735//615 818//543
f 762//642 761//641 817//543
f 743//623 742//622 820//543
f 735//615 736//616 821//543
f 811//543 739//619 762//642
f 742//622 741//621 803//543
f 823//543 750//630 749//629
f 736//616 737//617 806//543
f 749//629 748//628 824//543
f 825//543 751//631 750//630
f 752//632 751//631 825//543
f 748//628 747//627 808//543
f 795//543 753//633 752//632
f 176//39 175//38 763//643
f 152//51 153//50 765//645
f 177//40 176//39 764//644
f 153//50 154//49 768//648
f 168//31 167//30 769//649
f 178//41 177//40 767//647
f 154//49 155//48 772//652
f 167//30 166//29 773//653
f 179//42 178//41 771//651
f 155//48 156//47 775//655
f 166//29 165//60 776//656
f 180//43 179//42 774//654
f 156//47 157//46 778//658
f 165//60 164//59 779//659
f 181//44 180//43 777//657
f 157//46 158//45 781//661
f 164//59 163//58 782//662
f 158//45 181//44 780//660
f 169//32 168//31 770//650
f 163//58 162//57 784//664
f 170//33 169//32 783//663
f 162//57 161//56 786//666
f 171//34 170//33 785//665
f 161//56 160//55 788//668
f 172//35 171//34 787//667
f 160//55 159//54 790//670
f 173//36 172//35 789//669
f 159//54 150//53 792//672
f 174//37 173//36 791//671
f 150//53 151//52 794//674
f 175//38 174//37 793//673
f 151//52 152//51 766//646
f 794//674 766//646 733//613
f 763//643 793//673 755//635
f 792//672 794//674 732//612
f 793//673 791//671 754//634
f 740//620 790//670 792//672
f 791//671 789//669 753//633
f 741//621 788//668 790//670
f 753//633 789//669 787//667
f 786//666 788//668 741//621
f 787//667 785//665 751//631
f 784//664 786//666 742//622
f 785//665 783//663 750//630
f 782//662 784//664 743//623
f 783//663 770//650 749//629
f 739//619 781//661 780//660
f 779//659 782//662 744//624
f 738//618 778//658 781//661
f 762//642 780//660 777//657
f 776//656 779//659 745//625
f 737//617 775//655 778//658
f 761//641 777//657 774//654
f 747//627 773//653 776//656
f 736//616 772//652 775//655
f 760//640 774//654 771//651
f 748//628 769//649 773//653
f 768//648 772//652 736//616
f 759//639 771//651 767//647
f 749//629 770//650 769//649
f 734//614 765//645 768//648
f 758//638 767//647 764//644
f 733//613 766//646 765//645
f 757//637 764//644 763//643
f 721//601 795//543 826//543
f 716//596 824//543 808//543
f 826//543 825//543 719//599
f 719//599 825//543 823//543
f 717//597 822//543 824//543
f 672//552 821//543 806//543
f 718//598 823//543 822//543
f 710//590 820//543 803//543
f 811//543 819//543 730//610
f 666//547 818//543 821//543
f 711//591 800//543 820//543
f 819//543 817//543 729//609
f 665//546 816//543 818//543
f 817//543 815//543 728//608
f 659//542 814//543 816//543
f 728//608 815//543 813//543
f 658//541 812//543 814//543
f 727//607 813//543 810//543
f 809//543 812//543 658//541
f 807//543 798//543 713//593
f 805//543 811//543 675//555
f 810//543 804//543 725//605
f 802//543 809//543 656//540
f 715//595 808//543 807//543
f 673//553 806//543 805//543
f 804//543 801//543 724//604
f 709//589 803//543 802//543
f 801//543 799//543 723//603
f 712//592 797//543 800//543
f 799//543 796//543 722//602
f 798//543 797//543 712//592
f 796//543 795//543 721//601
f 831//43 858//42 44//42
f 829//56 857//191 57//55
f 858//42 856//41 43//41
f 857//191 855//682 56//54
f 856//41 854//40 42//40
f 855//682 853//681 55//53
f 854//40 852//188 41//39
f 853//681 851//52 54//52
f 852//188 850//680 40//38
f 851//52 849//51 53//51
f 850//680 848//679 39//37
f 849//51 847//50 52//50
f 848//679 846//36 38//36
f 847//50 845//49 51//49
f 846//36 844//35 37//35
f 845//49 843//48 50//48
f 844//35 842//34 36//34
f 843//48 841//185 49//47
f 827//675 840//60 62//60
f 842//34 839//33 35//33
f 841//185 838//678 48//46
f 840//60 837//59 61//59
f 839//33 836//32 34//32
f 838//678 835//677 47//45
f 837//59 834//58 60//58
f 836//32 833//31 33//31
f 835//677 832//44 46//44
f 834//58 830//57 59//57
f 833//31 828//676 32//30
f 832//44 831//43 45//43
f 830//57 829//56 58//56
f 828//676 827//675 31//29
f 1131//490 1130//489 848//679
f 1140//493 1135//492 685//565
f 860//192 848//679 850//680
f 861//195 835//677 838//678
f 1158//499 1150//497 693//573
f 1140//493 1134//491 835//677
f 860//192 861//195 863//197
f 864//196 862//194 859//193
f 700//580 864//196 865//199
f 1149//496 866//198 855//682
f 1158//499 864//196 700//580
f 866//198 863//197 853//681
f 1131//490 860//192 828//676
f 1149//496 865//199 676//556
f 860//192 866//198 827//675
f 676//556 865//199 859//193
f 883//699 915//731 916//732
f 870//686 902//718 903//719
f 897//713 929//745 930//746
f 884//700 916//732 917//733
f 871//687 903//719 904//720
f 898//714 930//746 899//715
f 885//701 917//733 918//734
f 872//688 904//720 905//721
f 886//702 918//734 919//735
f 873//689 905//721 906//722
f 887//703 919//735 920//736
f 874//690 906//722 907//723
f 888//704 920//736 921//737
f 875//691 907//723 908//724
f 889//705 921//737 922//738
f 876//692 908//724 909//725
f 890//706 922//738 923//739
f 877//693 909//725 910//726
f 891//707 923//739 924//740
f 878//694 910//726 911//727
f 892//708 924//740 925//741
f 879//695 911//727 912//728
f 893//709 925//741 926//742
f 880//696 912//728 913//729
f 867//683 899//715 900//716
f 894//710 926//742 927//743
f 881//697 913//729 914//730
f 868//684 900//716 901//717
f 895//711 927//743 928//744
f 882//698 914//730 915//731
f 869//685 901//717 902//718
f 896//712 928//744 929//745
f 924//740 923//739 955//771
f 911//727 910//726 942//758
f 924//740 956//772 957//773
f 912//728 911//727 943//759
f 925//741 957//773 958//774
f 912//728 944//760 945//761
f 900//716 899//715 931//747
f 927//743 926//742 958//774
f 913//729 945//761 946//762
f 900//716 932//748 933//749
f 927//743 959//775 960//776
f 915//731 914//730 946//762
f 901//717 933//749 934//750
f 928//744 960//776 961//777
f 916//732 915//731 947//763
f 902//718 934//750 935//751
f 929//745 961//777 962//778
f 917//733 916//732 948//764
f 904//720 903//719 935//751
f 899//715 930//746 962//778
f 917//733 949//765 950//766
f 904//720 936//752 937//753
f 919//735 918//734 950//766
f 905//721 937//753 938//754
f 920//736 919//735 951//767
f 906//722 938//754 939//755
f 920//736 952//768 953//769
f 907//723 939//755 940//756
f 922//738 921//737 953//769
f 909//725 908//724 940//756
f 923//739 922//738 954//770
f 909//725 941//757 942//758
f 959//775 966//782 965//781
f 938//754 937//753 988//804
f 957//773 968//784 967//783
f 933//749 932//748 993//809
f 950//766 975//791 974//790
f 944//760 943//759 982//798
f 946//762 945//761 980//796
f 936//752 989//805 988//804
f 957//773 956//772 969//785
f 959//775 958//774 967//783
f 950//766 949//765 976//792
f 943//759 942//758 983//799
f 944//760 981//797 980//796
f 931//747 962//778 963//779
f 956//772 955//771 970//786
f 935//751 990//806 989//805
f 942//758 941//757 984//800
f 948//764 977//793 976//792
f 954//770 971//787 970//786
f 961//777 964//780 963//779
f 940//756 985//801 984//800
f 935//751 934//750 991//807
f 953//769 972//788 971//787
f 947//763 978//794 977//793
f 939//755 986//802 985//801
f 961//777 960//776 965//781
f 952//768 973//789 972//788
f 933//749 992//808 991//807
f 939//755 938//754 987//803
f 947//763 946//762 979//795
f 951//767 974//790 973//789
f 931//747 994//810 993//809
f 991//807 992//808 1024//840
f 966//782 998//814 997//813
f 993//809 994//810 1026//842
f 981//797 1013//829 1012//828
f 967//783 968//784 1000//816
f 969//785 1001//817 1000//816
f 986//802 987//803 1019//835
f 969//785 970//786 1002//818
f 988//804 989//805 1021//837
f 983//799 1015//831 1014//830
f 972//788 1004//820 1003//819
f 973//789 974//790 1006//822
f 971//787 1003//819 1002//818
f 963//779 995//811 1026//842
f 984//800 985//801 1017//833
f 976//792 1008//824 1007//823
f 978//794 1010//826 1009//825
f 972//788 973//789 1005//821
f 980//796 1012//828 1011//827
f 991//807 1023//839 1022//838
f 981//797 982//798 1014//830
f 975//791 1007//823 1006//822
f 964//780 965//781 997//813
f 983//799 984//800 1016//832
f 985//801 986//802 1018//834
f 977//793 1009//825 1008//824
f 992//808 993//809 1025//841
f 987//803 988//804 1020//836
f 966//782 967//783 999//815
f 990//806 1022//838 1021//837
f 978//794 979//795 1011//827
f 964//780 996//812 995//811
f 1025//841 1057//873 1056//872
f 1009//825 1010//826 1042//858
f 998//814 999//815 1031//847
f 1011//827 1012//828 1044//860
f 1026//842 1058//874 1057//873
f 1014//830 1046//862 1045//861
f 1001//817 1033//849 1032//848
f 1015//831 1016//832 1048//864
f 1003//819 1035//851 1034//850
f 1017//833 1018//834 1050//866
f 1004//820 1005//821 1037//853
f 1019//835 1020//836 1052//868
f 1006//822 1007//823 1039//855
f 1021//837 1022//838 1054//870
f 996//812 1028//844 1027//843
f 1009//825 1041//857 1040//856
f 1024//840 1056//872 1055//871
f 998//814 1030//846 1029//845
f 1011//827 1043//859 1042//858
f 1019//835 1051//867 1050//866
f 1000//816 1032//848 1031//847
f 1012//828 1013//829 1045//861
f 1021//837 1053//869 1052//868
f 1001//817 1002//818 1034//850
f 1014//830 1015//831 1047//863
f 1026//842 995//811 1027//843
f 1004//820 1036//852 1035//851
f 1017//833 1049//865 1048//864
f 1022//838 1023//839 1055//871
f 1006//822 1038//854 1037//853
f 996//812 997//813 1029//845
f 1007//823 1008//824 1040//856
f 1033//849 1065//881 1064//880
f 1048//864 1080//896 1079//895
f 1035//851 1067//883 1066//882
f 1049//865 1050//866 1082//898
f 1037//853 1069//885 1068//884
f 1052//868 1084//900 1083//899
f 1039//855 1071//887 1070//886
f 1054//870 1086//902 1085//901
f 1027//843 1028//844 1060//876
f 1041//857 1073//889 1072//888
f 1056//872 1088//904 1087//903
f 1030//846 1062//878 1061//877
f 1043//859 1075//891 1074//890
f 1051//867 1083//899 1082//898
f 1031//847 1032//848 1064//880
f 1044//860 1045//861 1077//893
f 1053//869 1085//901 1084//900
f 1033//849 1034//850 1066//882
f 1046//862 1047//863 1079//895
f 1027//843 1059//875 1090//906
f 1035//851 1036//852 1068//884
f 1049//865 1081//897 1080//896
f 1054//870 1055//871 1087//903
f 1038//854 1070//886 1069//885
f 1029//845 1061//877 1060//876
f 1039//855 1040//856 1072//888
f 1056//872 1057//873 1089//905
f 1041//857 1042//858 1074//890
f 1030//846 1031//847 1063//879
f 1044//860 1076//892 1075//891
f 1057//873 1058//874 1090//906
f 1046//862 1078//894 1077//893
f 1090//906 1059//875 1060//876
f 1060//876 1061//877 1062//878
f 1062//878 1063//879 1064//880
f 1064//880 1065//881 1066//882
f 1066//882 1067//883 1068//884
f 1068//884 1069//885 1070//886
f 1070//886 1071//887 1072//888
f 1072//888 1073//889 1074//890
f 1074//890 1075//891 1076//892
f 1076//892 1077//893 1078//894
f 1078//894 1079//895 1080//896
f 1080//896 1081//897 1082//898
f 1082//898 1083//899 1084//900
f 1084//900 1085//901 1086//902
f 1086//902 1087//903 1088//904
f 1088//904 1089//905 1090//906
f 1090//906 1060//876 1062//878
f 1062//878 1064//880 1066//882
f 1066//882 1068//884 1070//886
f 1070//886 1072//888 1074//890
f 1074//890 1076//892 1078//894
f 1078//894 1080//896 1082//898
f 1082//898 1084//900 1086//902
f 1086//902 1088//904 1090//906
f 1090//906 1062//878 1066//882
f 1066//882 1070//886 1074//890
f 1074//890 1078//894 1082//898
f 1082//898 1086//902 1090//906
f 1090//906 1066//882 1074//890
f 893//709 894//710 1118//934
f 880//696 881//697 1105//921
f 867//683 868//684 1092//908
f 895//711 1119//935 1118//934
f 881//697 882//698 1106//922
f 869//685 1093//909 1092//908
f 895//711 896//712 1120//936
f 883//699 1107//923 1106//922
f 870//686 1094//910 1093//909
f 896//712 897//713 1121//937
f 884//700 1108//924 1107//923
f 870//686 871//687 1095//911
f 898//714 1122//938 1121//937
f 884//700 885//701 1109//925
f 871//687 872//688 1096//912
f 867//683 1091//907 1122//938
f 886//702 1110//926 1109//925
f 873//689 1097//913 1096//912
f 887//703 1111//927 1110//926
f 873//689 874//690 1098//914
f 887//703 888//704 1112//928
f 875//691 1099//915 1098//914
f 889//705 1113//929 1112//928
f 875//691 876//692 1100//916
f 890//706 1114//930 1113//929
f 876//692 877//693 1101//917
f 890//706 891//707 1115//931
f 878//694 1102//918 1101//917
f 892//708 1116//932 1115//931
f 878//694 879//695 1103//919
f 893//709 1117//933 1116//932
f 880//696 1104//920 1103//919
f 1104//920 555//469 554//468
f 1118//934 569//483 568//482
f 1105//921 556//470 555//469
f 1092//908 543//457 542//456
f 1119//935 570//484 569//483
f 1106//922 557//471 556//470
f 1093//909 544//458 543//457
f 1120//936 571//485 570//484
f 1107//923 558//472 557//471
f 1094//910 545//459 544//458
f 1121//937 572//486 571//485
f 1108//924 559//473 558//472
f 1095//911 546//460 545//459
f 1122//938 573//487 572//486
f 1109//925 560//474 559//473
f 1096//912 547//461 546//460
f 1091//907 542//456 573//487
f 1110//926 561//475 560//474
f 1097//913 548//462 547//461
f 1111//927 562//476 561//475
f 1098//914 549//463 548//462
f 1112//928 563//477 562//476
f 1099//915 550//464 549//463
f 1113//929 564//478 563//477
f 1100//916 551//465 550//464
f 1114//930 565//479 564//478
f 1101//917 552//466 551//465
f 1115//931 566//480 565//479
f 1102//918 553//467 552//466
f 1116//932 567//481 566//480
f 1103//919 554//468 553//467
f 1117//933 568//482 567//481
f 677//557 859//193 1131//490
f 684//564 1130//489 1131//490
f 1130//489 1129//36 846//36
f 1129//36 1128//35 844//35
f 1128//35 1127//34 842//34
f 1127//34 1126//33 839//33
f 1126//33 1125//32 836//32
f 1125//32 1124//31 833//31
f 1124//31 1123//488 828//676
f 692//572 1134//491 1140//493
f 850//680 1135//492 1140//493
f 1132//43 1139//42 858//42
f 1139//42 1138//41 856//41
f 1138//41 1137//40 854//40
f 1137//40 1136//39 852//188
f 1136//39 1135//492 850//680
f 1134//491 1133//44 832//44
f 1133//44 1132//43 831//43
f 827//675 866//198 1149//496
f 701//581 865//199 1149//496
f 1142//56 1148//55 857//191
f 1148//55 1147//495 855//682
f 1141//494 1146//60 840//60
f 1146//60 1145//59 837//59
f 1145//59 1144//58 834//58
f 1144//58 1143//57 830//57
f 1143//57 1142//56 829//56
f 853//681 863//197 1158//499
f 838//678 1150//497 1158//499
f 1157//498 1156//52 851//52
f 1156//52 1155//51 849//51
f 1155//51 1154//50 847//50
f 1154//50 1153//49 845//49
f 1153//49 1152//48 843//48
f 1152//48 1151//47 841//185
f 1151//47 1150//497 838//678
f 16//16 1252//1009 1251//1008
f 1159//939 1249//543 1248//1006
f 5285//2577 5255//2547 5254//2546
f 610//500 1245//180 1246//1004
f 2//2 1160//2 1165//944
f 619//508 1170//948 1163//942
f 1226//988 1241//1000 1302//1035
f 660//543 670//543 1168//946
f 671//551 662//545 1166//945
f 1195//967 1166//945 662//545
f 624//512 1175//952 1162//941
f 25//23 1204//23 1270//23
f 1197//969 1172//950 661//544
f 669//550 661//544 1172//950
f 5285//2577 5296//2588 5261//2553
f 1173//949 1281//949 1285//1027
f 1199//971 1177//953 655//539
f 668//549 655//539 1177//953
f 5291//2583 5287//2579 5254//2546
f 1200//972 1199//971 1185//961
f 1175//952 1198//970 1188//964
f 1198//970 1197//969 1187//963
f 1170//948 1196//968 1190//966
f 1190//966 1196//968 1195//967
f 1165//944 1194//960 1217//960
f 1194//960 1193//959 1218//959
f 1164//943 1192//960 1181//957
f 1192//960 1191//959 1182//958
f 5297//2589 5265//2557 5263//2555
f 1188//964 1187//963 1199//971
f 1159//939 1181//957 1196//968
f 1196//968 1181//957 1182//958
f 1160//2 1184//960 1194//960
f 1184//960 1183//959 1193//959
f 1217//960 1218//959 1191//959
f 1213//978 1217//960 1192//960
f 667//548 1210//543 1216//981
f 1171//949 1278//1022 1281//949
f 670//543 1212//977 1214//979
f 1201//973 1213//978 1164//943
f 1191//959 1218//959 1209//538
f 1168//946 1214//979 1209//538
f 1211//976 1284//1026 1286//1028
f 643//523 1208//523 1207//524
f 644//524 1207//524 1205//975
f 1271//1019 26//24 623//511
f 25//23 620//507 1206//507
f 615//504 1205//975 1201//973
f 643//523 18//3 1202//3
f 620//507 19//3 1202//3
f 10//10 25//23 1269//23
f 631//519 23//21 1264//1017
f 1295//1032 1220//983 1221//984
f 1226//988 1225//987 1239//998
f 1295//1032 1219//982 1235//994
f 1232//992 1242//1001 1301//1034
f 1169//947 1214//979 1234//993
f 1223//986 1234//993 1233//993
f 1224//986 1233//993 1232//992
f 1214//979 1212//977 1229//990
f 1234//993 1229//990 1230//990
f 1233//993 1230//990 1231//991
f 1169//947 1223//986 1228//989
f 1223//986 1224//986 1227//989
f 1224//986 1225//987 1226//988
f 1239//998 1237//996 1236//995
f 1242//1001 1240//999 1235//994
f 1241//1000 1236//995 1299//1036
f 1301//1034 1242//1001 1238//997
f 1222//985 1238//997 1235//994
f 1220//983 1236//995 1237//996
f 1232//992 1231//991 1240//999
f 1221//984 1237//996 1300//1037
f 17//17 1164//943 1248//1006
f 619//508 1247//1005 1250//1007
f 610//500 615//504 1244//1003
f 619//508 622//510 1246//1004
f 1253//1010 1251//1008 1252//1009
f 1252//1009 1254//1011 1255//1012
f 1201//973 1205//975 1253//1010
f 1213//978 1255//1012 1254//1011
f 1205//975 616//505 1251//1008
f 1201//973 1256//1013 1255//1012
f 24//22 631//519 1275//1021
f 1319//1047 1293//180 1292//180
f 657//180 1261//180 1265//180
f 1315//1045 1311//1041 1267//1018
f 1311//1041 1313//1043 1273//1020
f 1261//180 1260//180 1272//180
f 1303//180 1306//180 1314//1044
f 1176//180 657//180 1274//180
f 1279//1023 1280//1024 1281//949
f 1279//1023 1283//1023 1290//1030
f 1280//1024 1284//1026 1285//1027
f 1282//1025 1286//1028 1284//1026
f 1262//180 1274//180 1277//180
f 1265//180 1272//180 1276//180
f 1274//180 1265//180 1266//180
f 1318//1046 1269//23 1270//23
f 1287//543 1291//1031 1290//1030
f 1288//543 1289//1029 1291//1031
f 626//514 1203//974 623//511
f 626//514 1273//1020 7//7
f 22//20 11//11 1259//1016
f 7//7 11//11 22//20
f 623//511 1203//974 22//20
f 628//516 1259//1016 11//11
f 1272//180 1293//180 1294//180
f 1323//1050 1271//1019 1273//1020
f 1260//180 1292//180 1293//180
f 1173//949 1215//980 1212//977
f 1190//966 1189//965 1197//969
f 1163//942 1190//966 1198//970
f 12//12 1163//942 1175//952
f 1171//949 1173//949 670//543
f 1189//965 662//545 1172//950
f 1174//951 1172//950 662//545
f 649//533 641//529 642//530
f 650//534 642//530 614//503
f 627//515 614//503 12//12
f 1271//1019 628//516 7//7
f 625//513 15//15 641//529
f 626//514 26//24 15//15
f 1215//980 1174//951 671//551
f 1276//180 1294//180 1307//180
f 1306//180 1303//180 1263//180
f 1266//180 1276//180 1305//180
f 1277//180 1266//180 1304//180
f 1270//23 1271//1019 1323//1050
f 1222//985 1296//1033 1300//1037
f 1239//998 1301//1034 1300//1037
f 1302//1035 1299//1036 1235//994
f 1227//989 1298//1035 1231//991
f 1228//989 1227//989 1230//990
f 671//551 1228//989 1229//990
f 1225//987 1297//1034 1301//1034
f 1220//983 1295//1032 1299//1036
f 1219//982 1295//1032 1296//1033
f 1204//23 26//24 1271//1019
f 1210//543 668//549 1179//955
f 1211//976 669//550 1174//951
f 1298//1035 1302//1035 1240//999
f 1214//979 1169//947 663//538
f 1216//981 1179//955 669//550
f 1204//23 1206//507 621//509
f 1206//507 1202//3 18//3
f 1321//1047 1322//1049 1307//180
f 1318//1046 1320//1048 1336//1046
f 1307//180 1322//1049 1312//1042
f 1316//1046 1318//1046 1334//1046
f 1293//180 1319//1047 1321//1047
f 1319//1047 1335//1047 1337//1047
f 1309//1039 1315//1045 1275//1021
f 1311//1041 1315//1045 1331//1058
f 1304//180 1305//180 1312//1042
f 1323//1050 1313//1043 1329//1056
f 1306//180 1304//180 1310//1040
f 1314//1044 1310//1040 1326//1053
f 1269//23 1318//1046 1316//1046
f 1322//1049 1338//1059 1328//1055
f 1336//1046 1339//1060 1338//1059
f 1338//1059 1339//1060 1329//1056
f 1335//1047 1334//1046 1336//1046
f 1324//1051 1330//1057 1331//1058
f 1326//1053 1328//1055 1329//1056
f 1330//1057 1326//1053 1327//1054
f 1334//1046 1335//1047 1333//1047
f 1317//1047 1333//1047 1335//1047
f 1315//1045 1309//1039 1325//1052
f 1308//1038 1314//1044 1330//1057
f 1321//1047 1337//1047 1338//1059
f 1310//1040 1312//1042 1328//1055
f 1320//1048 1323//1050 1339//1060
f 1313//1043 1311//1041 1327//1054
f 1978//1577 1970//1577 1342//1063
f 1969//1576 1340//1061 1952//1560
f 1449//1168 1448//1167 1425//1144
f 1956//1563 1952//1560 1340//1061
f 1966//1573 1965//1572 1351//1072
f 1435//1154 1434//1153 1411//1130
f 1448//1167 1447//1166 1424//1143
f 1972//1579 1351//1072 1965//1572
f 1434//1153 1433//1152 1410//1129
f 1424//1143 1447//1166 1446//1165
f 1433//1152 1432//1151 1409//1128
f 1423//1142 1446//1165 1445//1164
f 1963//1570 2583//2060 2582//2059
f 2594//2063 2588//2061 1360//1079
f 2603//2068 2610//2073 2609//2072
f 1953//1561 1955//1561 1356//1063
f 1409//1128 1432//1151 1431//1150
f 1445//1164 1444//1163 1421//1140
f 1976//1577 1355//1063 1340//1061
f 2534//1577 1978//1577 1356//1063
f 1416//1135 1415//1134 1617//1250
f 1427//1146 1426//1145 1929//1113
f 1414//1133 1413//1132 1919//1100
f 1401//1120 1400//1119 1910//1543
f 1428//1147 1427//1146 1930//1114
f 1415//1134 1414//1133 1920//1101
f 1402//1121 1401//1120 1911//1088
f 1429//1148 1428//1147 1931//1115
f 1403//1122 1402//1121 1912//1089
f 1430//1149 1429//1148 1932//1116
f 1417//1136 1416//1135 1937//1552
f 1404//1123 1403//1122 1913//1090
f 1399//1118 1430//1149 1933//1117
f 1418//1137 1417//1136 1938//1104
f 1405//1124 1404//1123 1914//1091
f 1419//1138 1418//1137 1939//1105
f 1406//1125 1405//1124 1915//1092
f 1420//1139 1419//1138 1940//1106
f 1407//1126 1406//1125 1916//1093
f 1421//1140 1420//1139 1941//1107
f 1422//1141 1421//1140 1942//1108
f 1409//1128 1408//1127 1922//1547
f 1423//1142 1422//1141 1943//1109
f 1410//1129 1409//1128 1923//1096
f 1408//1127 1407//1126 1614//1247
f 1411//1130 1410//1129 1924//1097
f 1425//1144 1424//1143 1934//1550
f 1412//1131 1411//1130 1925//1098
f 1426//1145 1425//1144 1935//1112
f 1413//1132 1412//1131 1926//1099
f 1413//1132 1436//1155 1435//1154
f 1400//1119 1365//1084 1366//1085
f 1450//1169 1449//1168 1426//1145
f 1414//1133 1437//1156 1436//1155
f 1401//1120 1364//1083 1365//1084
f 1451//1170 1450//1169 1427//1146
f 1438//1157 1437//1156 1414//1133
f 1402//1121 1363//1082 1364//1083
f 1429//1148 1452//1171 1451//1170
f 1416//1135 1439//1158 1438//1157
f 1358//1077 1363//1082 1402//1121
f 1453//1172 1452//1171 1429//1148
f 1440//1159 1439//1158 1416//1135
f 1404//1123 1357//1076 1358//1077
f 1399//1118 1366//1085 1453//1172
f 1441//1160 1440//1159 1417//1136
f 1346//1067 1357//1076 1404//1123
f 1442//1161 1441//1160 1418//1137
f 1345//1066 1346//1067 1405//1124
f 1443//1162 1442//1161 1419//1138
f 1343//1064 1345//1066 1406//1125
f 1421//1140 1444//1163 1443//1162
f 1408//1127 1431//1150 1343//1064
f 1551//180 1477//1196 1476//1195
f 1553//180 1468//1187 1467//1186
f 1554//180 1478//1197 1477//1196
f 1467//1186 1466//1185 1555//180
f 1479//1198 1478//1197 1554//180
f 1464//1183 1463//1182 1557//180
f 1480//1199 1479//1198 1556//180
f 1460//1179 1461//1180 1560//180
f 1470//1189 1469//1188 1562//180
f 1463//1182 1454//1173 1564//180
f 1481//1200 1480//1199 1559//180
f 1560//180 1461//1180 1462//1181
f 1562//180 1469//1188 1468//1187
f 1564//180 1454//1173 1455//1174
f 1482//1201 1481//1200 1565//180
f 1455//1174 1456//1175 1569//180
f 1483//1202 1482//1201 1568//180
f 1456//1175 1457//1176 1571//180
f 1484//1203 1483//1202 1570//180
f 1457//1176 1458//1177 1573//180
f 1485//1204 1484//1203 1572//180
f 1466//1185 1465//1184 1575//180
f 1458//1177 1459//1178 1576//180
f 1566//180 1462//1181 1485//1204
f 1465//1184 1464//1183 1558//180
f 1578//180 1473//1192 1472//1191
f 1459//1178 1460//1179 1561//180
f 1472//1191 1471//1190 1579//180
f 1580//180 1474//1193 1473//1192
f 1475//1194 1474//1193 1580//180
f 1471//1190 1470//1189 1563//180
f 1550//180 1476//1195 1475//1194
f 1512//1096 1511//1095 1518//1205
f 1488//1108 1489//1107 1520//1207
f 1513//1097 1512//1096 1519//1206
f 1489//1107 1490//1106 1523//1210
f 1504//1088 1503//1087 1524//1211
f 1514//1098 1513//1097 1522//1209
f 1490//1106 1491//1105 1527//1214
f 1503//1087 1502//1086 1528//1215
f 1515//1099 1514//1098 1526//1213
f 1491//1105 1492//1104 1530//1217
f 1502//1086 1501//1117 1531//1218
f 1516//1100 1515//1099 1529//1216
f 1492//1104 1493//1103 1533//1220
f 1501//1117 1500//1116 1534//1221
f 1517//1101 1516//1100 1532//1219
f 1493//1103 1494//1102 1536//1223
f 1500//1116 1499//1115 1537//1224
f 1494//1102 1517//1101 1535//1222
f 1505//1089 1504//1088 1525//1212
f 1499//1115 1498//1114 1539//1226
f 1506//1090 1505//1089 1538//1225
f 1498//1114 1497//1113 1541//1228
f 1507//1091 1506//1090 1540//1227
f 1497//1113 1496//1112 1543//1230
f 1508//1092 1507//1091 1542//1229
f 1496//1112 1495//1111 1545//1232
f 1509//1093 1508//1092 1544//1231
f 1495//1111 1486//1110 1547//1234
f 1510//1094 1509//1093 1546//1233
f 1486//1110 1487//1109 1549//1236
f 1511//1095 1510//1094 1548//1235
f 1487//1109 1488//1108 1521//1208
f 1549//1236 1521//1208 1456//1175
f 1518//1205 1548//1235 1478//1197
f 1547//1234 1549//1236 1455//1174
f 1548//1235 1546//1233 1477//1196
f 1463//1182 1545//1232 1547//1234
f 1546//1233 1544//1231 1476//1195
f 1464//1183 1543//1230 1545//1232
f 1544//1231 1542//1229 1475//1194
f 1541//1228 1543//1230 1464//1183
f 1542//1229 1540//1227 1474//1193
f 1539//1226 1541//1228 1465//1184
f 1540//1227 1538//1225 1473//1192
f 1537//1224 1539//1226 1466//1185
f 1538//1225 1525//1212 1472//1191
f 1462//1181 1536//1223 1535//1222
f 1534//1221 1537//1224 1467//1186
f 1461//1180 1533//1220 1536//1223
f 1485//1204 1535//1222 1532//1219
f 1531//1218 1534//1221 1468//1187
f 1460//1179 1530//1217 1533//1220
f 1484//1203 1532//1219 1529//1216
f 1528//1215 1531//1218 1469//1188
f 1459//1178 1527//1214 1530//1217
f 1483//1202 1529//1216 1526//1213
f 1471//1190 1524//1211 1528//1215
f 1458//1177 1523//1210 1527//1214
f 1482//1201 1526//1213 1522//1209
f 1472//1191 1525//1212 1524//1211
f 1457//1176 1520//1207 1523//1210
f 1481//1200 1522//1209 1519//1206
f 1456//1175 1521//1208 1520//1207
f 1480//1199 1519//1206 1518//1205
f 1444//1163 1550//180 1581//180
f 1439//1158 1579//180 1563//180
f 1581//180 1580//180 1442//1161
f 1442//1161 1580//180 1578//180
f 1440//1159 1577//180 1579//180
f 1363//1082 1576//180 1561//180
f 1441//1160 1578//180 1577//180
f 1433//1152 1575//180 1558//180
f 1566//180 1574//180 1453//1172
f 1358//1077 1573//180 1576//180
f 1434//1153 1555//180 1575//180
f 1574//180 1572//180 1452//1171
f 1357//1076 1571//180 1573//180
f 1572//180 1570//180 1451//1170
f 1346//1067 1569//180 1571//180
f 1451//1170 1570//180 1568//180
f 1345//1066 1567//180 1569//180
f 1450//1169 1568//180 1565//180
f 1564//180 1567//180 1345//1066
f 1437//1156 1562//180 1553//180
f 1560//180 1566//180 1366//1085
f 1565//180 1559//180 1448//1167
f 1557//180 1564//180 1343//1064
f 1438//1157 1563//180 1562//180
f 1364//1083 1561//180 1560//180
f 1559//180 1556//180 1447//1166
f 1432//1151 1558//180 1557//180
f 1556//180 1554//180 1446//1165
f 1435//1154 1552//180 1555//180
f 1554//180 1551//180 1445//1164
f 1553//180 1552//180 1435//1154
f 1551//180 1550//180 1444//1163
f 1586//1100 1613//1099 1380//1099
f 1584//1113 1612//1246 1393//1112
f 1613//1099 1611//1098 1379//1098
f 1612//1246 1610//1245 1392//1111
f 1611//1098 1609//1097 1378//1097
f 1610//1245 1608//1244 1391//1110
f 1609//1097 1607//1243 1377//1096
f 1608//1244 1606//1109 1390//1109
f 1607//1243 1605//1242 1376//1095
f 1606//1109 1604//1108 1389//1108
f 1605//1242 1603//1241 1375//1094
f 1604//1108 1602//1107 1388//1107
f 1603//1241 1601//1093 1374//1093
f 1602//1107 1600//1106 1387//1106
f 1601//1093 1599//1092 1373//1092
f 1600//1106 1598//1105 1386//1105
f 1599//1092 1597//1091 1372//1091
f 1598//1105 1596//1104 1385//1104
f 1582//1237 1595//1117 1398//1117
f 1597//1091 1594//1090 1371//1090
f 1596//1104 1593//1240 1384//1103
f 1595//1117 1592//1116 1397//1116
f 1594//1090 1591//1089 1370//1089
f 1593//1240 1590//1239 1383//1102
f 1592//1116 1589//1115 1396//1115
f 1591//1089 1588//1088 1369//1088
f 1590//1239 1587//1101 1382//1101
f 1589//1115 1585//1114 1395//1114
f 1588//1088 1583//1238 1368//1087
f 1587//1101 1586//1100 1381//1100
f 1585//1114 1584//1113 1394//1113
f 1583//1238 1582//1237 1367//1086
f 1918//1545 1917//1544 1603//1241
f 1927//1548 1922//1547 1408//1127
f 1615//1248 1603//1241 1605//1242
f 1616//1249 1590//1239 1593//1240
f 1945//1554 1937//1552 1416//1135
f 1927//1548 1921//1546 1590//1239
f 1615//1248 1616//1249 1618//1251
f 1619//1252 1617//1250 1614//1247
f 1423//1142 1619//1252 1620//1253
f 1936//1551 1621//1254 1610//1245
f 1945//1554 1619//1252 1423//1142
f 1621//1254 1618//1251 1608//1244
f 1918//1545 1615//1248 1583//1238
f 1936//1551 1620//1253 1399//1118
f 1615//1248 1621//1254 1582//1237
f 1399//1118 1620//1253 1614//1247
f 1638//1271 1670//1303 1671//1304
f 1625//1258 1657//1290 1658//1291
f 1652//1285 1684//1317 1685//1318
f 1639//1272 1671//1304 1672//1305
f 1626//1259 1658//1291 1659//1292
f 1653//1286 1685//1318 1654//1287
f 1640//1273 1672//1305 1673//1306
f 1627//1260 1659//1292 1660//1293
f 1641//1274 1673//1306 1674//1307
f 1628//1261 1660//1293 1661//1294
f 1642//1275 1674//1307 1675//1308
f 1629//1262 1661//1294 1662//1295
f 1643//1276 1675//1308 1676//1309
f 1630//1263 1662//1295 1663//1296
f 1644//1277 1676//1309 1677//1310
f 1631//1264 1663//1296 1664//1297
f 1645//1278 1677//1310 1678//1311
f 1632//1265 1664//1297 1665//1298
f 1646//1279 1678//1311 1679//1312
f 1633//1266 1665//1298 1666//1299
f 1647//1280 1679//1312 1680//1313
f 1634//1267 1666//1299 1667//1300
f 1648//1281 1680//1313 1681//1314
f 1635//1268 1667//1300 1668//1301
f 1622//1255 1654//1287 1655//1288
f 1649//1282 1681//1314 1682//1315
f 1636//1269 1668//1301 1669//1302
f 1623//1256 1655//1288 1656//1289
f 1650//1283 1682//1315 1683//1316
f 1637//1270 1669//1302 1670//1303
f 1624//1257 1656//1289 1657//1290
f 1651//1284 1683//1316 1684//1317
f 1679//1312 1678//1311 1710//1343
f 1666//1299 1665//1298 1697//1330
f 1679//1312 1711//1344 1712//1345
f 1667//1300 1666//1299 1698//1331
f 1680//1313 1712//1345 1713//1346
f 1667//1300 1699//1332 1700//1333
f 1654//1287 1686//1319 1687//1320
f 1682//1315 1681//1314 1713//1346
f 1668//1301 1700//1333 1701//1334
f 1656//1289 1655//1288 1687//1320
f 1683//1316 1682//1315 1714//1347
f 1669//1302 1701//1334 1702//1335
f 1656//1289 1688//1321 1689//1322
f 1683//1316 1715//1348 1716//1349
f 1671//1304 1670//1303 1702//1335
f 1657//1290 1689//1322 1690//1323
f 1684//1317 1716//1349 1717//1350
f 1671//1304 1703//1336 1704//1337
f 1658//1291 1690//1323 1691//1324
f 1654//1287 1685//1318 1717//1350
f 1672//1305 1704//1337 1705//1338
f 1659//1292 1691//1324 1692//1325
f 1673//1306 1705//1338 1706//1339
f 1660//1293 1692//1325 1693//1326
f 1675//1308 1674//1307 1706//1339
f 1661//1294 1693//1326 1694//1327
f 1675//1308 1707//1340 1708//1341
f 1663//1296 1662//1295 1694//1327
f 1677//1310 1676//1309 1708//1341
f 1663//1296 1695//1328 1696//1329
f 1678//1311 1677//1310 1709//1342
f 1664//1297 1696//1329 1697//1330
f 1715//1348 1714//1347 1721//1354
f 1693//1326 1692//1325 1743//1376
f 1712//1345 1723//1356 1722//1355
f 1687//1320 1748//1381 1747//1380
f 1706//1339 1705//1338 1730//1363
f 1699//1332 1698//1331 1737//1370
f 1701//1334 1700//1333 1735//1368
f 1692//1325 1691//1324 1744//1377
f 1712//1345 1711//1344 1724//1357
f 1714//1347 1713//1346 1722//1355
f 1704//1337 1731//1364 1730//1363
f 1698//1331 1697//1330 1738//1371
f 1699//1332 1736//1369 1735//1368
f 1717//1350 1718//1351 1749//1382
f 1711//1344 1710//1343 1725//1358
f 1690//1323 1745//1378 1744//1377
f 1696//1329 1739//1372 1738//1371
f 1703//1336 1732//1365 1731//1364
f 1709//1342 1726//1359 1725//1358
f 1716//1349 1719//1352 1718//1351
f 1695//1328 1740//1373 1739//1372
f 1689//1322 1746//1379 1745//1378
f 1708//1341 1727//1360 1726//1359
f 1702//1335 1733//1366 1732//1365
f 1694//1327 1741//1374 1740//1373
f 1716//1349 1715//1348 1720//1353
f 1708//1341 1707//1340 1728//1361
f 1688//1321 1747//1380 1746//1379
f 1694//1327 1693//1326 1742//1375
f 1702//1335 1701//1334 1734//1367
f 1706//1339 1729//1362 1728//1361
f 1686//1319 1749//1382 1748//1381
f 1746//1379 1747//1380 1779//1412
f 1721//1354 1753//1386 1752//1385
f 1748//1381 1749//1382 1781//1414
f 1736//1369 1768//1401 1767//1400
f 1723//1356 1755//1388 1754//1387
f 1724//1357 1756//1389 1755//1388
f 1741//1374 1742//1375 1774//1407
f 1724//1357 1725//1358 1757//1390
f 1743//1376 1744//1377 1776//1409
f 1738//1371 1770//1403 1769//1402
f 1727//1360 1759//1392 1758//1391
f 1728//1361 1729//1362 1761//1394
f 1726//1359 1758//1391 1757//1390
f 1718//1351 1750//1383 1781//1414
f 1739//1372 1740//1373 1772//1405
f 1730//1363 1731//1364 1763//1396
f 1733//1366 1765//1398 1764//1397
f 1728//1361 1760//1393 1759//1392
f 1735//1368 1767//1400 1766//1399
f 1746//1379 1778//1411 1777//1410
f 1737//1370 1769//1402 1768//1401
f 1730//1363 1762//1395 1761//1394
f 1720//1353 1752//1385 1751//1384
f 1739//1372 1771//1404 1770//1403
f 1741//1374 1773//1406 1772//1405
f 1731//1364 1732//1365 1764//1397
f 1747//1380 1748//1381 1780//1413
f 1742//1375 1743//1376 1775//1408
f 1721//1354 1722//1355 1754//1387
f 1745//1378 1777//1410 1776//1409
f 1733//1366 1734//1367 1766//1399
f 1719//1352 1751//1384 1750//1383
f 1780//1413 1812//1445 1811//1444
f 1764//1397 1765//1398 1797//1430
f 1753//1386 1754//1387 1786//1419
f 1766//1399 1767//1400 1799//1432
f 1780//1413 1781//1414 1813//1446
f 1769//1402 1801//1434 1800//1433
f 1756//1389 1788//1421 1787//1420
f 1770//1403 1771//1404 1803//1436
f 1758//1391 1790//1423 1789//1422
f 1772//1405 1773//1406 1805//1438
f 1759//1392 1760//1393 1792//1425
f 1774//1407 1775//1408 1807//1440
f 1761//1394 1762//1395 1794//1427
f 1776//1409 1777//1410 1809//1442
f 1751//1384 1783//1416 1782//1415
f 1764//1397 1796//1429 1795//1428
f 1779//1412 1811//1444 1810//1443
f 1753//1386 1785//1418 1784//1417
f 1766//1399 1798//1431 1797//1430
f 1773//1406 1774//1407 1806//1439
f 1755//1388 1787//1420 1786//1419
f 1767//1400 1768//1401 1800//1433
f 1776//1409 1808//1441 1807//1440
f 1756//1389 1757//1390 1789//1422
f 1769//1402 1770//1403 1802//1435
f 1781//1414 1750//1383 1782//1415
f 1759//1392 1791//1424 1790//1423
f 1772//1405 1804//1437 1803//1436
f 1777//1410 1778//1411 1810//1443
f 1761//1394 1793//1426 1792//1425
f 1751//1384 1752//1385 1784//1417
f 1762//1395 1763//1396 1795//1428
f 1788//1421 1820//1453 1819//1452
f 1803//1436 1835//1468 1834//1467
f 1790//1423 1822//1455 1821//1454
f 1804//1437 1805//1438 1837//1470
f 1792//1425 1824//1457 1823//1456
f 1807//1440 1839//1472 1838//1471
f 1794//1427 1826//1459 1825//1458
f 1809//1442 1841//1474 1840//1473
f 1782//1415 1783//1416 1815//1448
f 1796//1429 1828//1461 1827//1460
f 1811//1444 1843//1476 1842//1475
f 1785//1418 1817//1450 1816//1449
f 1798//1431 1830//1463 1829//1462
f 1806//1439 1838//1471 1837//1470
f 1786//1419 1787//1420 1819//1452
f 1799//1432 1800//1433 1832//1465
f 1808//1441 1840//1473 1839//1472
f 1788//1421 1789//1422 1821//1454
f 1801//1434 1802//1435 1834//1467
f 1782//1415 1814//1447 1845//1478
f 1790//1423 1791//1424 1823//1456
f 1804//1437 1836//1469 1835//1468
f 1809//1442 1810//1443 1842//1475
f 1793//1426 1825//1458 1824//1457
f 1784//1417 1816//1449 1815//1448
f 1794//1427 1795//1428 1827//1460
f 1811//1444 1812//1445 1844//1477
f 1796//1429 1797//1430 1829//1462
f 1786//1419 1818//1451 1817//1450
f 1798//1431 1799//1432 1831//1464
f 1813//1446 1845//1478 1844//1477
f 1801//1434 1833//1466 1832//1465
f 1845//1478 1814//1447 1815//1448
f 1815//1448 1816//1449 1817//1450
f 1817//1450 1818//1451 1819//1452
f 1819//1452 1820//1453 1821//1454
f 1821//1454 1822//1455 1823//1456
f 1823//1456 1824//1457 1825//1458
f 1825//1458 1826//1459 1827//1460
f 1827//1460 1828//1461 1829//1462
f 1829//1462 1830//1463 1831//1464
f 1831//1464 1832//1465 1833//1466
f 1833//1466 1834//1467 1835//1468
f 1835//1468 1836//1469 1837//1470
f 1837//1470 1838//1471 1839//1472
f 1839//1472 1840//1473 1841//1474
f 1841//1474 1842//1475 1843//1476
f 1843//1476 1844//1477 1845//1478
f 1845//1478 1815//1448 1817//1450
f 1817//1450 1819//1452 1821//1454
f 1821//1454 1823//1456 1825//1458
f 1825//1458 1827//1460 1829//1462
f 1829//1462 1831//1464 1833//1466
f 1833//1466 1835//1468 1837//1470
f 1837//1470 1839//1472 1841//1474
f 1841//1474 1843//1476 1845//1478
f 1845//1478 1817//1450 1821//1454
f 1821//1454 1825//1458 1829//1462
f 1829//1462 1833//1466 1837//1470
f 1837//1470 1841//1474 1845//1478
f 1845//1478 1821//1454 1829//1462
f 1648//1281 1649//1282 1873//1506
f 1635//1268 1636//1269 1860//1493
f 1622//1255 1623//1256 1847//1480
f 1650//1283 1874//1507 1873//1506
f 1636//1269 1637//1270 1861//1494
f 1624//1257 1848//1481 1847//1480
f 1650//1283 1651//1284 1875//1508
f 1638//1271 1862//1495 1861//1494
f 1625//1258 1849//1482 1848//1481
f 1651//1284 1652//1285 1876//1509
f 1639//1272 1863//1496 1862//1495
f 1625//1258 1626//1259 1850//1483
f 1653//1286 1877//1510 1876//1509
f 1639//1272 1640//1273 1864//1497
f 1626//1259 1627//1260 1851//1484
f 1622//1255 1846//1479 1877//1510
f 1641//1274 1865//1498 1864//1497
f 1628//1261 1852//1485 1851//1484
f 1642//1275 1866//1499 1865//1498
f 1628//1261 1629//1262 1853//1486
f 1642//1275 1643//1276 1867//1500
f 1630//1263 1854//1487 1853//1486
f 1644//1277 1868//1501 1867//1500
f 1630//1263 1631//1264 1855//1488
f 1645//1278 1869//1502 1868//1501
f 1631//1264 1632//1265 1856//1489
f 1645//1278 1646//1279 1870//1503
f 1633//1266 1857//1490 1856//1489
f 1647//1280 1871//1504 1870//1503
f 1633//1266 1634//1267 1858//1491
f 1648//1281 1872//1505 1871//1504
f 1635//1268 1859//1492 1858//1491
f 1859//1492 1891//1524 1890//1523
f 1873//1506 1905//1538 1904//1537
f 1860//1493 1892//1525 1891//1524
f 1847//1480 1879//1512 1878//1511
f 1874//1507 1906//1539 1905//1538
f 1861//1494 1893//1526 1892//1525
f 1848//1481 1880//1513 1879//1512
f 1875//1508 1907//1540 1906//1539
f 1862//1495 1894//1527 1893//1526
f 1849//1482 1881//1514 1880//1513
f 1876//1509 1908//1541 1907//1540
f 1863//1496 1895//1528 1894//1527
f 1850//1483 1882//1515 1881//1514
f 1877//1510 1909//1542 1908//1541
f 1864//1497 1896//1529 1895//1528
f 1851//1484 1883//1516 1882//1515
f 1846//1479 1878//1511 1909//1542
f 1865//1498 1897//1530 1896//1529
f 1852//1485 1884//1517 1883//1516
f 1866//1499 1898//1531 1897//1530
f 1853//1486 1885//1518 1884//1517
f 1867//1500 1899//1532 1898//1531
f 1854//1487 1886//1519 1885//1518
f 1868//1501 1900//1533 1899//1532
f 1855//1488 1887//1520 1886//1519
f 1869//1502 1901//1534 1900//1533
f 1856//1489 1888//1521 1887//1520
f 1870//1503 1902//1535 1901//1534
f 1857//1490 1889//1522 1888//1521
f 1871//1504 1903//1536 1902//1535
f 1858//1491 1890//1523 1889//1522
f 1872//1505 1904//1537 1903//1536
f 1400//1119 1614//1247 1918//1545
f 1407//1126 1917//1544 1918//1545
f 1917//1544 1916//1093 1601//1093
f 1916//1093 1915//1092 1599//1092
f 1915//1092 1914//1091 1597//1091
f 1914//1091 1913//1090 1594//1090
f 1913//1090 1912//1089 1591//1089
f 1912//1089 1911//1088 1588//1088
f 1911//1088 1910//1543 1583//1238
f 1415//1134 1921//1546 1927//1548
f 1605//1242 1922//1547 1927//1548
f 1919//1100 1926//1099 1613//1099
f 1926//1099 1925//1098 1611//1098
f 1925//1098 1924//1097 1609//1097
f 1924//1097 1923//1096 1607//1243
f 1923//1096 1922//1547 1605//1242
f 1921//1546 1920//1101 1587//1101
f 1920//1101 1919//1100 1586//1100
f 1582//1237 1621//1254 1936//1551
f 1424//1143 1620//1253 1936//1551
f 1929//1113 1935//1112 1612//1246
f 1935//1112 1934//1550 1610//1245
f 1928//1549 1933//1117 1595//1117
f 1933//1117 1932//1116 1592//1116
f 1932//1116 1931//1115 1589//1115
f 1931//1115 1930//1114 1585//1114
f 1930//1114 1929//1113 1584//1113
f 1608//1244 1618//1251 1945//1554
f 1593//1240 1937//1552 1945//1554
f 1944//1553 1943//1109 1606//1109
f 1943//1109 1942//1108 1604//1108
f 1942//1108 1941//1107 1602//1107
f 1941//1107 1940//1106 1600//1106
f 1940//1106 1939//1105 1598//1105
f 1939//1105 1938//1104 1596//1104
f 1938//1104 1937//1552 1593//1240
f 1353//1074 2577//2054 2579//2056
f 2489//1987 2574//543 2575//2052
f 5290//2582 5288//2580 5267//2559
f 2569//2048 2568//2047 1354//1075
f 1341//1062 1947//1062 1951//1559
f 1954//1562 1957//1564 1949//1557
f 1347//1068 1361//1080 1955//1561
f 1362//1081 1352//1073 1952//1560
f 1980//1583 1952//1560 1352//1073
f 1959//1566 1962//1569 1948//1556
f 2536//2021 2605//2069 2606//2070
f 1258//1015 1289//1029 2610//2073
f 1982//1585 1960//1567 1351//1072
f 1360//1079 1351//1072 1960//1567
f 5289//2581 5271//2563 5269//2561
f 2506//2001 2603//2068 2607//2071
f 1984//1587 1965//1572 5//5
f 23//21 5//5 1965//1572
f 5290//2582 5268//2560 5272//2564
f 1985//1588 1984//1587 637//525
f 1962//1569 1983//1586 1973//1580
f 1983//1586 1982//1585 1972//1579
f 1949//1557 1957//1564 1981//1584
f 1981//1584 1980//1583 1974//1581
f 1951//1559 1979//1578 2533//1578
f 1979//1578 1978//1577 2534//1577
f 1950//1558 1977//1578 1968//1575
f 1977//1578 1976//1577 1969//1576
f 5283//2575 5291//2583 5257//2549
f 1973//1580 1972//1579 1984//1587
f 1957//1564 1946//1555 1968//1575
f 1968//1575 1969//1576 1980//1583
f 1947//1062 1971//1578 1979//1578
f 1971//1578 1970//1577 1978//1577
f 2519//2006 1996//1590 1987//1590
f 2495//1992 1986//1589 2510//2005
f 2032//1630 2055//1653 2056//1654
f 2498//1994 1995//1590 1986//1589
f 2507//2002 1999//1598 1993//1594
f 2018//1616 2041//1639 2042//1640
f 2031//1629 2054//1652 2055//1653
f 2505//2000 1993//1594 2513//2008
f 2017//1615 2040//1638 2041//1639
f 2031//1629 2030//1628 2053//1651
f 2016//1614 2039//1637 2040//1638
f 2030//1628 2029//1627 2052//1650
f 2506//2001 667//548 1258//1015
f 2496//1993 1987//1590 1996//1590
f 2016//1614 2015//1613 2038//1636
f 2028//1626 2051//1649 2052//1650
f 1986//1589 1995//1590 2517//2006
f 2543//2006 2535//1590 1996//1590
f 2192//1249 2022//1620 2023//1621
f 2472//1113 2033//1631 2034//1632
f 2462//1100 2020//1618 2021//1619
f 2453//1543 2007//1605 2008//1606
f 2473//1114 2034//1632 2035//1633
f 2463//1101 2021//1619 2022//1620
f 2454//1088 2008//1606 2009//1607
f 2474//1115 2035//1633 2036//1634
f 2455//1089 2009//1607 2010//1608
f 2475//1116 2036//1634 2037//1635
f 2480//1552 2023//1621 2024//1622
f 2456//1090 2010//1608 2011//1609
f 2476//1117 2037//1635 2006//1604
f 2481//1104 2024//1622 2025//1623
f 2457//1091 2011//1609 2012//1610
f 2482//1105 2025//1623 2026//1624
f 2458//1092 2012//1610 2013//1611
f 2483//1106 2026//1624 2027//1625
f 2459//1093 2013//1611 2014//1612
f 2484//1107 2027//1625 2028//1626
f 2485//1108 2028//1626 2029//1627
f 2465//1547 2015//1613 2016//1614
f 2486//1109 2029//1627 2030//1628
f 2466//1096 2016//1614 2017//1615
f 2189//1248 2014//1612 2015//1613
f 2467//1097 2017//1615 2018//1616
f 2477//1550 2031//1629 2032//1630
f 2468//1098 2018//1616 2019//1617
f 2478//1112 2032//1630 2033//1631
f 2469//1099 2019//1617 2020//1618
f 2020//1618 2019//1617 2042//1640
f 2007//1605 2006//1604 2005//1603
f 2033//1631 2056//1654 2057//1655
f 2021//1619 2020//1618 2043//1641
f 2008//1606 2007//1605 2004//1602
f 2034//1632 2057//1655 2058//1656
f 2022//1620 2021//1619 2044//1642
f 2009//1607 2008//1606 2003//1601
f 2036//1634 2035//1633 2058//1656
f 2022//1620 2045//1643 2046//1644
f 2009//1607 2002//1600 1998//1597
f 2036//1634 2059//1657 2060//1658
f 2023//1621 2046//1644 2047//1645
f 2011//1609 2010//1608 1998//1597
f 2006//1604 2037//1635 2060//1658
f 2024//1622 2047//1645 2048//1646
f 2011//1609 1997//1596 1991//1593
f 2025//1623 2048//1646 2049//1647
f 2012//1610 1991//1593 1990//1592
f 2026//1624 2049//1647 2050//1648
f 2013//1611 1990//1592 1988//1591
f 2028//1626 2027//1625 2050//1648
f 2015//1613 2014//1612 1988//1591
f 2126//543 2125//543 2083//1681
f 2128//543 2127//543 2074//1672
f 2129//543 2126//543 2084//1682
f 2130//543 2073//1671 2074//1672
f 2129//543 2085//1683 2086//1684
f 2132//543 2070//1668 2071//1669
f 2131//543 2086//1684 2087//1685
f 2135//543 2068//1666 2067//1665
f 2137//543 2076//1674 2077//1675
f 2139//543 2061//1659 2070//1668
f 2134//543 2087//1685 2088//1686
f 2141//543 2069//1667 2068//1666
f 2137//543 2128//543 2075//1673
f 2139//543 2142//543 2062//1660
f 2140//543 2088//1686 2089//1687
f 2144//543 2063//1661 2062//1660
f 2143//543 2089//1687 2090//1688
f 2146//543 2064//1662 2063//1661
f 2145//543 2090//1688 2091//1689
f 2148//543 2065//1663 2064//1662
f 2147//543 2091//1689 2092//1690
f 2150//543 2072//1670 2073//1671
f 2151//543 2066//1664 2065//1663
f 2141//543 2149//543 2092//1690
f 2133//543 2071//1669 2072//1670
f 2152//543 2079//1677 2080//1678
f 2136//543 2067//1665 2066//1664
f 2154//543 2078//1676 2079//1677
f 2155//543 2153//543 2080//1678
f 2155//543 2081//1679 2082//1680
f 2138//543 2077//1675 2078//1676
f 2125//543 2156//543 2082//1680
f 2093//1691 1511//1095 1512//1096
f 2095//1693 1489//1107 1488//1108
f 2094//1692 1512//1096 1513//1097
f 2098//1696 1490//1106 1489//1107
f 2099//1697 1503//1087 1504//1088
f 2097//1695 1513//1097 1514//1098
f 2102//1700 1491//1105 1490//1106
f 2103//1701 1502//1086 1503//1087
f 2101//1699 1514//1098 1515//1099
f 2105//1703 1492//1104 1491//1105
f 2106//1704 1501//1117 1502//1086
f 2104//1702 1515//1099 1516//1100
f 2108//1706 1493//1103 1492//1104
f 2109//1707 1500//1116 1501//1117
f 2107//1705 1516//1100 1517//1101
f 2111//1709 1494//1102 1493//1103
f 2112//1710 1499//1115 1500//1116
f 2110//1708 1517//1101 1494//1102
f 2100//1698 1504//1088 1505//1089
f 2114//1712 1498//1114 1499//1115
f 2113//1711 1505//1089 1506//1090
f 2116//1714 1497//1113 1498//1114
f 2115//1713 1506//1090 1507//1091
f 2118//1716 1496//1112 1497//1113
f 2117//1715 1507//1091 1508//1092
f 2120//1718 1495//1111 1496//1112
f 2119//1717 1508//1092 1509//1093
f 2122//1720 1486//1110 1495//1111
f 2121//1719 1509//1093 1510//1094
f 2124//1722 1487//1109 1486//1110
f 2123//1721 1510//1094 1511//1095
f 2096//1694 1488//1108 1487//1109
f 2063//1661 2096//1694 2124//1722
f 2085//1683 2123//1721 2093//1691
f 2062//1660 2124//1722 2122//1720
f 2084//1682 2121//1719 2123//1721
f 2070//1668 2061//1659 2122//1720
f 2083//1681 2119//1717 2121//1719
f 2071//1669 2070//1668 2120//1718
f 2082//1680 2117//1715 2119//1717
f 2071//1669 2118//1716 2116//1714
f 2081//1679 2115//1713 2117//1715
f 2072//1670 2116//1714 2114//1712
f 2080//1678 2113//1711 2115//1713
f 2073//1671 2114//1712 2112//1710
f 2079//1677 2100//1698 2113//1711
f 2069//1667 2092//1690 2110//1708
f 2074//1672 2112//1710 2109//1707
f 2068//1666 2069//1667 2111//1709
f 2092//1690 2091//1689 2107//1705
f 2075//1673 2109//1707 2106//1704
f 2067//1665 2068//1666 2108//1706
f 2091//1689 2090//1688 2104//1702
f 2077//1675 2076//1674 2106//1704
f 2066//1664 2067//1665 2105//1703
f 2090//1688 2089//1687 2101//1699
f 2078//1676 2077//1675 2103//1701
f 2065//1663 2066//1664 2102//1700
f 2089//1687 2088//1686 2097//1695
f 2079//1677 2078//1676 2099//1697
f 2064//1662 2065//1663 2098//1696
f 2088//1686 2087//1685 2094//1692
f 2063//1661 2064//1662 2095//1693
f 2087//1685 2086//1684 2093//1691
f 2051//1649 2050//1648 2156//543
f 2046//1644 2045//1643 2138//543
f 2049//1647 2155//543 2156//543
f 2049//1647 2048//1646 2153//543
f 2047//1645 2046//1644 2154//543
f 2002//1600 2003//1601 2136//543
f 2048//1646 2047//1645 2152//543
f 2040//1638 2039//1637 2133//543
f 2060//1658 2149//543 2141//543
f 1998//1597 2002//1600 2151//543
f 2041//1639 2040//1638 2150//543
f 2059//1657 2147//543 2149//543
f 1997//1596 1998//1597 2148//543
f 2058//1656 2145//543 2147//543
f 1991//1593 1997//1596 2146//543
f 2058//1656 2057//1655 2143//543
f 1990//1592 1991//1593 2144//543
f 2057//1655 2056//1654 2140//543
f 1990//1592 2142//543 2139//543
f 2044//1642 2043//1641 2128//543
f 2005//1603 2141//543 2135//543
f 2055//1653 2134//543 2140//543
f 1988//1591 2139//543 2132//543
f 2045//1643 2044//1642 2137//543
f 2003//1601 2004//1602 2135//543
f 2054//1652 2131//543 2134//543
f 2039//1637 2038//1636 2132//543
f 2053//1651 2129//543 2131//543
f 2042//1640 2041//1639 2130//543
f 2052//1650 2126//543 2129//543
f 2042//1640 2127//543 2128//543
f 2051//1649 2125//543 2126//543
f 1380//1099 2188//1099 2161//1100
f 1393//1112 2187//1246 2159//1113
f 1379//1098 2186//1098 2188//1099
f 1392//1111 2185//1730 2187//1246
f 1378//1097 2184//1097 2186//1098
f 1391//1110 2183//1729 2185//1730
f 1377//1096 2182//1243 2184//1097
f 1390//1109 2181//1109 2183//1729
f 1376//1095 2180//1728 2182//1243
f 1389//1108 2179//1108 2181//1109
f 1375//1094 2178//1727 2180//1728
f 1388//1107 2177//1107 2179//1108
f 1374//1093 2176//1093 2178//1727
f 1387//1106 2175//1106 2177//1107
f 1373//1092 2174//1092 2176//1093
f 1386//1105 2173//1105 2175//1106
f 1372//1091 2172//1091 2174//1092
f 1385//1104 2171//1104 2173//1105
f 1398//1117 2170//1117 2157//1723
f 1371//1090 2169//1090 2172//1091
f 1384//1103 2168//1726 2171//1104
f 1397//1116 2167//1116 2170//1117
f 1370//1089 2166//1089 2169//1090
f 1383//1102 2165//1725 2168//1726
f 1396//1115 2164//1115 2167//1116
f 1369//1088 2163//1088 2166//1089
f 1382//1101 2162//1101 2165//1725
f 1395//1114 2160//1114 2164//1115
f 1368//1087 2158//1724 2163//1088
f 1381//1100 2161//1100 2162//1101
f 1394//1113 2159//1113 2160//1114
f 1367//1086 2157//1723 2158//1724
f 2461//1545 2190//1247 2178//1727
f 2470//1548 2192//1249 2015//1613
f 2190//1247 2191//1250 2180//1728
f 2191//1250 2193//1252 2168//1726
f 2488//1554 2194//1251 2023//1621
f 2470//1548 2191//1250 2165//1725
f 2193//1252 2191//1250 2190//1247
f 2194//1251 2195//1254 2189//1248
f 2030//1628 2031//1629 2195//1254
f 2185//1730 2196//1253 2479//1551
f 2030//1628 2194//1251 2488//1554
f 2183//1729 2193//1252 2196//1253
f 2158//1724 2190//1247 2461//1545
f 2006//1604 2195//1254 2479//1551
f 2157//1723 2196//1253 2190//1247
f 2006//1604 2007//1605 2189//1248
f 2246//1780 2245//1779 2213//1747
f 2233//1767 2232//1766 2200//1734
f 2260//1794 2259//1793 2227//1761
f 2247//1781 2246//1780 2214//1748
f 2234//1768 2233//1767 2201//1735
f 2229//1763 2260//1794 2228//1762
f 2248//1782 2247//1781 2215//1749
f 2235//1769 2234//1768 2202//1736
f 2249//1783 2248//1782 2216//1750
f 2236//1770 2235//1769 2203//1737
f 2250//1784 2249//1783 2217//1751
f 2237//1771 2236//1770 2204//1738
f 2251//1785 2250//1784 2218//1752
f 2238//1772 2237//1771 2205//1739
f 2252//1786 2251//1785 2219//1753
f 2239//1773 2238//1772 2206//1740
f 2253//1787 2252//1786 2220//1754
f 2240//1774 2239//1773 2207//1741
f 2254//1788 2253//1787 2221//1755
f 2241//1775 2240//1774 2208//1742
f 2255//1789 2254//1788 2222//1756
f 2242//1776 2241//1775 2209//1743
f 2256//1790 2255//1789 2223//1757
f 2243//1777 2242//1776 2210//1744
f 2230//1764 2229//1763 2197//1731
f 2257//1791 2256//1790 2224//1758
f 2244//1778 2243//1777 2211//1745
f 2231//1765 2230//1764 2198//1732
f 2258//1792 2257//1791 2225//1759
f 2245//1779 2244//1778 2212//1746
f 2232//1766 2231//1765 2199//1733
f 2259//1793 2258//1792 2226//1760
f 2254//1788 2286//1820 2285//1819
f 2273//1807 2272//1806 2240//1774
f 2287//1821 2286//1820 2254//1788
f 2274//1808 2273//1807 2241//1775
f 2288//1822 2287//1821 2255//1789
f 2243//1777 2275//1809 2274//1808
f 2262//1796 2261//1795 2229//1763
f 2257//1791 2289//1823 2288//1822
f 2276//1810 2275//1809 2243//1777
f 2263//1797 2262//1796 2230//1764
f 2290//1824 2289//1823 2257//1791
f 2245//1779 2277//1811 2276//1810
f 2264//1798 2263//1797 2231//1765
f 2291//1825 2290//1824 2258//1792
f 2246//1780 2278//1812 2277//1811
f 2265//1799 2264//1798 2232//1766
f 2292//1826 2291//1825 2259//1793
f 2279//1813 2278//1812 2246//1780
f 2266//1800 2265//1799 2233//1767
f 2229//1763 2261//1795 2292//1826
f 2280//1814 2279//1813 2247//1781
f 2267//1801 2266//1800 2234//1768
f 2281//1815 2280//1814 2248//1782
f 2268//1802 2267//1801 2235//1769
f 2250//1784 2282//1816 2281//1815
f 2269//1803 2268//1802 2236//1770
f 2251//1785 2283//1817 2282//1816
f 2270//1804 2269//1803 2237//1771
f 2252//1786 2284//1818 2283//1817
f 2271//1805 2270//1804 2238//1772
f 2253//1787 2285//1819 2284//1818
f 2272//1806 2271//1805 2239//1773
f 2295//1829 2296//1830 2289//1823
f 2268//1802 2317//1851 2318//1852
f 2297//1831 2298//1832 2287//1821
f 2322//1856 2323//1857 2262//1796
f 2281//1815 2304//1838 2305//1839
f 2274//1808 2311//1845 2312//1846
f 2309//1843 2310//1844 2275//1809
f 2267//1801 2318//1852 2319//1853
f 2298//1832 2299//1833 2286//1820
f 2289//1823 2296//1830 2297//1831
f 2280//1814 2305//1839 2306//1840
f 2273//1807 2312//1846 2313//1847
f 2310//1844 2311//1845 2274//1808
f 2261//1795 2324//1858 2293//1827
f 2286//1820 2299//1833 2300//1834
f 2319//1853 2320//1854 2265//1799
f 2313//1847 2314//1848 2271//1805
f 2306//1840 2307//1841 2278//1812
f 2300//1834 2301//1835 2284//1818
f 2293//1827 2294//1828 2291//1825
f 2314//1848 2315//1849 2270//1804
f 2320//1854 2321//1855 2264//1798
f 2301//1835 2302//1836 2283//1817
f 2307//1841 2308//1842 2277//1811
f 2315//1849 2316//1850 2269//1803
f 2291//1825 2294//1828 2295//1829
f 2283//1817 2302//1836 2303//1837
f 2321//1855 2322//1856 2263//1797
f 2269//1803 2316//1850 2317//1851
f 2277//1811 2308//1842 2309//1843
f 2303//1837 2304//1838 2281//1815
f 2323//1857 2324//1858 2261//1795
f 2353//1887 2354//1888 2322//1856
f 2327//1861 2328//1862 2296//1830
f 2323//1857 2355//1889 2356//1890
f 2342//1876 2343//1877 2311//1845
f 2329//1863 2330//1864 2298//1832
f 2330//1864 2331//1865 2299//1833
f 2316//1850 2348//1882 2349//1883
f 2299//1833 2331//1865 2332//1866
f 2318//1852 2350//1884 2351//1885
f 2344//1878 2345//1879 2313//1847
f 2301//1835 2333//1867 2334//1868
f 2303//1837 2335//1869 2336//1870
f 2332//1866 2333//1867 2301//1835
f 2356//1890 2325//1859 2293//1827
f 2314//1848 2346//1880 2347//1881
f 2305//1839 2337//1871 2338//1872
f 2339//1873 2340//1874 2308//1842
f 2302//1836 2334//1868 2335//1869
f 2341//1875 2342//1876 2310//1844
f 2352//1886 2353//1887 2321//1855
f 2311//1845 2343//1877 2344//1878
f 2336//1870 2337//1871 2305//1839
f 2326//1860 2327//1861 2295//1829
f 2313//1847 2345//1879 2346//1880
f 2347//1881 2348//1882 2316//1850
f 2306//1840 2338//1872 2339//1873
f 2322//1856 2354//1888 2355//1889
f 2349//1883 2350//1884 2318//1852
f 2296//1830 2328//1862 2329//1863
f 2351//1885 2352//1886 2320//1854
f 2308//1842 2340//1874 2341//1875
f 2325//1859 2326//1860 2294//1828
f 2386//1920 2387//1921 2355//1889
f 2339//1873 2371//1905 2372//1906
f 2328//1862 2360//1894 2361//1895
f 2341//1875 2373//1907 2374//1908
f 2355//1889 2387//1921 2388//1922
f 2375//1909 2376//1910 2344//1878
f 2362//1896 2363//1897 2331//1865
f 2345//1879 2377//1911 2378//1912
f 2364//1898 2365//1899 2333//1867
f 2347//1881 2379//1913 2380//1914
f 2334//1868 2366//1900 2367//1901
f 2381//1915 2382//1916 2350//1884
f 2336//1870 2368//1902 2369//1903
f 2351//1885 2383//1917 2384//1918
f 2325//1859 2357//1891 2358//1892
f 2370//1904 2371//1905 2339//1873
f 2385//1919 2386//1920 2354//1888
f 2359//1893 2360//1894 2328//1862
f 2372//1906 2373//1907 2341//1875
f 2380//1914 2381//1915 2349//1883
f 2361//1895 2362//1896 2330//1864
f 2342//1876 2374//1908 2375//1909
f 2382//1916 2383//1917 2351//1885
f 2331//1865 2363//1897 2364//1898
f 2344//1878 2376//1910 2377//1911
f 2356//1890 2388//1922 2357//1891
f 2333//1867 2365//1899 2366//1900
f 2378//1912 2379//1913 2347//1881
f 2352//1886 2384//1918 2385//1919
f 2367//1901 2368//1902 2336//1870
f 2326//1860 2358//1892 2359//1893
f 2337//1871 2369//1903 2370//1904
f 2394//1928 2395//1929 2363//1897
f 2377//1911 2409//1943 2410//1944
f 2396//1930 2397//1931 2365//1899
f 2379//1913 2411//1945 2412//1946
f 2398//1932 2399//1933 2367//1901
f 2381//1915 2413//1947 2414//1948
f 2400//1934 2401//1935 2369//1903
f 2415//1949 2416//1950 2384//1918
f 2357//1891 2389//1923 2390//1924
f 2402//1936 2403//1937 2371//1905
f 2417//1951 2418//1952 2386//1920
f 2391//1925 2392//1926 2360//1894
f 2404//1938 2405//1939 2373//1907
f 2412//1946 2413//1947 2381//1915
f 2361//1895 2393//1927 2394//1928
f 2374//1908 2406//1940 2407//1941
f 2382//1916 2414//1948 2415//1949
f 2363//1897 2395//1929 2396//1930
f 2376//1910 2408//1942 2409//1943
f 2420//1954 2389//1923 2357//1891
f 2365//1899 2397//1931 2398//1932
f 2410//1944 2411//1945 2379//1913
f 2384//1918 2416//1950 2417//1951
f 2367//1901 2399//1933 2400//1934
f 2390//1924 2391//1925 2359//1893
f 2369//1903 2401//1935 2402//1936
f 2386//1920 2418//1952 2419//1953
f 2371//1905 2403//1937 2404//1938
f 2392//1926 2393//1927 2361//1895
f 2405//1939 2406//1940 2374//1908
f 2387//1921 2419//1953 2420//1954
f 2407//1941 2408//1942 2376//1910
f 2390//1924 2389//1923 2420//1954
f 2420//1954 2419//1953 2418//1952
f 2418//1952 2417//1951 2416//1950
f 2416//1950 2415//1949 2414//1948
f 2414//1948 2413//1947 2412//1946
f 2412//1946 2411//1945 2410//1944
f 2410//1944 2409//1943 2408//1942
f 2408//1942 2407//1941 2406//1940
f 2406//1940 2405//1939 2404//1938
f 2404//1938 2403//1937 2402//1936
f 2402//1936 2401//1935 2400//1934
f 2400//1934 2399//1933 2398//1932
f 2398//1932 2397//1931 2396//1930
f 2396//1930 2395//1929 2394//1928
f 2394//1928 2393//1927 2392//1926
f 2392//1926 2391//1925 2390//1924
f 2390//1924 2420//1954 2418//1952
f 2418//1952 2416//1950 2414//1948
f 2414//1948 2412//1946 2410//1944
f 2410//1944 2408//1942 2406//1940
f 2406//1940 2404//1938 2402//1936
f 2402//1936 2400//1934 2398//1932
f 2398//1932 2396//1930 2394//1928
f 2394//1928 2392//1926 2390//1924
f 2390//1924 2418//1952 2414//1948
f 2414//1948 2410//1944 2406//1940
f 2406//1940 2402//1936 2398//1932
f 2398//1932 2394//1928 2390//1924
f 2390//1924 2414//1948 2406//1940
f 2223//1757 2447//1981 2448//1982
f 2210//1744 2434//1968 2435//1969
f 2197//1731 2421//1955 2422//1956
f 2448//1982 2449//1983 2225//1759
f 2211//1745 2435//1969 2436//1970
f 2422//1956 2423//1957 2199//1733
f 2225//1759 2449//1983 2450//1984
f 2436//1970 2437//1971 2213//1747
f 2423//1957 2424//1958 2200//1734
f 2226//1760 2450//1984 2451//1985
f 2437//1971 2438//1972 2214//1748
f 2200//1734 2424//1958 2425//1959
f 2451//1985 2452//1986 2228//1762
f 2214//1748 2438//1972 2439//1973
f 2201//1735 2425//1959 2426//1960
f 2452//1986 2421//1955 2197//1731
f 2439//1973 2440//1974 2216//1750
f 2426//1960 2427//1961 2203//1737
f 2440//1974 2441//1975 2217//1751
f 2203//1737 2427//1961 2428//1962
f 2217//1751 2441//1975 2442//1976
f 2428//1962 2429//1963 2205//1739
f 2442//1976 2443//1977 2219//1753
f 2205//1739 2429//1963 2430//1964
f 2443//1977 2444//1978 2220//1754
f 2206//1740 2430//1964 2431//1965
f 2220//1754 2444//1978 2445//1979
f 2207//1741 2431//1965 2432//1966
f 2445//1979 2446//1980 2222//1756
f 2208//1742 2432//1966 2433//1967
f 2446//1980 2447//1981 2223//1757
f 2433//1967 2434//1968 2210//1744
f 1890//1523 1891//1524 2434//1968
f 1904//1537 1905//1538 2448//1982
f 1891//1524 1892//1525 2435//1969
f 1878//1511 1879//1512 2422//1956
f 1905//1538 1906//1539 2449//1983
f 1892//1525 1893//1526 2436//1970
f 1879//1512 1880//1513 2423//1957
f 1906//1539 1907//1540 2450//1984
f 1893//1526 1894//1527 2437//1971
f 1880//1513 1881//1514 2424//1958
f 1907//1540 1908//1541 2451//1985
f 1894//1527 1895//1528 2438//1972
f 1881//1514 1882//1515 2425//1959
f 1908//1541 1909//1542 2452//1986
f 1895//1528 1896//1529 2439//1973
f 1882//1515 1883//1516 2426//1960
f 1909//1542 1878//1511 2421//1955
f 1896//1529 1897//1530 2440//1974
f 1883//1516 1884//1517 2427//1961
f 1897//1530 1898//1531 2441//1975
f 1884//1517 1885//1518 2428//1962
f 1898//1531 1899//1532 2442//1976
f 1885//1518 1886//1519 2429//1963
f 1899//1532 1900//1533 2443//1977
f 1886//1519 1887//1520 2430//1964
f 1900//1533 1901//1534 2444//1978
f 1887//1520 1888//1521 2431//1965
f 1901//1534 1902//1535 2445//1979
f 1888//1521 1889//1522 2432//1966
f 1902//1535 1903//1536 2446//1980
f 1889//1522 1890//1523 2433//1967
f 1903//1536 1904//1537 2447//1981
f 2007//1605 2453//1543 2461//1545
f 2461//1545 2460//1544 2014//1612
f 2176//1093 2459//1093 2460//1544
f 2174//1092 2458//1092 2459//1093
f 2172//1091 2457//1091 2458//1092
f 2169//1090 2456//1090 2457//1091
f 2166//1089 2455//1089 2456//1090
f 2163//1088 2454//1088 2455//1089
f 2158//1724 2453//1543 2454//1088
f 2470//1548 2464//1546 2022//1620
f 2470//1548 2465//1547 2180//1728
f 2188//1099 2469//1099 2462//1100
f 2186//1098 2468//1098 2469//1099
f 2184//1097 2467//1097 2468//1098
f 2182//1243 2466//1096 2467//1097
f 2180//1728 2465//1547 2466//1096
f 2162//1101 2463//1101 2464//1546
f 2161//1100 2462//1100 2463//1101
f 2157//1723 2471//1549 2479//1551
f 2031//1629 2477//1550 2479//1551
f 2187//1246 2478//1112 2472//1113
f 2185//1730 2477//1550 2478//1112
f 2170//1117 2476//1117 2471//1549
f 2167//1116 2475//1116 2476//1117
f 2164//1115 2474//1115 2475//1116
f 2160//1114 2473//1114 2474//1115
f 2159//1113 2472//1113 2473//1114
f 2183//1729 2487//1553 2488//1554
f 2488//1554 2480//1552 2168//1726
f 2181//1109 2486//1109 2487//1553
f 2179//1108 2485//1108 2486//1109
f 2177//1107 2484//1107 2485//1108
f 2175//1106 2483//1106 2484//1107
f 2173//1105 2482//1105 2483//1106
f 2171//1104 2481//1104 2482//1105
f 2168//1726 2480//1552 2481//1104
f 2576//2053 2577//2054 1353//1074
f 2573//2051 2574//543 2489//1987
f 5292//2584 5263//2555 5261//2553
f 2571//2049 2570//180 1946//1555
f 2494//1991 2490//1062 1341//1062
f 2492//1989 2499//1995 1954//1562
f 2621//2077 2566//2045 2551//2033
f 1992//543 2496//1993 2497//1993
f 2001//1599 2498//1994 2495//1992
f 1994//1595 2495//1992 2521//2012
f 2491//1988 2504//1999 1959//1566
f 1361//1080 2590//1080 2591//1080
f 1993//1594 2501//1997 2523//2014
f 1999//1598 2503//1998 2501//1997
f 5293//2585 5262//2554 5265//2557
f 2606//2070 2602//1996 2502//1996
f 655//539 2505//2000 2525//2016
f 668//549 2507//2002 2505//2000
f 5295//2587 5294//2586 5272//2564
f 1185//961 2525//2016 2526//2017
f 2514//2009 2524//2015 2504//1999
f 2513//2008 2523//2014 2524//2015
f 2516//2011 2522//2013 2499//1995
f 2516//2011 2515//2010 2521//2012
f 2542//2007 2520//2007 2494//1991
f 2543//2006 2519//2006 2520//2007
f 2509//2004 2518//2007 2493//1990
f 2510//2005 2517//2006 2518//2007
f 5298//2590 5295//2587 5273//2565
f 2525//2016 2513//2008 2514//2009
f 2522//2013 2509//2004 2489//1987
f 2522//2013 2521//2012 2510//2005
f 2520//2007 2512//2007 2490//1062
f 2519//2006 2511//2006 2512//2007
f 2517//2006 2543//2006 2542//2007
f 2518//2007 2542//2007 2538//2023
f 667//548 2506//2001 2541//2026
f 2602//1996 2599//2065 2500//1996
f 2000//543 2497//1993 2539//2024
f 2493//1990 2538//2023 2527//2018
f 2517//2006 1995//1590 2535//1590
f 2497//1993 1996//1590 2535//1590
f 2607//2071 2605//2069 2536//2021
f 2533//1578 2534//1577 1976//1577
f 2531//2020 2533//1578 1977//1578
f 2592//2062 1963//1570 1958//1565
f 1361//1080 2530//1080 2532//1561
f 2527//2018 2531//2020 1950//1558
f 1976//1577 2534//1577 2528//1063
f 1955//1561 2532//1561 2528//1063
f 1347//1068 2589//1080 2590//1080
f 1966//1573 2596//2064 1264//1017
f 2614//2074 2615//2075 2546//2029
f 2551//2033 2566//2045 2564//2043
f 2614//2074 2618//2078 2560//2039
f 2620//2076 2567//2046 2557//2037
f 2498//1994 2548//2031 2559//2038
f 2548//2031 2549//2031 2558//2038
f 2549//2031 2616//2076 2557//2037
f 2539//2024 2559//2038 2554//2035
f 2559//2038 2558//2038 2555//2035
f 2558//2038 2557//2037 2556//2036
f 2553//2034 2548//2031 2498//1994
f 2552//2034 2549//2031 2548//2031
f 2551//2033 2550//2032 2549//2031
f 2561//2040 2562//2041 2564//2043
f 2567//2046 2563//2042 2560//2039
f 2618//2078 2561//2040 2566//2045
f 2620//2076 2619//2079 2563//2042
f 2560//2039 2563//2042 2547//2030
f 2562//2041 2561//2040 2545//2028
f 2557//2037 2567//2046 2565//2044
f 2619//2079 2562//2041 2546//2029
f 1354//1075 2568//2047 2573//2051
f 2575//2052 2572//2050 1954//1562
f 1946//1555 2570//180 2569//2048
f 1954//1562 2572//2050 2571//2049
f 2577//2054 2576//2053 2578//2055
f 2580//2057 2579//2056 2577//2054
f 2527//2018 2581//2058 2578//2055
f 2579//2056 2580//2057 2538//2023
f 2531//2020 2578//2055 2576//2053
f 2580//2057 2581//2058 2527//2018
f 1360//1079 2588//2061 2596//2064
f 2635//2087 2633//2087 2611//180
f 1989//180 2595//180 2586//180
f 2631//2085 2596//2064 2588//2061
f 2627//2081 2588//2061 2594//2063
f 2585//180 2586//180 2593//180
f 2630//2084 2624//180 1303//180
f 1176//180 1262//180 2595//180
f 2600//2066 2599//2065 2602//1996
f 2609//2072 2604//2066 2600//2066
f 2601//2067 2602//1996 2606//2070
f 2603//2068 2601//2067 2605//2069
f 1262//180 1263//180 2598//180
f 2586//180 2587//180 2597//180
f 2595//180 2598//180 2587//180
f 2634//2086 2636//2088 2591//1080
f 2608//543 2604//2066 2609//2072
f 1288//543 2608//543 2610//2073
f 1958//1565 2529//2019 1961//1568
f 1961//1568 2529//2019 1344//1065
f 2583//2060 1348//1069 1359//1078
f 1359//1078 1348//1069 1344//1065
f 1958//1565 2582//2059 1359//1078
f 1348//1069 2583//2060 1963//1570
f 2593//180 2597//180 2613//180
f 2594//2063 2592//2062 2639//2090
f 2584//180 2593//180 2612//180
f 2502//1996 2000//543 2537//2022
f 2523//2014 2515//2010 2516//2011
f 2524//2015 2516//2011 2492//1989
f 2504//1999 2492//1989 1349//1070
f 2500//1996 1992//543 2000//543
f 2501//1997 1994//1595 2515//2010
f 2503//1998 2001//1599 1994//1595
f 1975//1582 1974//1581 1982//1585
f 1949//1557 1975//1582 1983//1586
f 1349//1070 1949//1557 1962//1569
f 1344//1065 1963//1570 2592//2062
f 1974//1581 1352//1073 1960//1567
f 1961//1568 1960//1567 1352//1073
f 2540//2025 2537//2022 2001//1599
f 2597//180 2623//180 2625//180
f 1263//180 1303//180 2624//180
f 2587//180 2622//180 2623//180
f 2598//180 2624//180 2622//180
f 2639//2090 2592//2062 2591//1080
f 2547//2030 2563//2042 2619//2079
f 2564//2043 2562//2041 2619//2079
f 2560//2039 2618//2078 2621//2077
f 2556//2036 2617//2077 2552//2034
f 2555//2035 2552//2034 2553//2034
f 2554//2035 2553//2034 2001//1599
f 2550//2032 2564//2043 2620//2076
f 2545//2028 2561//2040 2618//2078
f 2544//2027 2547//2030 2615//2075
f 2530//1080 2591//1080 2592//2062
f 1210//543 2541//2026 2507//2002
f 2536//2021 2540//2025 2503//1998
f 2565//2044 2621//2077 2617//2077
f 2539//2024 2535//1590 1995//1590
f 2541//2026 2536//2021 1999//1598
f 2530//1080 1362//1081 1956//1563
f 2532//1561 1956//1563 1355//1063
f 2625//180 2638//2089 2637//2087
f 2634//2086 2648//2086 2650//2086
f 2628//2082 2638//2089 2625//180
f 2632//2086 2646//2088 2648//2086
f 2612//180 2613//180 2637//2087
f 2651//2087 2649//2087 2635//2087
f 2596//2064 2631//2085 1309//1039
f 2627//2081 2641//2092 2645//2096
f 2622//180 2626//2080 2628//2082
f 2639//2090 2653//2098 2643//2094
f 2624//180 2630//2084 2626//2080
f 2630//2084 2644//2095 2640//2091
f 2590//1080 2589//1080 2632//2086
f 2642//2093 2652//2097 2638//2089
f 2652//2097 2653//2098 2650//2086
f 2643//2094 2653//2098 2652//2097
f 2649//2087 2651//2087 2650//2086
f 2645//2096 2644//2095 1324//1051
f 2640//2091 2641//2092 2643//2094
f 2644//2095 2645//2096 2641//2092
f 2648//2086 2646//2088 2647//2087
f 2649//2087 2647//2087 2633//2087
f 2631//2085 2645//2096 1325//1052
f 1308//1038 1324//1051 2644//2095
f 2652//2097 2651//2087 2637//2087
f 2626//2080 2640//2091 2642//2093
f 2636//2088 2650//2086 2653//2098
f 2629//2083 2643//2094 2641//2092
f 3291//523 635//523 3//3
f 3282//2171 2654//2099 3266//2156
f 2763//1152 2762//1151 2739//1128
f 3269//2158 3266//2156 2654//2099
f 3279//2168 3278//2167 2664//2106
f 2749//1170 2748//1169 2725//1146
f 2762//1151 2761//1150 2738//2118
f 4599//2410 4589//2404 5668//2929
f 2748//1169 2747//1168 2724//1145
f 2761//1150 2760//2120 2737//2117
f 2747//1168 2746//1167 2723//1144
f 2737//2117 2760//2120 2759//1066
f 3276//2165 3896//2298 3894//2296
f 3907//2302 3902//2300 2674//2112
f 3914//2305 3920//2311 3919//2310
f 618//507 3268//507 2669//3
f 2723//1144 2746//1167 2745//1166
f 2759//1066 2758//1067 2735//1124
f 3289//523 2668//3 2654//2099
f 3845//523 3291//523 2669//3
f 2730//1119 2729//1118 2931//1253
f 2741//1130 2740//1129 3243//1097
f 2728//1149 2727//1148 3233//1116
f 2715//1136 2714//1135 3224//1552
f 2742//1131 2741//1130 3244//1098
f 2729//1118 2728//1149 3234//1117
f 2716//1137 2715//1136 3225//1104
f 2743//1132 2742//1131 3245//1099
f 2717//1138 2716//1137 3226//1105
f 2744//1133 2743//1132 3246//1100
f 2731//1120 2730//1119 3251//1543
f 2718//1139 2717//1138 3227//1106
f 2713//1134 2744//1133 3247//1101
f 2732//1121 2731//1120 3252//1088
f 2719//1140 2718//1139 3228//1107
f 2733//1122 2732//1121 3253//1089
f 2720//1141 2719//1140 3229//1108
f 2734//1123 2733//1122 3254//1090
f 2721//2115 2720//1141 3230//1109
f 2735//1124 2734//1123 3255//1091
f 2736//1125 2735//1124 3256//1092
f 2723//1144 2722//2116 3236//2145
f 2737//2117 2736//1125 3257//1093
f 2724//1145 2723//1144 3237//1112
f 2722//2116 2721//2115 2928//1252
f 2725//1146 2724//1145 3238//1113
f 2739//1128 2738//2118 3248//2147
f 2726//1147 2725//1146 3239//1114
f 2740//1129 2739//1128 3249//1096
f 2727//1148 2726//1147 3240//1115
f 2727//1148 2750//1171 2749//1170
f 2714//1135 2679//2114 2680//1157
f 2764//1153 2763//1152 2740//1129
f 2728//1149 2751//1172 2750//1171
f 2715//1136 2678//1159 2679//2114
f 2742//1131 2765//1154 2764//1153
f 2752//1085 2751//1172 2728//1149
f 2716//1137 2677//1160 2678//1159
f 2743//1132 2766//1155 2765//1154
f 2730//1119 2753//2119 2752//1085
f 2671//1161 2677//1160 2716//1137
f 2767//1156 2766//1155 2743//1132
f 2754//1083 2753//2119 2730//1119
f 2718//1139 2670//1162 2671//1161
f 2713//1134 2680//1157 2767//1156
f 2755//1082 2754//1083 2731//1120
f 2660//1163 2670//1162 2718//1139
f 2756//1077 2755//1082 2732//1121
f 2659//1164 2660//1163 2719//1140
f 2757//1076 2756//1077 2733//1122
f 2721//2115 2657//1165 2659//1164
f 2735//1124 2758//1067 2757//1076
f 2722//2116 2745//1166 2657//1165
f 2865//180 2791//1174 2790//1175
f 2867//180 2782//2122 2781//1202
f 2868//180 2792//1173 2791//1174
f 2781//1202 2780//1201 2869//180
f 2793//1182 2792//1173 2868//180
f 2778//1199 2777//1198 2871//180
f 2794//1183 2793//1182 2870//180
f 2774//1191 2775//1190 2874//180
f 2784//1181 2783//1204 2876//180
f 2777//1198 2768//1197 2878//180
f 2795//1184 2794//1183 2873//180
f 2874//180 2775//1190 2776//1189
f 2876//180 2783//1204 2782//2122
f 2878//180 2768//1197 2769//1196
f 2796//1185 2795//1184 2879//180
f 2769//1196 2770//2121 2883//180
f 2797//1186 2796//1185 2882//180
f 2770//2121 2771//1194 2885//180
f 2798//2123 2797//1186 2884//180
f 2771//1194 2772//1193 2887//180
f 2799//1188 2798//2123 2886//180
f 2780//1201 2779//1200 2889//180
f 2772//1193 2773//1192 2890//180
f 2880//180 2776//1189 2799//1188
f 2779//1200 2778//1199 2872//180
f 2892//180 2787//1178 2786//1179
f 2773//1192 2774//1191 2875//180
f 2786//1179 2785//1180 2893//180
f 2894//180 2788//1177 2787//1178
f 2789//1176 2788//1177 2894//180
f 2785//1180 2784//1181 2877//180
f 2864//180 2790//1175 2789//1176
f 2826//1112 2825//1111 2832//1232
f 2802//1092 2803//1091 2834//1229
f 2827//1113 2826//1112 2833//1230
f 2803//1091 2804//1090 2837//1227
f 2818//1104 2817//1103 2838//1220
f 2828//1114 2827//1113 2836//1228
f 2804//1090 2805//1089 2841//1225
f 2817//1103 2816//1102 2842//1223
f 2829//1115 2828//1114 2840//1226
f 2805//1089 2806//1088 2844//1212
f 2816//1102 2815//1101 2845//1222
f 2830//1116 2829//1115 2843//1224
f 2806//1088 2807//1087 2847//1211
f 2815//1101 2814//1100 2848//1219
f 2831//1117 2830//1116 2846//1221
f 2807//1087 2808//1086 2850//1215
f 2814//1100 2813//1099 2851//1216
f 2808//1086 2831//1117 2849//1218
f 2819//1105 2818//1104 2839//1217
f 2813//1099 2812//1098 2853//1213
f 2820//1106 2819//1105 2852//1214
f 2812//1098 2811//1097 2855//1209
f 2821//1107 2820//1106 2854//1210
f 2811//1097 2810//1096 2857//1206
f 2822//1108 2821//1107 2856//1207
f 2810//1096 2809//1095 2859//1205
f 2823//1109 2822//1108 2858//1208
f 2809//1095 2800//1094 2861//1235
f 2824//1110 2823//1109 2860//1236
f 2800//1094 2801//1093 2863//1233
f 2825//1111 2824//1110 2862//1234
f 2801//1093 2802//1092 2835//1231
f 2863//1233 2835//1231 2770//2121
f 2832//1232 2862//1234 2792//1173
f 2861//1235 2863//1233 2769//1196
f 2862//1234 2860//1236 2791//1174
f 2859//1205 2861//1235 2768//1197
f 2860//1236 2858//1208 2790//1175
f 2778//1199 2857//1206 2859//1205
f 2858//1208 2856//1207 2789//1176
f 2855//1209 2857//1206 2778//1199
f 2856//1207 2854//1210 2788//1177
f 2853//1213 2855//1209 2779//1200
f 2854//1210 2852//1214 2787//1178
f 2851//1216 2853//1213 2780//1201
f 2852//1214 2839//1217 2786//1179
f 2776//1189 2850//1215 2849//1218
f 2848//1219 2851//1216 2781//1202
f 2775//1190 2847//1211 2850//1215
f 2799//1188 2849//1218 2846//1221
f 2845//1222 2848//1219 2782//2122
f 2774//1191 2844//1212 2847//1211
f 2798//2123 2846//1221 2843//1224
f 2784//1181 2842//1223 2845//1222
f 2773//1192 2841//1225 2844//1212
f 2797//1186 2843//1224 2840//1226
f 2785//1180 2838//1220 2842//1223
f 2837//1227 2841//1225 2773//1192
f 2796//1185 2840//1226 2836//1228
f 2786//1179 2839//1217 2838//1220
f 2771//1194 2834//1229 2837//1227
f 2795//1184 2836//1228 2833//1230
f 2835//1231 2834//1229 2771//1194
f 2794//1183 2833//1230 2832//1232
f 2758//1067 2864//180 2895//180
f 2753//2119 2893//180 2877//180
f 2895//180 2894//180 2756//1077
f 2756//1077 2894//180 2892//180
f 2754//1083 2891//180 2893//180
f 2677//1160 2890//180 2875//180
f 2755//1082 2892//180 2891//180
f 2747//1168 2889//180 2872//180
f 2880//180 2888//180 2767//1156
f 2671//1161 2887//180 2890//180
f 2748//1169 2869//180 2889//180
f 2888//180 2886//180 2766//1155
f 2670//1162 2885//180 2887//180
f 2886//180 2884//180 2765//1154
f 2660//1163 2883//180 2885//180
f 2765//1154 2884//180 2882//180
f 2659//1164 2881//180 2883//180
f 2764//1153 2882//180 2879//180
f 2878//180 2881//180 2659//1164
f 2751//1172 2876//180 2867//180
f 2874//180 2880//180 2680//1157
f 2879//180 2873//180 2762//1151
f 2871//180 2878//180 2657//1165
f 2752//1085 2877//180 2876//180
f 2678//1159 2875//180 2874//180
f 2873//180 2870//180 2761//1150
f 2746//1167 2872//180 2871//180
f 2870//180 2868//180 2760//2120
f 2749//1170 2866//180 2869//180
f 2868//180 2865//180 2759//1066
f 2867//180 2866//180 2749//1170
f 2865//180 2864//180 2758//1067
f 2900//1116 2927//1115 2694//1115
f 2898//1097 2926//1243 2707//1096
f 2927//1115 2925//1114 2693//1114
f 2926//1243 2924//2127 2706//1095
f 2925//1114 2923//1113 2692//1113
f 2924//2127 2922//2126 2705//1094
f 2923//1113 2921//1246 2691//1112
f 2922//2126 2920//1093 2704//1093
f 2921//1246 2919//2125 2690//1111
f 2920//1093 2918//1092 2703//1092
f 2919//2125 2917//2124 2689//1110
f 2918//1092 2916//1091 2702//1091
f 2917//2124 2915//1109 2688//1109
f 2916//1091 2914//1090 2701//1090
f 2915//1109 2913//1108 2687//1108
f 2914//1090 2912//1089 2700//1089
f 2913//1108 2911//1107 2686//1107
f 2912//1089 2910//1088 2699//1088
f 2896//1239 2909//1101 2712//1101
f 2911//1107 2908//1106 2685//1106
f 2910//1088 2907//1238 2698//1087
f 2909//1101 2906//1100 2711//1100
f 2908//1106 2905//1105 2684//1105
f 2907//1238 2904//1237 2697//1086
f 2906//1100 2903//1099 2710//1099
f 2905//1105 2902//1104 2683//1104
f 2904//1237 2901//1117 2696//1117
f 2903//1099 2899//1098 2709//1098
f 2902//1104 2897//1240 2682//1103
f 2901//1117 2900//1116 2695//1116
f 2899//1098 2898//1097 2708//1097
f 2897//1240 2896//1239 2681//1102
f 3232//1554 3231//2144 2917//2124
f 3241//2146 3236//2145 2722//2116
f 2929//1251 2917//2124 2919//2125
f 2930//1254 2904//1237 2907//1238
f 3259//1545 3251//1543 2730//1119
f 3241//2146 3235//1549 2904//1237
f 2929//1251 2930//1254 2932//1248
f 2933//1247 2931//1253 2928//1252
f 2737//2117 2933//1247 2934//1250
f 3250//2148 2935//1249 2924//2127
f 3259//1545 2933//1247 2737//2117
f 2935//1249 2932//1248 2922//2126
f 3232//1554 2929//1251 2897//1240
f 3250//2148 2934//1250 2713//1134
f 2929//1251 2935//1249 2896//1239
f 2713//1134 2934//1250 2928//1252
f 2952//2132 2984//1287 2985//1288
f 2939//1274 2971//1306 2972//1307
f 2966//1269 2998//1301 2999//1302
f 2953//1256 2985//1288 2986//1289
f 2940//1275 2972//1307 2973//1308
f 2967//1270 2999//1302 2968//1303
f 2954//1257 2986//1289 2987//1290
f 2941//1276 2973//1308 2974//1309
f 2955//1258 2987//1290 2988//1291
f 2942//1277 2974//1309 2975//2135
f 2956//1259 2988//1291 2989//1292
f 2943//1278 2975//2135 2976//1311
f 2957//1260 2989//1292 2990//1293
f 2944//2129 2976//1311 2977//1312
f 2958//1261 2990//1293 2991//1294
f 2945//1280 2977//1312 2978//1313
f 2959//1262 2991//1294 2992//1295
f 2946//2130 2978//1313 2979//1314
f 2960//2133 2992//1295 2993//1296
f 2947//2131 2979//1314 2980//1315
f 2961//1264 2993//1296 2994//1297
f 2948//1283 2980//1315 2981//1316
f 2962//1265 2994//1297 2995//1298
f 2949//1284 2981//1316 2982//1317
f 2936//2128 2968//1303 2969//1304
f 2963//2134 2995//1298 2996//1299
f 2950//1285 2982//1317 2983//1318
f 2937//1272 2969//1304 2970//1305
f 2964//1267 2996//1299 2997//1300
f 2951//1286 2983//1318 2984//1287
f 2938//1273 2970//1305 2971//1306
f 2965//1268 2997//1300 2998//1301
f 2993//1296 2992//1295 3024//1327
f 2979//1314 3011//1346 3012//1347
f 2993//1296 3025//1328 3026//1329
f 2980//1315 3012//1347 3013//1348
f 2994//1297 3026//1329 3027//1330
f 2981//1316 3013//1348 3014//1349
f 2968//1303 3000//1335 3001//1336
f 2995//1298 3027//1330 3028//1331
f 2982//1317 3014//1349 3015//1350
f 2969//1304 3001//1336 3002//1337
f 2996//1299 3028//1331 3029//1332
f 2983//1318 3015//1350 3016//1319
f 2970//1305 3002//1337 3003//1338
f 2997//1300 3029//1332 3030//1333
f 2985//1288 2984//1287 3016//1319
f 2971//1306 3003//1338 3004//1339
f 2998//1301 3030//1333 3031//1334
f 2986//1289 2985//1288 3017//1320
f 2972//1307 3004//1339 3005//1340
f 2968//1303 2999//1302 3031//1334
f 2986//1289 3018//1321 3019//1322
f 2974//1309 2973//1308 3005//1340
f 2988//1291 2987//1290 3019//1322
f 2974//1309 3006//1341 3007//1342
f 2988//1291 3020//1323 3021//1324
f 2976//1311 2975//2135 3007//1342
f 2989//1292 3021//1324 3022//1325
f 2977//1312 2976//1311 3008//1343
f 2991//1294 2990//1293 3022//1325
f 2977//1312 3009//1344 3010//1345
f 2992//1295 2991//1294 3023//1326
f 2978//1313 3010//1345 3011//1346
f 3029//1332 3028//1331 3035//1370
f 3007//1342 3006//1341 3057//1360
f 3026//1329 3037//1372 3036//1371
f 3002//1337 3001//1336 3062//2136
f 3019//1322 3044//1379 3043//1378
f 3013//1348 3012//1347 3051//1354
f 3014//1349 3049//1352 3048//1351
f 3005//1340 3058//1361 3057//1360
f 3025//1328 3038//1373 3037//1372
f 3028//1331 3027//1330 3036//1371
f 3019//1322 3018//1321 3045//1380
f 3012//1347 3011//1346 3052//1355
f 3013//1348 3050//1353 3049//1352
f 3000//1335 3031//1334 3032//1367
f 3024//1327 3039//1374 3038//1373
f 3004//1339 3059//1362 3058//1361
f 3010//1345 3053//1356 3052//1355
f 3017//1320 3046//1381 3045//1380
f 3023//1326 3040//1375 3039//1374
f 3030//1333 3033//1368 3032//1367
f 3009//1344 3054//1357 3053//1356
f 3003//1338 3060//1363 3059//1362
f 3022//1325 3041//1376 3040//1375
f 3016//1319 3047//1382 3046//1381
f 3008//1343 3055//1358 3054//1357
f 3030//1333 3029//1332 3034//1369
f 3021//1324 3042//1377 3041//1376
f 3002//1337 3061//1364 3060//1363
f 3008//1343 3007//1342 3056//1359
f 3016//1319 3015//1350 3048//1351
f 3020//1323 3043//1378 3042//1377
f 3001//1336 3000//1335 3063//1366
f 3061//1364 3093//1396 3092//1395
f 3035//1370 3067//1402 3066//1401
f 3062//2136 3063//1366 3095//1398
f 3050//1353 3082//1385 3081//1384
f 3037//1372 3069//2137 3068//1403
f 3038//1373 3070//2138 3069//2137
f 3055//1358 3056//1359 3088//1391
f 3039//1374 3071//1406 3070//2138
f 3057//1360 3058//1361 3090//1393
f 3052//1355 3084//1387 3083//1386
f 3041//1376 3073//1408 3072//1407
f 3042//1377 3043//1378 3075//1410
f 3040//1375 3072//1407 3071//1406
f 3032//1367 3064//1399 3095//1398
f 3053//1356 3054//1357 3086//1389
f 3044//1379 3045//1380 3077//1412
f 3047//1382 3079//1414 3078//1413
f 3041//1376 3042//1377 3074//1409
f 3049//1352 3081//1384 3080//1383
f 3060//1363 3092//1395 3091//1394
f 3050//1353 3051//1354 3083//1386
f 3044//1379 3076//1411 3075//1410
f 3034//1369 3066//1401 3065//1400
f 3052//1355 3053//1356 3085//2139
f 3054//1357 3055//1358 3087//1390
f 3046//1381 3078//1413 3077//1412
f 3061//1364 3062//2136 3094//2140
f 3056//1359 3057//1360 3089//1392
f 3035//1370 3036//1371 3068//1403
f 3058//1361 3059//1362 3091//1394
f 3047//1382 3048//1351 3080//1383
f 3033//1368 3065//1400 3064//1399
f 3093//1396 3094//2140 3126//1429
f 3078//1413 3079//1414 3111//1446
f 3067//1402 3068//1403 3100//1435
f 3081//1384 3113//1416 3112//1415
f 3095//1398 3127//1430 3126//1429
f 3083//1386 3115//1418 3114//1417
f 3070//2138 3102//1437 3101//1436
f 3084//1387 3085//2139 3117//1420
f 3072//1407 3104//1439 3103//1438
f 3086//1389 3087//1390 3119//1422
f 3073//1408 3074//1409 3106//1441
f 3089//1392 3121//1424 3120//1423
f 3075//1410 3076//1411 3108//1443
f 3090//1393 3091//1394 3123//1426
f 3064//1399 3065//1400 3097//1432
f 3078//1413 3110//1445 3109//1444
f 3093//1396 3125//1428 3124//1427
f 3067//1402 3099//1434 3098//1433
f 3080//1383 3112//1415 3111//1446
f 3088//1391 3120//1423 3119//1422
f 3069//2137 3101//1436 3100//1435
f 3081//1384 3082//1385 3114//1417
f 3090//1393 3122//1425 3121//1424
f 3070//2138 3071//1406 3103//1438
f 3083//1386 3084//1387 3116//1419
f 3095//1398 3064//1399 3096//1431
f 3073//1408 3105//1440 3104//1439
f 3086//1389 3118//1421 3117//1420
f 3091//1394 3092//1395 3124//1427
f 3075//1410 3107//1442 3106//1441
f 3065//1400 3066//1401 3098//1433
f 3076//1411 3077//1412 3109//1444
f 3102//1437 3134//2141 3133//1468
f 3117//1420 3149//1452 3148//1451
f 3104//1439 3136//1471 3135//1470
f 3118//1421 3119//1422 3151//1454
f 3106//1441 3138//1473 3137//1472
f 3121//1424 3153//1456 3152//1455
f 3108//1443 3140//1475 3139//1474
f 3123//1426 3155//1458 3154//1457
f 3096//1431 3097//1432 3129//1464
f 3110//1445 3142//1477 3141//1476
f 3125//1428 3157//1460 3156//1459
f 3098//1433 3099//1434 3131//1466
f 3112//1415 3144//1447 3143//1478
f 3120//1423 3152//1455 3151//1454
f 3100//1435 3101//1436 3133//1468
f 3113//1416 3114//1417 3146//1449
f 3122//1425 3154//1457 3153//1456
f 3102//1437 3103//1438 3135//1470
f 3115//1418 3116//1419 3148//1451
f 3096//1431 3128//1463 3159//1462
f 3104//1439 3105//1440 3137//1472
f 3118//1421 3150//2142 3149//1452
f 3123//1426 3124//1427 3156//1459
f 3107//1442 3139//1474 3138//1473
f 3098//1433 3130//1465 3129//1464
f 3108//1443 3109//1444 3141//1476
f 3125//1428 3126//1429 3158//1461
f 3110//1445 3111//1446 3143//1478
f 3100//1435 3132//1467 3131//1466
f 3113//1416 3145//1448 3144//1447
f 3126//1429 3127//1430 3159//1462
f 3115//1418 3147//1450 3146//1449
f 3159//1462 3128//1463 3129//1464
f 3129//1464 3130//1465 3131//1466
f 3131//1466 3132//1467 3133//1468
f 3133//1468 3134//2141 3135//1470
f 3135//1470 3136//1471 3137//1472
f 3137//1472 3138//1473 3139//1474
f 3139//1474 3140//1475 3141//1476
f 3141//1476 3142//1477 3143//1478
f 3143//1478 3144//1447 3145//1448
f 3145//1448 3146//1449 3147//1450
f 3147//1450 3148//1451 3149//1452
f 3149//1452 3150//2142 3151//1454
f 3151//1454 3152//1455 3153//1456
f 3153//1456 3154//1457 3155//1458
f 3155//1458 3156//1459 3157//1460
f 3157//1460 3158//1461 3159//1462
f 3159//1462 3129//1464 3131//1466
f 3131//1466 3133//1468 3135//1470
f 3135//1470 3137//1472 3139//1474
f 3139//1474 3141//1476 3143//1478
f 3143//1478 3145//1448 3147//1450
f 3147//1450 3149//1452 3151//1454
f 3151//1454 3153//1456 3155//1458
f 3155//1458 3157//1460 3159//1462
f 3159//1462 3131//1466 3135//1470
f 3135//1470 3139//1474 3143//1478
f 3143//1478 3147//1450 3151//1454
f 3151//1454 3155//1458 3159//1462
f 3159//1462 3135//1470 3143//1478
f 2962//1265 2963//2134 3187//1490
f 2949//1284 2950//1285 3174//1509
f 2936//2128 2937//1272 3161//1496
f 2964//1267 3188//1491 3187//1490
f 2950//1285 2951//1286 3175//1510
f 2938//1273 3162//1497 3161//1496
f 2964//1267 2965//1268 3189//1492
f 2952//2132 3176//1479 3175//1510
f 2939//1274 3163//1498 3162//1497
f 2965//1268 2966//1269 3190//1493
f 2953//1256 3177//1480 3176//1479
f 2939//1274 2940//1275 3164//1499
f 2967//1270 3191//1494 3190//1493
f 2953//1256 2954//1257 3178//1481
f 2940//1275 2941//1276 3165//1500
f 2936//2128 3160//1495 3191//1494
f 2955//1258 3179//1482 3178//1481
f 2942//1277 3166//1501 3165//1500
f 2956//1259 3180//1483 3179//1482
f 2942//1277 2943//1278 3167//1502
f 2956//1259 2957//1260 3181//1484
f 2944//2129 3168//1503 3167//1502
f 2958//1261 3182//1485 3181//1484
f 2944//2129 2945//1280 3169//1504
f 2959//1262 3183//1486 3182//1485
f 2945//1280 2946//2130 3170//1505
f 2959//1262 2960//2133 3184//1487
f 2947//2131 3171//1506 3170//1505
f 2961//1264 3185//1488 3184//1487
f 2947//2131 2948//1283 3172//1507
f 2962//1265 3186//1489 3185//1488
f 2949//1284 3173//1508 3172//1507
f 3173//1508 3205//1540 3204//1539
f 3187//1490 3219//1522 3218//1521
f 3174//1509 3206//1541 3205//1540
f 3161//1496 3193//1528 3192//1527
f 3188//1491 3220//1523 3219//1522
f 3175//1510 3207//1542 3206//1541
f 3162//1497 3194//1529 3193//1528
f 3189//1492 3221//1524 3220//1523
f 3176//1479 3208//1511 3207//1542
f 3163//1498 3195//1530 3194//1529
f 3190//1493 3222//1525 3221//1524
f 3177//1480 3209//1512 3208//1511
f 3164//1499 3196//1531 3195//1530
f 3191//1494 3223//1526 3222//1525
f 3178//1481 3210//1513 3209//1512
f 3165//1500 3197//1532 3196//1531
f 3160//1495 3192//1527 3223//1526
f 3179//1482 3211//1514 3210//1513
f 3166//1501 3198//1533 3197//1532
f 3180//1483 3212//1515 3211//1514
f 3167//1502 3199//1534 3198//1533
f 3181//1484 3213//1516 3212//1515
f 3168//1503 3200//2143 3199//1534
f 3182//1485 3214//1517 3213//1516
f 3169//1504 3201//1536 3200//2143
f 3183//1486 3215//1518 3214//1517
f 3170//1505 3202//1537 3201//1536
f 3184//1487 3216//1519 3215//1518
f 3171//1506 3203//1538 3202//1537
f 3185//1488 3217//1520 3216//1519
f 3172//1507 3204//1539 3203//1538
f 3186//1489 3218//1521 3217//1520
f 2714//1135 2928//1252 3232//1554
f 2721//2115 3231//2144 3232//1554
f 3231//2144 3230//1109 2915//1109
f 3230//1109 3229//1108 2913//1108
f 3229//1108 3228//1107 2911//1107
f 3228//1107 3227//1106 2908//1106
f 3227//1106 3226//1105 2905//1105
f 3226//1105 3225//1104 2902//1104
f 3225//1104 3224//1552 2897//1240
f 2729//1118 3235//1549 3241//2146
f 2919//2125 3236//2145 3241//2146
f 3233//1116 3240//1115 2927//1115
f 3240//1115 3239//1114 2925//1114
f 3239//1114 3238//1113 2923//1113
f 3238//1113 3237//1112 2921//1246
f 3237//1112 3236//2145 2919//2125
f 3235//1549 3234//1117 2901//1117
f 3234//1117 3233//1116 2900//1116
f 2896//1239 2935//1249 3250//2148
f 2738//2118 2934//1250 3250//2148
f 3243//1097 3249//1096 2926//1243
f 3249//1096 3248//2147 2924//2127
f 3242//1546 3247//1101 2909//1101
f 3247//1101 3246//1100 2906//1100
f 3246//1100 3245//1099 2903//1099
f 3245//1099 3244//1098 2899//1098
f 3244//1098 3243//1097 2898//1097
f 2922//2126 2932//1248 3259//1545
f 2907//1238 3251//1543 3259//1545
f 3258//2149 3257//1093 2920//1093
f 3257//1093 3256//1092 2918//1092
f 3256//1092 3255//1091 2916//1091
f 3255//1091 3254//1090 2914//1090
f 3254//1090 3253//1089 2912//1089
f 3253//1089 3252//1088 2910//1088
f 3252//1088 3251//1543 2907//1238
f 2666//2108 3889//2291 3891//2293
f 3802//2226 3886//543 3887//2289
f 2663//2105 3262//2152 3280//2169
f 3881//2286 3880//2050 2667//2109
f 2//2 611//2 3265//2155
f 3267//2157 3270//2159 3263//2153
f 10//10 2675//23 3268//507
f 2676//2113 2665//2107 3266//2156
f 3266//2156 5654//2915 5660//2921
f 3272//2161 3275//2164 3262//2152
f 3848//2259 3915//2306 3916//2307
f 3895//2297 3918//2309 3920//2311
f 3266//2156 2665//2107 5653//2914
f 2674//2112 2664//2106 3273//2162
f 3277//2166 3280//2169 3261//2151
f 3817//2239 3914//2305 3917//2308
f 3972//2338 5664//2925 5663//2924
f 2673//2111 2656//2101 3278//2167
f 3280//2169 3298//2183 3284//2173
f 3298//2183 3297//2182 3283//2172
f 3275//2164 3296//2181 3286//2175
f 3296//2181 3295//2180 3285//2174
f 3263//2153 3270//2159 3294//2179
f 3294//2179 3293//2178 3287//2176
f 3265//2155 3292//524 3844//524
f 3292//524 3291//523 3845//523
f 3264//2154 3290//524 3281//2170
f 3290//524 3289//523 3282//2171
f 3262//2152 3286//2175 3298//2183
f 3286//2175 3285//2174 3297//2182
f 3270//2159 3260//2150 3281//2170
f 3281//2170 3282//2171 3293//2178
f 611//2 636//524 3292//524
f 636//524 635//523 3291//523
f 3830//959 3307//538 654//538
f 3808//2232 3299//2184 3821//2243
f 3345//1614 3368//1637 3369//1638
f 3810//2233 3306//538 3299//2184
f 3818//2240 3312//2190 3304//2186
f 3331//1632 3354//1655 3355//1656
f 3344//2196 3367//1636 3368//1637
f 3816//2238 3304//2186 3824//2246
f 3330//1631 3353//1654 3354//1655
f 3343//2195 3366//2197 3367//1636
f 3329//1630 3352//1653 3353//1654
f 3343//2195 3342//1611 3365//1592
f 3817//2239 3310//2188 3895//2297
f 1167//946 654//538 3307//538
f 3329//1630 3328//2194 3351//1652
f 3341//1610 3364//1593 3365//1592
f 3299//2184 3306//538 3828//959
f 3855//959 3846//538 3307//538
f 3505//1254 3335//1604 3336//1605
f 3785//1097 3346//1615 3347//1616
f 3775//1116 3333//1634 3334//1635
f 3766//1552 3320//1621 3321//1622
f 3786//1098 3347//1616 3348//1617
f 3776//1117 3334//1635 3335//1604
f 3767//1104 3321//1622 3322//1623
f 3787//1099 3348//1617 3349//1618
f 3768//1105 3322//1623 3323//1624
f 3788//1100 3349//1618 3350//1619
f 3793//1543 3336//1605 3337//1606
f 3769//1106 3323//1624 3324//1625
f 3789//1101 3350//1619 3319//1620
f 3794//1088 3337//1606 3338//1607
f 3770//1107 3324//1625 3325//1626
f 3795//1089 3338//1607 3339//1608
f 3771//1108 3325//1626 3326//1627
f 3796//1090 3339//1608 3340//1609
f 3772//1109 3326//1627 3327//2193
f 3797//1091 3340//1609 3341//1610
f 3798//1092 3341//1610 3342//1611
f 3778//2145 3328//2194 3329//1630
f 3799//1093 3342//1611 3343//2195
f 3779//1112 3329//1630 3330//1631
f 3502//1251 3327//2193 3328//2194
f 3780//1113 3330//1631 3331//1632
f 3790//2147 3344//2196 3345//1614
f 3781//1114 3331//1632 3332//1633
f 3791//1096 3345//1614 3346//1615
f 3782//1115 3332//1633 3333//1634
f 3333//1634 3332//1633 3355//1656
f 3320//1621 3319//1620 3318//2192
f 3347//1616 3346//1615 3369//1638
f 3334//1635 3333//1634 3356//1657
f 3321//1622 3320//1621 3317//1644
f 3348//1617 3347//1616 3370//1639
f 3334//1635 3357//1658 3358//1603
f 3322//1623 3321//1622 3316//1645
f 3349//1618 3348//1617 3371//1640
f 3335//1604 3358//1603 3359//1602
f 3322//1623 3315//1646 3309//1647
f 3349//1618 3372//1641 3373//1642
f 3336//1605 3359//1602 3360//1601
f 3324//1625 3323//1624 3309//1647
f 3319//1620 3350//1619 3373//1642
f 3337//1606 3360//1601 3361//1600
f 3324//1625 3308//1648 3303//1649
f 3338//1607 3361//1600 3362//1597
f 3325//1626 3303//1649 3302//1650
f 3339//1608 3362//1597 3363//1596
f 3327//2193 3326//1627 3302//1650
f 3341//1610 3340//1609 3363//1596
f 3328//2194 3327//2193 3301//1651
f 3439//543 3438//543 3396//1661
f 3441//543 3440//543 3387//1688
f 3442//543 3439//543 3397//1660
f 3443//543 3386//2199 3387//1688
f 3442//543 3398//1659 3399//1668
f 3445//543 3383//1684 3384//1685
f 3444//543 3399//1668 3400//1669
f 3448//543 3381//1676 3380//1677
f 3450//543 3389//1690 3390//1667
f 3452//543 3374//1683 3383//1684
f 3447//543 3400//1669 3401//1670
f 3454//543 3382//1675 3381//1676
f 3450//543 3441//543 3388//2200
f 3452//543 3455//543 3375//1682
f 3453//543 3401//1670 3402//1671
f 3457//543 3376//2198 3375//1682
f 3456//543 3402//1671 3403//1672
f 3459//543 3377//1680 3376//2198
f 3458//543 3403//1672 3404//2201
f 3461//543 3378//1679 3377//1680
f 3460//543 3404//2201 3405//1674
f 3463//543 3385//1686 3386//2199
f 3464//543 3379//1678 3378//1679
f 3454//543 3462//543 3405//1674
f 3446//543 3384//1685 3385//1686
f 3465//543 3392//1665 3393//1664
f 3449//543 3380//1677 3379//1678
f 3467//543 3391//1666 3392//1665
f 3468//543 3466//543 3393//1664
f 3468//543 3394//1663 3395//1662
f 3451//543 3390//1667 3391//1666
f 3438//543 3469//543 3395//1662
f 3406//1718 2825//1111 2826//1112
f 3408//1715 2803//1091 2802//1092
f 3407//1716 2826//1112 2827//1113
f 3411//1713 2804//1090 2803//1091
f 3412//1706 2817//1103 2818//1104
f 3410//1714 2827//1113 2828//1114
f 3415//1711 2805//1089 2804//1090
f 3416//1709 2816//1102 2817//1103
f 3414//1712 2828//1114 2829//1115
f 3418//1698 2806//1088 2805//1089
f 3419//1708 2815//1101 2816//1102
f 3417//1710 2829//1115 2830//1116
f 3421//1697 2807//1087 2806//1088
f 3422//1705 2814//1100 2815//1101
f 3420//1707 2830//1116 2831//1117
f 3424//1701 2808//1086 2807//1087
f 3425//1702 2813//1099 2814//1100
f 3423//1704 2831//1117 2808//1086
f 3413//1703 2818//1104 2819//1105
f 3427//1699 2812//1098 2813//1099
f 3426//1700 2819//1105 2820//1106
f 3429//1695 2811//1097 2812//1098
f 3428//1696 2820//1106 2821//1107
f 3431//1692 2810//1096 2811//1097
f 3430//1693 2821//1107 2822//1108
f 3433//1691 2809//1095 2810//1096
f 3432//1694 2822//1108 2823//1109
f 3435//1721 2800//1094 2809//1095
f 3434//1722 2823//1109 2824//1110
f 3437//1719 2801//1093 2800//1094
f 3436//1720 2824//1110 2825//1111
f 3409//1717 2802//1092 2801//1093
f 3376//2198 3409//1717 3437//1719
f 3398//1659 3436//1720 3406//1718
f 3375//1682 3437//1719 3435//1721
f 3397//1660 3434//1722 3436//1720
f 3374//1683 3435//1721 3433//1691
f 3396//1661 3432//1694 3434//1722
f 3384//1685 3383//1684 3433//1691
f 3395//1662 3430//1693 3432//1694
f 3384//1685 3431//1692 3429//1695
f 3394//1663 3428//1696 3430//1693
f 3385//1686 3429//1695 3427//1699
f 3393//1664 3426//1700 3428//1696
f 3386//2199 3427//1699 3425//1702
f 3392//1665 3413//1703 3426//1700
f 3382//1675 3405//1674 3423//1704
f 3387//1688 3425//1702 3422//1705
f 3381//1676 3382//1675 3424//1701
f 3404//2201 3420//1707 3423//1704
f 3388//2200 3422//1705 3419//1708
f 3380//1677 3381//1676 3421//1697
f 3404//2201 3403//1672 3417//1710
f 3390//1667 3389//1690 3419//1708
f 3379//1678 3380//1677 3418//1698
f 3403//1672 3402//1671 3414//1712
f 3391//1666 3390//1667 3416//1709
f 3379//1678 3415//1711 3411//1713
f 3402//1671 3401//1670 3410//1714
f 3392//1665 3391//1666 3412//1706
f 3377//1680 3378//1679 3411//1713
f 3401//1670 3400//1669 3407//1716
f 3377//1680 3408//1715 3409//1717
f 3400//1669 3399//1668 3406//1718
f 3364//1593 3363//1596 3469//543
f 3359//1602 3358//1603 3451//543
f 3362//1597 3468//543 3469//543
f 3362//1597 3361//1600 3466//543
f 3360//1601 3359//1602 3467//543
f 3315//1646 3316//1645 3449//543
f 3361//1600 3360//1601 3465//543
f 3353//1654 3352//1653 3446//543
f 3373//1642 3462//543 3454//543
f 3309//1647 3315//1646 3464//543
f 3354//1655 3353//1654 3463//543
f 3372//1641 3460//543 3462//543
f 3308//1648 3309//1647 3461//543
f 3371//1640 3458//543 3460//543
f 3303//1649 3308//1648 3459//543
f 3371//1640 3370//1639 3456//543
f 3302//1650 3303//1649 3457//543
f 3370//1639 3369//1638 3453//543
f 3302//1650 3455//543 3452//543
f 3357//1658 3356//1657 3441//543
f 3318//2192 3454//543 3448//543
f 3368//1637 3447//543 3453//543
f 3301//1651 3452//543 3445//543
f 3358//1603 3357//1658 3450//543
f 3316//1645 3317//1644 3448//543
f 3367//1636 3444//543 3447//543
f 3352//1653 3351//1652 3445//543
f 3366//2197 3442//543 3444//543
f 3355//1656 3354//1655 3443//543
f 3365//1592 3439//543 3442//543
f 3355//1656 3440//543 3441//543
f 3364//1593 3438//543 3439//543
f 2694//1115 3501//1115 3474//1116
f 2707//1096 3500//1243 3472//1097
f 2693//1114 3499//1114 3501//1115
f 2706//1095 3498//2205 3500//1243
f 2692//1113 3497//1113 3499//1114
f 2705//1094 3496//2204 3498//2205
f 2691//1112 3495//1246 3497//1113
f 2704//1093 3494//1093 3496//2204
f 2690//1111 3493//2203 3495//1246
f 2703//1092 3492//1092 3494//1093
f 2689//1110 3491//2202 3493//2203
f 2702//1091 3490//1091 3492//1092
f 2688//1109 3489//1109 3491//2202
f 2701//1090 3488//1090 3490//1091
f 2687//1108 3487//1108 3489//1109
f 2700//1089 3486//1089 3488//1090
f 2686//1107 3485//1107 3487//1108
f 2699//1088 3484//1088 3486//1089
f 2712//1101 3483//1101 3470//1725
f 2685//1106 3482//1106 3485//1107
f 2698//1087 3481//1724 3484//1088
f 2711//1100 3480//1100 3483//1101
f 2684//1105 3479//1105 3482//1106
f 2697//1086 3478//1723 3481//1724
f 2710//1099 3477//1099 3480//1100
f 2683//1104 3476//1104 3479//1105
f 2696//1117 3475//1117 3478//1723
f 2709//1098 3473//1098 3477//1099
f 2682//1103 3471//1726 3476//1104
f 2695//1116 3474//1116 3475//1117
f 2708//1097 3472//1097 3473//1098
f 2681//1102 3470//1725 3471//1726
f 3774//1554 3503//1252 3491//2202
f 3783//2146 3505//1254 3328//2194
f 3503//1252 3504//1253 3493//2203
f 3504//1253 3506//1247 3481//1724
f 3801//1545 3507//1248 3336//1605
f 3783//2146 3504//1253 3478//1723
f 3506//1247 3504//1253 3503//1252
f 3507//1248 3508//1249 3502//1251
f 3343//2195 3344//2196 3508//1249
f 3498//2205 3509//1250 3792//2148
f 3343//2195 3507//1248 3801//1545
f 3496//2204 3506//1247 3509//1250
f 3471//1726 3503//1252 3774//1554
f 3319//1620 3508//1249 3792//2148
f 3470//1725 3509//1250 3503//1252
f 3319//1620 3320//1621 3502//1251
f 3559//1764 3558//1763 3526//2210
f 3546//1783 3545//1782 3513//1750
f 3573//1778 3572//1777 3540//1745
f 3560//1765 3559//1764 3527//1732
f 3547//1784 3546//1783 3514//1751
f 3542//1779 3573//1778 3541//1746
f 3561//1766 3560//1765 3528//1733
f 3548//1785 3547//1784 3515//1752
f 3562//1767 3561//1766 3529//1734
f 3549//2213 3548//1785 3516//1753
f 3563//1768 3562//1767 3530//1735
f 3550//1787 3549//2213 3517//1754
f 3564//1769 3563//1768 3531//1736
f 3551//1788 3550//1787 3518//2207
f 3565//1770 3564//1769 3532//1737
f 3552//1789 3551//1788 3519//1756
f 3566//1771 3565//1770 3533//1738
f 3553//1790 3552//1789 3520//2208
f 3567//1772 3566//1771 3534//2211
f 3554//1791 3553//1790 3521//2209
f 3568//1773 3567//1772 3535//1740
f 3555//1792 3554//1791 3522//1759
f 3569//1774 3568//1773 3536//1741
f 3556//1793 3555//1792 3523//1760
f 3543//1780 3542//1779 3510//2206
f 3570//1775 3569//1774 3537//2212
f 3557//1794 3556//1793 3524//1761
f 3544//1781 3543//1780 3511//1748
f 3571//1776 3570//1775 3538//1743
f 3558//1763 3557//1794 3525//1762
f 3545//1782 3544//1781 3512//1749
f 3572//1777 3571//1776 3539//1744
f 3567//1772 3599//1804 3598//1803
f 3554//1791 3586//1823 3585//1822
f 3600//1805 3599//1804 3567//1772
f 3587//1824 3586//1823 3554//1791
f 3601//1806 3600//1805 3568//1773
f 3588//1825 3587//1824 3555//1792
f 3575//1812 3574//1811 3542//1779
f 3570//1775 3602//1807 3601//1806
f 3589//1826 3588//1825 3556//1793
f 3576//1813 3575//1812 3543//1780
f 3603//1808 3602//1807 3570//1775
f 3558//1763 3590//1795 3589//1826
f 3577//1814 3576//1813 3544//1781
f 3604//1809 3603//1808 3571//1776
f 3559//1764 3591//1796 3590//1795
f 3578//1815 3577//1814 3545//1782
f 3605//1810 3604//1809 3572//1777
f 3592//1797 3591//1796 3559//1764
f 3579//1816 3578//1815 3546//1783
f 3542//1779 3574//1811 3605//1810
f 3593//1798 3592//1797 3560//1765
f 3580//1817 3579//1816 3547//1784
f 3594//1799 3593//1798 3561//1766
f 3581//1818 3580//1817 3548//1785
f 3595//1800 3594//1799 3562//1767
f 3550//1787 3582//1819 3581//1818
f 3596//1801 3595//1800 3563//1768
f 3583//1820 3582//1819 3550//1787
f 3597//1802 3596//1801 3564//1769
f 3584//1821 3583//1820 3551//1788
f 3598//1803 3597//1802 3565//1770
f 3585//1822 3584//1821 3552//1789
f 3608//1845 3609//1846 3602//1807
f 3581//1818 3630//1835 3631//1836
f 3610//1847 3611//1848 3600//1805
f 3576//1813 3635//1840 3636//1841
f 3617//1854 3618//1855 3593//1798
f 3587//1824 3624//1829 3625//1830
f 3589//1826 3622//1827 3623//1828
f 3580//1817 3631//1836 3632//1837
f 3611//1848 3612//1849 3599//1804
f 3602//1807 3609//1846 3610//1847
f 3618//1855 3619//1856 3592//1797
f 3586//1823 3625//1830 3626//1831
f 3623//1828 3624//1829 3587//1824
f 3574//1811 3637//1842 3606//1843
f 3612//1849 3613//1850 3598//1803
f 3632//1837 3633//1838 3578//1815
f 3585//1822 3626//1831 3627//1832
f 3619//1856 3620//1857 3591//1796
f 3613//1850 3614//1851 3597//1802
f 3606//1843 3607//1844 3604//1809
f 3627//1832 3628//1833 3583//1820
f 3633//1838 3634//1839 3577//1814
f 3614//1851 3615//1852 3596//1801
f 3620//1857 3621//1858 3590//1795
f 3583//1820 3628//1833 3629//1834
f 3604//1809 3607//1844 3608//1845
f 3615//1852 3616//1853 3595//1800
f 3634//1839 3635//1840 3576//1813
f 3582//1819 3629//1834 3630//1835
f 3590//1795 3621//1858 3622//1827
f 3595//1800 3616//1853 3617//1854
f 3636//1841 3637//1842 3574//1811
f 3634//1839 3666//1871 3667//1872
f 3640//1877 3641//1878 3609//1846
f 3636//1841 3668//2217 3669//1874
f 3655//1860 3656//1861 3624//1829
f 3610//1847 3642//1879 3643//2214
f 3643//2214 3644//2215 3612//1849
f 3629//1834 3661//1866 3662//1867
f 3644//2215 3645//1882 3613//1850
f 3631//1836 3663//1868 3664//1869
f 3657//1862 3658//1863 3626//1831
f 3646//1883 3647//1884 3615//1852
f 3616//1853 3648//1885 3649//1886
f 3645//1882 3646//1883 3614//1851
f 3669//1874 3638//1875 3606//1843
f 3627//1832 3659//2216 3660//1865
f 3618//1855 3650//1887 3651//1888
f 3620//1857 3652//1889 3653//1890
f 3647//1884 3648//1885 3616//1853
f 3654//1859 3655//1860 3623//1828
f 3665//1870 3666//1871 3634//1839
f 3624//1829 3656//1861 3657//1862
f 3649//1886 3650//1887 3618//1855
f 3639//1876 3640//1877 3608//1845
f 3626//1831 3658//1863 3659//2216
f 3628//1833 3660//1865 3661//1866
f 3651//1888 3652//1889 3620//1857
f 3635//1840 3667//1872 3668//2217
f 3630//1835 3662//1867 3663//1868
f 3609//1846 3641//1878 3642//1879
f 3664//1869 3665//1870 3633//1838
f 3621//1858 3653//1890 3654//1859
f 3638//1875 3639//1876 3607//1844
f 3667//1872 3699//1904 3700//1905
f 3652//1889 3684//1921 3685//1922
f 3641//1878 3673//1910 3674//1911
f 3686//1891 3687//1892 3655//1860
f 3700//1905 3701//1906 3669//1874
f 3688//1893 3689//1894 3657//1862
f 3675//1912 3676//1913 3644//2215
f 3690//1895 3691//1896 3659//2216
f 3677//1914 3678//1915 3646//1883
f 3660//1865 3692//1897 3693//1898
f 3647//1884 3679//1916 3680//1917
f 3662//1867 3694//1899 3695//1900
f 3649//1886 3681//1918 3682//1919
f 3664//1869 3696//1901 3697//1902
f 3638//1875 3670//1907 3671//1908
f 3683//1920 3684//1921 3652//1889
f 3698//1903 3699//1904 3667//1872
f 3672//1909 3673//1910 3641//1878
f 3685//1922 3686//1891 3654//1859
f 3661//1866 3693//1898 3694//1899
f 3674//1911 3675//1912 3643//2214
f 3655//1860 3687//1892 3688//1893
f 3695//1900 3696//1901 3664//1869
f 3644//2215 3676//1913 3677//1914
f 3657//1862 3689//1894 3690//1895
f 3669//1874 3701//1906 3670//1907
f 3678//1915 3679//1916 3647//1884
f 3691//1896 3692//1897 3660//1865
f 3665//1870 3697//1902 3698//1903
f 3680//1917 3681//1918 3649//1886
f 3671//1908 3672//1909 3640//1877
f 3650//1887 3682//1919 3683//1920
f 3707//1944 3708//1945 3676//1913
f 3690//1895 3722//2222 3723//1928
f 3709//2219 3710//1947 3678//1915
f 3692//1897 3724//1929 3725//2223
f 3711//1948 3712//2220 3680//1917
f 3726//1931 3727//1932 3695//1900
f 3713//1950 3714//1951 3682//1919
f 3728//2224 3729//1934 3697//1902
f 3670//1907 3702//1939 3703//1940
f 3715//1952 3716//2221 3684//1921
f 3730//1935 3731//1936 3699//1904
f 3704//1941 3705//1942 3673//1910
f 3717//1954 3718//1923 3686//1891
f 3725//2223 3726//1931 3694//1899
f 3674//1911 3706//2218 3707//1944
f 3687//1892 3719//1924 3720//1925
f 3695//1900 3727//1932 3728//2224
f 3676//1913 3708//1945 3709//2219
f 3689//1894 3721//1926 3722//2222
f 3733//1938 3702//1939 3670//1907
f 3678//1915 3710//1947 3711//1948
f 3691//1896 3723//1928 3724//1929
f 3697//1902 3729//1934 3730//1935
f 3680//1917 3712//2220 3713//1950
f 3703//1940 3704//1941 3672//1909
f 3682//1919 3714//1951 3715//1952
f 3699//1904 3731//1936 3732//2225
f 3684//1921 3716//2221 3717//1954
f 3705//1942 3706//2218 3674//1911
f 3718//1923 3719//1924 3687//1892
f 3732//2225 3733//1938 3701//1906
f 3720//1925 3721//1926 3689//1894
f 3703//1940 3702//1939 3733//1938
f 3733//1938 3732//2225 3731//1936
f 3731//1936 3730//1935 3729//1934
f 3729//1934 3728//2224 3727//1932
f 3727//1932 3726//1931 3725//2223
f 3725//2223 3724//1929 3723//1928
f 3723//1928 3722//2222 3721//1926
f 3721//1926 3720//1925 3719//1924
f 3719//1924 3718//1923 3717//1954
f 3717//1954 3716//2221 3715//1952
f 3715//1952 3714//1951 3713//1950
f 3713//1950 3712//2220 3711//1948
f 3711//1948 3710//1947 3709//2219
f 3709//2219 3708//1945 3707//1944
f 3707//1944 3706//2218 3705//1942
f 3705//1942 3704//1941 3703//1940
f 3703//1940 3733//1938 3731//1936
f 3731//1936 3729//1934 3727//1932
f 3727//1932 3725//2223 3723//1928
f 3723//1928 3721//1926 3719//1924
f 3719//1924 3717//1954 3715//1952
f 3715//1952 3713//1950 3711//1948
f 3711//1948 3709//2219 3707//1944
f 3707//1944 3705//1942 3703//1940
f 3703//1940 3731//1936 3727//1932
f 3727//1932 3723//1928 3719//1924
f 3719//1924 3715//1952 3711//1948
f 3711//1948 3707//1944 3703//1940
f 3703//1940 3727//1932 3719//1924
f 3536//1741 3760//1965 3761//1966
f 3523//1760 3747//1984 3748//1985
f 3510//2206 3734//1971 3735//1972
f 3761//1966 3762//1967 3538//1743
f 3524//1761 3748//1985 3749//1986
f 3735//1972 3736//1973 3512//1749
f 3538//1743 3762//1967 3763//1968
f 3749//1986 3750//1955 3526//2210
f 3736//1973 3737//1974 3513//1750
f 3539//1744 3763//1968 3764//1969
f 3750//1955 3751//1956 3527//1732
f 3513//1750 3737//1974 3738//1975
f 3764//1969 3765//1970 3541//1746
f 3527//1732 3751//1956 3752//1957
f 3514//1751 3738//1975 3739//1976
f 3765//1970 3734//1971 3510//2206
f 3752//1957 3753//1958 3529//1734
f 3739//1976 3740//1977 3516//1753
f 3753//1958 3754//1959 3530//1735
f 3516//1753 3740//1977 3741//1978
f 3530//1735 3754//1959 3755//1960
f 3741//1978 3742//1979 3518//2207
f 3755//1960 3756//1961 3532//1737
f 3518//2207 3742//1979 3743//1980
f 3756//1961 3757//1962 3533//1738
f 3519//1756 3743//1980 3744//1981
f 3533//1738 3757//1962 3758//1963
f 3520//2208 3744//1981 3745//1982
f 3758//1963 3759//1964 3535//1740
f 3521//2209 3745//1982 3746//1983
f 3759//1964 3760//1965 3536//1741
f 3746//1983 3747//1984 3523//1760
f 3204//1539 3205//1540 3747//1984
f 3218//1521 3219//1522 3761//1966
f 3205//1540 3206//1541 3748//1985
f 3192//1527 3193//1528 3735//1972
f 3219//1522 3220//1523 3762//1967
f 3206//1541 3207//1542 3749//1986
f 3193//1528 3194//1529 3736//1973
f 3220//1523 3221//1524 3763//1968
f 3207//1542 3208//1511 3750//1955
f 3194//1529 3195//1530 3737//1974
f 3221//1524 3222//1525 3764//1969
f 3208//1511 3209//1512 3751//1956
f 3195//1530 3196//1531 3738//1975
f 3222//1525 3223//1526 3765//1970
f 3209//1512 3210//1513 3752//1957
f 3196//1531 3197//1532 3739//1976
f 3223//1526 3192//1527 3734//1971
f 3210//1513 3211//1514 3753//1958
f 3197//1532 3198//1533 3740//1977
f 3211//1514 3212//1515 3754//1959
f 3198//1533 3199//1534 3741//1978
f 3212//1515 3213//1516 3755//1960
f 3199//1534 3200//2143 3742//1979
f 3213//1516 3214//1517 3756//1961
f 3200//2143 3201//1536 3743//1980
f 3214//1517 3215//1518 3757//1962
f 3201//1536 3202//1537 3744//1981
f 3215//1518 3216//1519 3758//1963
f 3202//1537 3203//1538 3745//1982
f 3216//1519 3217//1520 3759//1964
f 3203//1538 3204//1539 3746//1983
f 3217//1520 3218//1521 3760//1965
f 3320//1621 3766//1552 3774//1554
f 3774//1554 3773//2144 3327//2193
f 3489//1109 3772//1109 3773//2144
f 3487//1108 3771//1108 3772//1109
f 3485//1107 3770//1107 3771//1108
f 3482//1106 3769//1106 3770//1107
f 3479//1105 3768//1105 3769//1106
f 3476//1104 3767//1104 3768//1105
f 3471//1726 3766//1552 3767//1104
f 3783//2146 3777//1549 3335//1604
f 3783//2146 3778//2145 3493//2203
f 3501//1115 3782//1115 3775//1116
f 3499//1114 3781//1114 3782//1115
f 3497//1113 3780//1113 3781//1114
f 3495//1246 3779//1112 3780//1113
f 3493//2203 3778//2145 3779//1112
f 3475//1117 3776//1117 3777//1549
f 3474//1116 3775//1116 3776//1117
f 3470//1725 3784//1546 3792//2148
f 3344//2196 3790//2147 3792//2148
f 3500//1243 3791//1096 3785//1097
f 3498//2205 3790//2147 3791//1096
f 3483//1101 3789//1101 3784//1546
f 3480//1100 3788//1100 3789//1101
f 3477//1099 3787//1099 3788//1100
f 3473//1098 3786//1098 3787//1099
f 3472//1097 3785//1097 3786//1098
f 3496//2204 3800//2149 3801//1545
f 3801//1545 3793//1543 3481//1724
f 3494//1093 3799//1093 3800//2149
f 3492//1092 3798//1092 3799//1093
f 3490//1091 3797//1091 3798//1092
f 3488//1090 3796//1090 3797//1091
f 3486//1089 3795//1089 3796//1090
f 3484//1088 3794//1088 3795//1089
f 3481//1724 3793//1543 3794//1088
f 3888//2290 3889//2291 2666//2108
f 3885//2288 3886//543 3802//2226
f 3819//2241 3804//2228 2663//2105
f 3883//2287 3882//180 3260//2150
f 3807//2231 1160//2 2//2
f 3805//2229 3811//2234 3267//2157
f 3930//1035 3878//2284 3863//2271
f 660//543 1167//946 3809//946
f 3314//2191 3810//2233 3808//2232
f 3305//2187 3808//2232 3832//2250
f 3804//2228 3815//2237 3272//2161
f 2675//23 3903//23 3904//23
f 3304//2186 3812//2235 3834//2252
f 3312//2190 3814//2236 3812//2235
f 3803//2227 3819//2241 3277//2166
f 3916//2307 3913//949 3813//949
f 3300//2185 3816//2238 3836//2254
f 3311//2189 3818//2240 3816//2238
f 3823//2245 3837//2255 3819//2241
f 3822//2244 3836//2254 3837//2255
f 3825//2247 3835//2253 3815//2237
f 3824//2246 3834//2252 3835//2253
f 3827//2249 3833//2251 3811//2234
f 3827//2249 3826//2248 3832//2250
f 3854//960 3831//960 3807//2231
f 3855//959 3830//959 3831//960
f 3820//2242 3829//960 3806//2230
f 3821//2243 3828//959 3829//960
f 3837//2255 3825//2247 3804//2228
f 3836//2254 3824//2246 3825//2247
f 3833//2251 3820//2242 3802//2226
f 3833//2251 3832//2250 3821//2243
f 3831//960 1184//960 1160//2
f 3830//959 1183//959 1184//960
f 3828//959 3855//959 3854//960
f 3829//960 3854//960 3850//2261
f 3310//2188 3817//2239 3853//2264
f 3913//949 1278//1022 1171//949
f 3313//543 3809//946 3851//2262
f 3806//2230 3850//2261 3838//2256
f 3828//959 3306//538 3846//538
f 3809//946 3307//538 3846//538
f 3917//2308 3915//2306 3848//2259
f 3844//524 3845//523 3289//523
f 3842//2258 3844//524 3290//524
f 3905//2301 3276//2165 3271//2160
f 2675//23 3841//23 3843//507
f 3838//2256 3842//2258 3264//2154
f 3289//523 3845//523 3839//3
f 3268//507 3843//507 3839//3
f 10//10 1268//23 3903//23
f 3279//2168 3909//2303 3899//2299
f 3923//1032 3924//1033 3858//2267
f 3863//2271 3878//2284 3876//2282
f 3923//1032 3927//1036 3872//2278
f 3929//1034 3879//2285 3869//2276
f 3810//2233 3860//2269 3871//2277
f 3860//2269 3861//2269 3870//2277
f 3861//2269 3925//1034 3869//2276
f 3851//2262 3871//2277 3866//2274
f 3871//2277 3870//2277 3867//2274
f 3870//2277 3869//2276 3868//2275
f 3865//2273 3860//2269 3810//2233
f 3864//2272 3861//2269 3860//2269
f 3863//2271 3862//2270 3861//2269
f 3873//2279 3874//2280 3876//2282
f 3879//2285 3875//2281 3872//2278
f 3927//1036 3873//2279 3878//2284
f 3929//1034 3928//1037 3875//2281
f 3872//2278 3875//2281 3859//2268
f 3874//2280 3873//2279 3857//2266
f 3869//2276 3879//2285 3877//2283
f 3928//1037 3874//2280 3858//2267
f 2667//2109 3880//2050 3885//2288
f 3887//2289 3884//2047 3267//2157
f 3260//2150 3882//180 3881//2286
f 3267//2157 3884//2047 3883//2287
f 3889//2291 3888//2290 3890//2292
f 3892//2294 3891//2293 3889//2291
f 3838//2256 3893//2295 3890//2292
f 3891//2293 3892//2294 3850//2261
f 3842//2258 3890//2292 3888//2290
f 3892//2294 3893//2295 3838//2256
f 2674//2112 3902//2300 3909//2303
f 3945//1047 1317//1047 1292//180
f 657//180 3908//180 3900//180
f 3943//2319 3909//2303 3902//2300
f 3939//2315 3902//2300 3907//2302
f 1261//180 3900//180 3906//180
f 3942//2318 3934//180 3931//180
f 1176//180 3897//180 3908//180
f 1279//1023 1278//1022 3913//949
f 3919//2310 1283//1023 1279//1023
f 3912//2304 3913//949 3916//2307
f 3914//2305 3912//2304 3915//2306
f 3897//180 3898//180 3911//180
f 3900//180 3901//180 3910//180
f 3908//180 3911//180 3901//180
f 3944//1046 3946//1048 3904//23
f 1287//543 1283//1023 3919//2310
f 1288//543 1287//543 3920//2311
f 3271//2160 3840//2257 3274//2163
f 3274//2163 3840//2257 2658//2102
f 3896//2298 2661//2103 2672//2110
f 2672//2110 2661//2103 2658//2102
f 3271//2160 3894//2296 2672//2110
f 2661//2103 3896//2298 3276//2165
f 3906//180 3910//180 3922//180
f 3907//2302 3905//2301 3949//2321
f 1260//180 3906//180 3921//180
f 3813//949 3313//543 3849//2260
f 3834//2252 3826//2248 3827//2249
f 3835//2253 3827//2249 3805//2229
f 3815//2237 3805//2229 2662//2104
f 1171//949 660//543 3313//543
f 3812//2235 3305//2187 3826//2248
f 3814//2236 3314//2191 3305//2187
f 3288//2177 3287//2176 3295//2180
f 3263//2153 3288//2177 3296//2181
f 2662//2104 3263//2153 3275//2164
f 2658//2102 3276//2165 3905//2301
f 3297//2182 5662//2923 5657//2918
f 3274//2163 3273//2162 2665//2107
f 3852//2263 3849//2260 3314//2191
f 3910//180 3933//180 3935//180
f 3898//180 3931//180 3934//180
f 3901//180 3932//180 3933//180
f 3911//180 3934//180 3932//180
f 3949//2321 3905//2301 3904//23
f 3859//2268 3875//2281 3928//1037
f 3876//2282 3874//2280 3928//1037
f 3872//2278 3927//1036 3930//1035
f 3868//2275 3926//1035 3864//2272
f 3867//2274 3864//2272 3865//2273
f 3866//2274 3865//2273 3314//2191
f 3862//2270 3876//2282 3929//1034
f 3857//2266 3873//2279 3927//1036
f 3856//2265 3859//2268 3924//1033
f 3841//23 3904//23 3905//2301
f 3847//543 3853//2264 3818//2240
f 3848//2259 3852//2263 3814//2236
f 3877//2283 3930//1035 3926//1035
f 3851//2262 3846//538 3306//538
f 3853//2264 3848//2259 3312//2190
f 3841//23 2676//2113 3269//2158
f 3843//507 3269//2158 2668//3
f 3935//180 3948//2320 3947//1047
f 3944//1046 3958//1046 3960//1046
f 3940//2316 3948//2320 3935//180
f 1316//1046 1332//1048 3958//1046
f 3921//180 3922//180 3947//1047
f 3961//1047 3959//1047 3945//1047
f 3909//2303 3943//2319 3937//2313
f 3939//2315 3953//2325 3957//2329
f 3932//180 3938//2314 3940//2316
f 3949//2321 3963//2331 3955//2327
f 3934//180 3942//2318 3938//2314
f 3942//2318 3956//2328 3952//2324
f 3903//23 1268//23 1316//1046
f 3954//2326 3962//2330 3948//2320
f 3962//2330 3963//2331 3960//1046
f 3955//2327 3963//2331 3962//2330
f 3959//1047 3961//1047 3960//1046
f 3957//2329 3956//2328 3950//2322
f 3952//2324 3953//2325 3955//2327
f 3956//2328 3957//2329 3953//2325
f 3958//1046 1332//1048 1333//1047
f 3959//1047 1333//1047 1317//1047
f 3943//2319 3957//2329 3951//2323
f 3936//2312 3950//2322 3956//2328
f 3962//2330 3961//1047 3947//1047
f 3938//2314 3952//2324 3954//2326
f 3946//1048 3960//1046 3963//2331
f 3941//2317 3955//2327 3953//2325
f 4595//1577 3977//1063 1342//1063
f 4572//2388 3964//2332 4588//2403
f 4046//71 4069//94 4070//95
f 4575//2390 3976//1063 3964//2332
f 4585//2400 3981//2343 3972//2338
f 4032//89 4055//112 4056//113
f 4045//2349 4068//2352 4069//94
f 3973//2339 5665//2926 5667//2928
f 4031//88 4054//111 4055//112
f 4045//2349 4044//2348 4067//6
f 4030//87 4053//110 4054//111
f 4044//2348 4043//68 4066//8
f 4582//2397 4577//2392 5191//2514
f 3981//2343 5195//2516 5200//2518
f 5207//2521 5205//2520 5211//2525
f 1953//1561 1342//1063 3977//1063
f 4030//87 4029//2347 4052//2350
f 4042//67 4065//9 4066//8
f 3964//2332 3976//1063 4593//1577
f 5143//1577 5137//1063 3977//1063
f 4238//198 4036//61 4037//62
f 4550//40 4047//72 4048//73
f 4540//59 4034//91 4035//92
f 4531//497 4021//78 4022//79
f 4551//41 4048//73 4049//74
f 4541//60 4035//92 4036//61
f 4532//47 4022//79 4023//80
f 4552//42 4049//74 4050//75
f 4533//48 4023//80 4024//81
f 4553//43 4050//75 4051//76
f 4558//488 4037//62 4038//63
f 4534//49 4024//81 4025//82
f 4554//44 4051//76 4020//77
f 4559//31 4038//63 4039//64
f 4535//50 4025//82 4026//83
f 4560//32 4039//64 4040//65
f 4536//51 4026//83 4027//84
f 4561//33 4040//65 4041//66
f 4537//52 4027//84 4028//2346
f 4562//34 4041//66 4042//67
f 4563//35 4042//67 4043//68
f 4543//2378 4029//2347 4030//87
f 4564//36 4043//68 4044//2348
f 4544//55 4030//87 4031//88
f 4235//197 4028//2346 4029//2347
f 4545//56 4031//88 4032//89
f 4555//2380 4045//2349 4046//71
f 4546//57 4032//89 4033//90
f 4556//39 4046//71 4047//72
f 4547//58 4033//90 4034//91
f 4033//90 4056//113 4057//114
f 4021//78 4020//77 3987//2345
f 4047//72 4070//95 4071//96
f 4035//92 4034//91 4057//114
f 4022//79 4021//78 3986//101
f 4049//74 4048//73 4071//96
f 4035//92 4058//115 4059//28
f 4023//80 4022//79 3985//102
f 4050//75 4049//74 4072//97
f 4037//62 4036//61 4059//28
f 4023//80 3984//103 3979//104
f 4051//76 4050//75 4073//98
f 4037//62 4060//2351 4061//26
f 4025//82 4024//81 3979//104
f 4020//77 4051//76 4074//99
f 4038//63 4061//26 4062//25
f 4025//82 3978//105 3968//106
f 4040//65 4039//64 4062//25
f 4026//83 3968//106 3967//107
f 4040//65 4063//19 4064//18
f 4028//2346 4027//84 3967//107
f 4042//67 4041//66 4064//18
f 4029//2347 4028//2346 3965//2333
f 4172//180 4171//180 4097//118
f 4174//180 4173//180 4088//145
f 4175//180 4172//180 4098//117
f 4176//180 4087//2354 4088//145
f 4175//180 4099//116 4100//125
f 4178//180 4084//141 4085//142
f 4177//180 4100//125 4101//126
f 4181//180 4082//133 4081//134
f 4183//180 4090//147 4091//124
f 4185//180 4075//140 4084//141
f 4180//180 4101//126 4102//127
f 4187//180 4083//132 4082//133
f 4183//180 4174//180 4089//2355
f 4185//180 4188//180 4076//139
f 4186//180 4102//127 4103//128
f 4190//180 4077//2353 4076//139
f 4189//180 4103//128 4104//129
f 4192//180 4078//137 4077//2353
f 4191//180 4104//129 4105//2356
f 4194//180 4079//136 4078//137
f 4193//180 4105//2356 4106//131
f 4196//180 4086//143 4087//2354
f 4197//180 4080//135 4079//136
f 4187//180 4195//180 4106//131
f 4179//180 4085//142 4086//143
f 4198//180 4093//122 4094//121
f 4182//180 4081//134 4080//135
f 4200//180 4092//123 4093//122
f 4201//180 4199//180 4094//121
f 4201//180 4095//120 4096//119
f 4184//180 4091//124 4092//123
f 4171//180 4202//180 4096//119
f 4139//175 4132//54 4133//55
f 4141//172 4110//34 4109//35
f 4140//173 4133//55 4134//56
f 4144//170 4111//33 4110//34
f 4145//163 4124//46 4125//47
f 4143//171 4134//56 4135//57
f 4148//168 4112//32 4111//33
f 4149//166 4123//45 4124//46
f 4147//169 4135//57 4136//58
f 4151//155 4113//31 4112//32
f 4152//165 4122//44 4123//45
f 4150//167 4136//58 4137//59
f 4154//154 4114//30 4113//31
f 4155//162 4121//43 4122//44
f 4153//164 4137//59 4138//60
f 4157//158 4115//29 4114//30
f 4158//159 4120//42 4121//43
f 4156//161 4138//60 4115//29
f 4146//160 4125//47 4126//48
f 4160//156 4119//41 4120//42
f 4159//157 4126//48 4127//49
f 4162//152 4118//40 4119//41
f 4161//153 4127//49 4128//50
f 4164//149 4117//39 4118//40
f 4163//150 4128//50 4129//51
f 4166//148 4116//38 4117//39
f 4165//151 4129//51 4130//52
f 4168//178 4107//37 4116//38
f 4167//179 4130//52 4131//53
f 4170//176 4108//36 4107//37
f 4169//177 4131//53 4132//54
f 4142//174 4109//35 4108//36
f 4077//2353 4142//174 4170//176
f 4099//116 4169//177 4139//175
f 4076//139 4170//176 4168//178
f 4098//117 4167//179 4169//177
f 4075//140 4168//178 4166//148
f 4097//118 4165//151 4167//179
f 4085//142 4084//141 4166//148
f 4096//119 4163//150 4165//151
f 4085//142 4164//149 4162//152
f 4095//120 4161//153 4163//150
f 4086//143 4162//152 4160//156
f 4094//121 4159//157 4161//153
f 4087//2354 4160//156 4158//159
f 4093//122 4146//160 4159//157
f 4083//132 4106//131 4156//161
f 4088//145 4158//159 4155//162
f 4082//133 4083//132 4157//158
f 4106//131 4105//2356 4153//164
f 4089//2355 4155//162 4152//165
f 4081//134 4082//133 4154//154
f 4105//2356 4104//129 4150//167
f 4091//124 4090//147 4152//165
f 4080//135 4081//134 4151//155
f 4104//129 4103//128 4147//169
f 4092//123 4091//124 4149//166
f 4080//135 4148//168 4144//170
f 4103//128 4102//127 4143//171
f 4093//122 4092//123 4145//163
f 4078//137 4079//136 4144//170
f 4102//127 4101//126 4140//173
f 4078//137 4141//172 4142//174
f 4101//126 4100//125 4139//175
f 4065//9 4064//18 4202//180
f 4060//2351 4059//28 4184//180
f 4063//19 4201//180 4202//180
f 4063//19 4062//25 4199//180
f 4061//26 4060//2351 4200//180
f 3984//103 3985//102 4182//180
f 4062//25 4061//26 4198//180
f 4054//111 4053//110 4179//180
f 4074//99 4195//180 4187//180
f 3979//104 3984//103 4197//180
f 4055//112 4054//111 4196//180
f 4073//98 4193//180 4195//180
f 3978//105 3979//104 4194//180
f 4072//97 4191//180 4193//180
f 3968//106 3978//105 4192//180
f 4072//97 4071//96 4189//180
f 3967//107 3968//106 4190//180
f 4071//96 4070//95 4186//180
f 3967//107 4188//180 4185//180
f 4058//115 4057//114 4174//180
f 3987//2345 4187//180 4181//180
f 4069//94 4180//180 4186//180
f 3965//2333 4185//180 4178//180
f 4059//28 4058//115 4183//180
f 3985//102 3986//101 4181//180
f 4068//2352 4177//180 4180//180
f 4053//110 4052//2350 4178//180
f 4067//6 4175//180 4177//180
f 4056//113 4055//112 4176//180
f 4066//8 4172//180 4175//180
f 4056//113 4173//180 4174//180
f 4065//9 4171//180 4172//180
f 4001//58 4234//58 4207//59
f 4014//39 4233//188 4205//40
f 4000//57 4232//57 4234//58
f 4013//38 4231//2361 4233//188
f 3999//56 4230//56 4232//57
f 4012//37 4229//2360 4231//2361
f 3998//55 4228//191 4230//56
f 4011//36 4227//36 4229//2360
f 3997//54 4226//2359 4228//191
f 4010//35 4225//35 4227//36
f 3996//53 4224//2358 4226//2359
f 4009//34 4223//34 4225//35
f 3995//52 4222//52 4224//2358
f 4008//33 4221//33 4223//34
f 3994//51 4220//51 4222//52
f 4007//32 4219//32 4221//33
f 3993//50 4218//50 4220//51
f 4006//31 4217//2357 4219//32
f 4019//44 4216//44 4203//183
f 3992//49 4215//49 4218//50
f 4005//30 4214//182 4217//2357
f 4018//43 4213//43 4216//44
f 3991//48 4212//48 4215//49
f 4004//29 4211//181 4214//182
f 4017//42 4210//42 4213//43
f 3990//47 4209//47 4212//48
f 4003//60 4208//60 4211//181
f 4016//41 4206//41 4210//42
f 3989//46 4204//184 4209//47
f 4002//59 4207//59 4208//60
f 4015//40 4205//40 4206//41
f 3988//45 4203//183 4204//184
f 4539//499 4236//196 4224//2358
f 4548//2379 4238//198 4029//2347
f 4236//196 4237//199 4226//2359
f 4237//199 4239//193 4214//182
f 4566//490 4240//192 4037//62
f 4548//2379 4237//199 4211//181
f 4239//193 4237//199 4236//196
f 4240//192 4241//195 4235//197
f 4044//2348 4045//2349 4241//195
f 4231//2361 4242//194 4557//2381
f 4044//2348 4240//192 4566//490
f 4229//2360 4239//193 4242//194
f 4204//184 4236//196 4539//499
f 4020//77 4241//195 4557//2381
f 4203//183 4242//194 4236//196
f 4020//77 4021//78 4235//197
f 4292//233 4291//232 4259//2364
f 4279//252 4278//251 4246//219
f 4306//247 4305//246 4273//214
f 4293//234 4292//233 4260//201
f 4280//253 4279//252 4247//220
f 4275//248 4306//247 4274//215
f 4294//235 4293//234 4261//202
f 4281//254 4280//253 4248//221
f 4295//236 4294//235 4262//203
f 4282//255 4281//254 4249//222
f 4296//237 4295//236 4263//204
f 4283//256 4282//255 4250//223
f 4297//238 4296//237 4264//205
f 4284//257 4283//256 4251//2362
f 4298//2367 4297//238 4265//206
f 4285//258 4284//257 4252//225
f 4299//240 4298//2367 4266//207
f 4286//259 4285//258 4253//226
f 4300//241 4299//240 4267//2365
f 4287//260 4286//259 4254//2363
f 4301//242 4300//241 4268//209
f 4288//261 4287//260 4255//228
f 4302//243 4301//242 4269//210
f 4289//262 4288//261 4256//229
f 4276//249 4275//248 4243//216
f 4303//244 4302//243 4270//2366
f 4290//263 4289//262 4257//230
f 4277//250 4276//249 4244//217
f 4304//245 4303//244 4271//212
f 4291//232 4290//263 4258//231
f 4278//251 4277//250 4245//218
f 4305//246 4304//245 4272//213
f 4300//241 4332//273 4331//272
f 4287//260 4319//292 4318//291
f 4333//274 4332//273 4300//241
f 4288//261 4320//293 4319//292
f 4334//275 4333//274 4301//242
f 4289//262 4321//294 4320//293
f 4308//281 4307//280 4275//248
f 4303//244 4335//276 4334//275
f 4322//295 4321//294 4289//262
f 4309//282 4308//281 4276//249
f 4336//277 4335//276 4303//244
f 4291//232 4323//264 4322//295
f 4310//283 4309//282 4277//250
f 4337//278 4336//277 4304//245
f 4292//233 4324//265 4323//264
f 4311//284 4310//283 4278//251
f 4338//279 4337//278 4305//246
f 4325//266 4324//265 4292//233
f 4312//285 4311//284 4279//252
f 4275//248 4307//280 4338//279
f 4326//267 4325//266 4293//234
f 4313//286 4312//285 4280//253
f 4295//236 4327//268 4326//267
f 4314//287 4313//286 4281//254
f 4328//269 4327//268 4295//236
f 4283//256 4315//288 4314//287
f 4329//270 4328//269 4296//237
f 4284//257 4316//289 4315//288
f 4298//2367 4330//271 4329//270
f 4317//290 4316//289 4284//257
f 4331//272 4330//271 4298//2367
f 4318//291 4317//290 4285//258
f 4341//314 4342//315 4335//276
f 4314//287 4363//304 4364//305
f 4343//316 4344//317 4333//274
f 4309//282 4368//309 4369//310
f 4327//268 4350//323 4351//324
f 4320//293 4357//298 4358//299
f 4322//295 4355//296 4356//297
f 4313//286 4364//305 4365//306
f 4344//317 4345//2368 4332//273
f 4335//276 4342//315 4343//316
f 4326//267 4351//324 4352//325
f 4319//292 4358//299 4359//300
f 4356//297 4357//298 4320//293
f 4307//280 4370//311 4339//312
f 4345//2368 4346//319 4331//272
f 4312//285 4365//306 4366//307
f 4359//300 4360//301 4317//290
f 4352//325 4353//326 4324//265
f 4346//319 4347//320 4330//271
f 4338//279 4339//312 4340//313
f 4360//301 4361//2369 4316//289
f 4366//307 4367//308 4310//283
f 4347//320 4348//321 4329//270
f 4353//326 4354//327 4323//264
f 4361//2369 4362//303 4315//288
f 4337//278 4340//313 4341//314
f 4348//321 4349//322 4328//269
f 4367//308 4368//309 4309//282
f 4315//288 4362//303 4363//304
f 4323//264 4354//327 4355//296
f 4349//322 4350//323 4327//268
f 4369//310 4370//311 4307//280
f 4367//308 4399//340 4400//341
f 4373//346 4374//347 4342//315
f 4369//310 4401//2373 4402//343
f 4388//329 4389//330 4357//298
f 4375//348 4376//2370 4344//317
f 4376//2370 4377//350 4345//2368
f 4362//303 4394//335 4395//336
f 4345//2368 4377//350 4378//351
f 4364//305 4396//337 4397//338
f 4390//331 4391//332 4359//300
f 4379//352 4380//353 4348//321
f 4349//322 4381//354 4382//355
f 4378//351 4379//352 4347//320
f 4402//343 4371//344 4339//312
f 4360//301 4392//2371 4393//2372
f 4351//324 4383//356 4384//357
f 4385//358 4386//359 4354//327
f 4348//321 4380//353 4381//354
f 4387//328 4388//329 4356//297
f 4398//339 4399//340 4367//308
f 4357//298 4389//330 4390//331
f 4350//323 4382//355 4383//356
f 4372//345 4373//346 4341//314
f 4391//332 4392//2371 4360//301
f 4393//2372 4394//335 4362//303
f 4384//357 4385//358 4353//326
f 4368//309 4400//341 4401//2373
f 4363//304 4395//336 4396//337
f 4342//315 4374//347 4375//348
f 4397//338 4398//339 4366//307
f 4354//327 4386//359 4387//328
f 4371//344 4372//345 4340//313
f 4400//341 4432//373 4433//374
f 4385//358 4417//390 4418//391
f 4374//347 4406//379 4407//380
f 4419//360 4420//361 4388//329
f 4433//374 4434//375 4402//343
f 4421//362 4422//363 4390//331
f 4408//381 4409//382 4377//350
f 4391//332 4423//364 4424//365
f 4410//383 4411//384 4379//352
f 4393//2372 4425//366 4426//367
f 4380//353 4412//385 4413//386
f 4395//336 4427//368 4428//369
f 4382//355 4414//387 4415//388
f 4397//338 4429//370 4430//371
f 4403//376 4404//377 4372//345
f 4416//389 4417//390 4385//358
f 4431//372 4432//373 4400//341
f 4405//378 4406//379 4374//347
f 4418//391 4419//360 4387//328
f 4426//367 4427//368 4395//336
f 4407//380 4408//381 4376//2370
f 4388//329 4420//361 4421//362
f 4428//369 4429//370 4397//338
f 4377//350 4409//382 4410//383
f 4390//331 4422//363 4423//364
f 4402//343 4434//375 4403//376
f 4411//384 4412//385 4380//353
f 4424//365 4425//366 4393//2372
f 4430//371 4431//372 4399//340
f 4413//386 4414//387 4382//355
f 4372//345 4404//377 4405//378
f 4383//356 4415//388 4416//389
f 4440//413 4441//2374 4409//382
f 4423//364 4455//396 4456//397
f 4442//415 4443//416 4411//384
f 4425//366 4457//2375 4458//399
f 4444//417 4445//418 4413//386
f 4459//400 4460//401 4428//369
f 4446//419 4447//420 4415//388
f 4461//402 4462//403 4430//371
f 4403//376 4435//408 4436//409
f 4448//421 4449//422 4417//390
f 4431//372 4463//404 4464//405
f 4437//410 4438//411 4406//379
f 4450//423 4451//392 4419//360
f 4458//399 4459//400 4427//368
f 4407//380 4439//412 4440//413
f 4420//361 4452//393 4453//394
f 4428//369 4460//401 4461//402
f 4409//382 4441//2374 4442//415
f 4422//363 4454//395 4455//396
f 4466//407 4435//408 4403//376
f 4411//384 4443//416 4444//417
f 4456//397 4457//2375 4425//366
f 4430//371 4462//403 4463//404
f 4413//386 4445//418 4446//419
f 4436//409 4437//410 4405//378
f 4415//388 4447//420 4448//421
f 4432//373 4464//405 4465//406
f 4417//390 4449//422 4450//423
f 4406//379 4438//411 4439//412
f 4451//392 4452//393 4420//361
f 4465//406 4466//407 4434//375
f 4453//394 4454//395 4422//363
f 4436//409 4435//408 4466//407
f 4466//407 4465//406 4464//405
f 4464//405 4463//404 4462//403
f 4462//403 4461//402 4460//401
f 4460//401 4459//400 4458//399
f 4458//399 4457//2375 4456//397
f 4456//397 4455//396 4454//395
f 4454//395 4453//394 4452//393
f 4452//393 4451//392 4450//423
f 4450//423 4449//422 4448//421
f 4448//421 4447//420 4446//419
f 4446//419 4445//418 4444//417
f 4444//417 4443//416 4442//415
f 4442//415 4441//2374 4440//413
f 4440//413 4439//412 4438//411
f 4438//411 4437//410 4436//409
f 4436//409 4466//407 4464//405
f 4464//405 4462//403 4460//401
f 4460//401 4458//399 4456//397
f 4456//397 4454//395 4452//393
f 4452//393 4450//423 4448//421
f 4448//421 4446//419 4444//417
f 4444//417 4442//415 4440//413
f 4440//413 4438//411 4436//409
f 4436//409 4464//405 4460//401
f 4460//401 4456//397 4452//393
f 4452//393 4448//421 4444//417
f 4444//417 4440//413 4436//409
f 4436//409 4460//401 4452//393
f 4269//210 4493//434 4494//435
f 4256//229 4480//453 4481//454
f 4243//216 4467//440 4468//441
f 4494//435 4495//436 4271//212
f 4257//230 4481//454 4482//455
f 4468//441 4469//442 4245//218
f 4271//212 4495//436 4496//437
f 4482//455 4483//424 4259//2364
f 4469//442 4470//443 4246//219
f 4272//213 4496//437 4497//438
f 4483//424 4484//425 4260//201
f 4246//219 4470//443 4471//444
f 4497//438 4498//439 4274//215
f 4260//201 4484//425 4485//426
f 4247//220 4471//444 4472//445
f 4498//439 4467//440 4243//216
f 4485//426 4486//427 4262//203
f 4472//445 4473//446 4249//222
f 4486//427 4487//428 4263//204
f 4249//222 4473//446 4474//447
f 4263//204 4487//428 4488//429
f 4474//447 4475//448 4251//2362
f 4488//429 4489//430 4265//206
f 4251//2362 4475//448 4476//449
f 4489//430 4490//431 4266//207
f 4252//225 4476//449 4477//450
f 4266//207 4490//431 4491//432
f 4253//226 4477//450 4478//451
f 4491//432 4492//433 4268//209
f 4254//2363 4478//451 4479//452
f 4492//433 4493//434 4269//210
f 4479//452 4480//453 4256//229
f 4511//484 4512//485 4480//453
f 4525//466 4526//467 4494//435
f 4512//485 4513//486 4481//454
f 4499//472 4500//473 4468//441
f 4526//467 4527//468 4495//436
f 4513//486 4514//487 4482//455
f 4500//473 4501//474 4469//442
f 4527//468 4528//469 4496//437
f 4514//487 4515//456 4483//424
f 4501//474 4502//475 4470//443
f 4528//469 4529//470 4497//438
f 4515//456 4516//457 4484//425
f 4502//475 4503//476 4471//444
f 4529//470 4530//471 4498//439
f 4516//457 4517//458 4485//426
f 4503//476 4504//477 4472//445
f 4530//471 4499//472 4467//440
f 4517//458 4518//459 4486//427
f 4504//477 4505//478 4473//446
f 4518//459 4519//460 4487//428
f 4505//478 4506//479 4474//447
f 4519//460 4520//461 4488//429
f 4506//479 4507//480 4475//448
f 4520//461 4521//462 4489//430
f 4507//480 4508//481 4476//449
f 4521//462 4522//463 4490//431
f 4508//481 4509//482 4477//450
f 4522//463 4523//2376 4491//432
f 4509//482 4510//483 4478//451
f 4523//2376 4524//465 4492//433
f 4510//483 4511//484 4479//452
f 4524//465 4525//466 4493//434
f 4021//78 4531//497 4539//499
f 4539//499 4538//2377 4028//2346
f 4222//52 4537//52 4538//2377
f 4220//51 4536//51 4537//52
f 4218//50 4535//50 4536//51
f 4215//49 4534//49 4535//50
f 4212//48 4533//48 4534//49
f 4209//47 4532//47 4533//48
f 4204//184 4531//497 4532//47
f 4548//2379 4542//494 4036//61
f 4548//2379 4543//2378 4226//2359
f 4234//58 4547//58 4540//59
f 4232//57 4546//57 4547//58
f 4230//56 4545//56 4546//57
f 4228//191 4544//55 4545//56
f 4226//2359 4543//2378 4544//55
f 4208//60 4541//60 4542//494
f 4207//59 4540//59 4541//60
f 4203//183 4549//491 4557//2381
f 4045//2349 4555//2380 4557//2381
f 4233//188 4556//39 4550//40
f 4231//2361 4555//2380 4556//39
f 4216//44 4554//44 4549//491
f 4213//43 4553//43 4554//44
f 4210//42 4552//42 4553//43
f 4206//41 4551//41 4552//42
f 4205//40 4550//40 4551//41
f 4229//2360 4565//2382 4566//490
f 4566//490 4558//488 4214//182
f 4227//36 4564//36 4565//2382
f 4225//35 4563//35 4564//36
f 4223//34 4562//34 4563//35
f 4221//33 4561//33 4562//34
f 4219//32 4560//32 4561//33
f 4217//2357 4559//31 4560//32
f 4214//182 4558//488 4559//31
f 3974//2340 5107//2452 5188//2511
f 5103//2448 5111//2455 5184//2507
f 4586//2401 4568//2384 3971//2337
f 3975//2341 5177//1005 5178//2504
f 4571//2387 1947//1062 1341//1062
f 4569//2385 4576//2391 4573//2389
f 1347//1068 1953//1561 4574//1561
f 3983//2344 4575//2390 4572//2388
f 4572//2388 4597//2408 5670//2931
f 4568//2384 4581//2396 4578//2393
f 5145//2478 5149//2482 5209//2523
f 5212//2526 3918//2309 3895//2297
f 4601//2412 3283//2172 5657//2918
f 3981//2343 4580//2395 4579//2394
f 3261//2151 4586//2401 4583//2398
f 5117//2460 5150//2483 5210//2524
f 4591//2406 4599//2410 5671//2932
f 2673//2111 4585//2400 4584//2399
f 3284//2173 4602//2413 4586//2401
f 3283//2172 4601//2412 4602//2413
f 4590//2405 4600//2411 4581//2396
f 4589//2404 4599//2410 4600//2411
f 4569//2385 4592//2407 4598//2409
f 4591//2406 4597//2408 4598//2409
f 5142//1578 4596//1578 4571//2387
f 5143//1577 4595//1577 4596//1578
f 4587//2402 4594//1578 4570//2386
f 4588//2403 4593//1577 4594//1578
f 4602//2413 4590//2405 4568//2384
f 4601//2412 4589//2404 4590//2405
f 4576//2391 4598//2409 4587//2402
f 4597//2408 4588//2403 4587//2402
f 4596//1578 1971//1578 1947//1062
f 4595//1577 1970//1577 1971//1578
f 5128//2006 2511//2006 1987//1590
f 5121//2464 4603//2414 5108//2453
f 4670//590 4669//589 4646//566
f 5110//2454 5108//2453 4603//2414
f 5118//2461 5116//2459 4607//2416
f 4656//608 4655//607 4632//584
f 4669//589 4668//2426 4645//2424
f 5122//2465 4607//2416 5116//2459
f 4655//607 4654//606 4631//583
f 4645//2424 4668//2426 4667//540
f 4654//606 4653//605 4630//582
f 4644//2423 4667//540 4666//541
f 5117//2460 5207//2521 3895//2297
f 2496//1993 5109//1993 4610//1590
f 4630//582 4653//605 4652//2425
f 4666//541 4665//542 4642//562
f 5126//2006 4609//1590 4603//2414
f 5152//2006 5128//2006 4610//1590
f 4637//557 4636//556 4806//199
f 4648//568 4647//567 5086//40
f 4635//587 4634//586 5076//59
f 4622//574 4621//573 5067//497
f 4649//569 4648//568 5087//41
f 4636//556 4635//587 5077//60
f 4623//575 4622//574 5068//47
f 4650//570 4649//569 5088//42
f 4624//576 4623//575 5069//48
f 4651//571 4650//570 5089//43
f 4638//558 4637//557 5094//488
f 4625//577 4624//576 5070//49
f 4620//572 4651//571 5090//44
f 4639//559 4638//558 5095//31
f 4626//578 4625//577 5071//50
f 4640//560 4639//559 5096//32
f 4627//579 4626//578 5072//51
f 4641//561 4640//560 5097//33
f 4628//2421 4627//579 5073//52
f 4642//562 4641//561 5098//34
f 4643//563 4642//562 5099//35
f 4630//582 4629//2422 5079//2378
f 4644//2423 4643//563 5100//36
f 4631//583 4630//582 5080//55
f 4629//2422 4628//2421 4803//196
f 4632//584 4631//583 5081//56
f 4646//566 4645//2424 5091//2380
f 4633//585 4632//584 5082//57
f 4647//567 4646//566 5092//39
f 4634//586 4633//585 5083//58
f 4657//609 4656//608 4633//585
f 4621//573 4618//2420 4619//595
f 4671//591 4670//590 4647//567
f 4635//587 4658//610 4657//609
f 4622//574 4617//597 4618//2420
f 4649//569 4672//592 4671//591
f 4659//555 4658//610 4635//587
f 4623//575 4616//598 4617//597
f 4673//593 4672//592 4649//569
f 4660//554 4659//555 4636//556
f 4612//599 4616//598 4623//575
f 4651//571 4674//594 4673//593
f 4661//553 4660//554 4637//557
f 4625//577 4611//600 4612//599
f 4620//572 4619//595 4674//594
f 4662//552 4661//553 4638//558
f 4606//601 4611//600 4625//577
f 4663//547 4662//552 4639//559
f 4605//602 4606//601 4626//578
f 4664//546 4663//547 4640//560
f 4628//2421 4604//2415 4605//602
f 4642//562 4665//542 4664//546
f 4629//2422 4652//2425 4604//2415
f 4740//543 4698//612 4697//613
f 4742//543 4689//2428 4688//640
f 4743//543 4699//611 4698//612
f 4688//640 4687//639 4744//543
f 4700//620 4699//611 4743//543
f 4685//637 4684//636 4746//543
f 4701//621 4700//620 4745//543
f 4681//629 4682//628 4749//543
f 4691//619 4690//642 4751//543
f 4684//636 4675//635 4753//543
f 4702//622 4701//621 4748//543
f 4749//543 4682//628 4683//627
f 4751//543 4690//642 4689//2428
f 4753//543 4675//635 4676//634
f 4703//623 4702//622 4754//543
f 4676//634 4677//2427 4758//543
f 4704//624 4703//623 4757//543
f 4677//2427 4678//632 4760//543
f 4705//2429 4704//624 4759//543
f 4678//632 4679//631 4762//543
f 4706//626 4705//2429 4761//543
f 4687//639 4686//638 4764//543
f 4679//631 4680//630 4765//543
f 4755//543 4683//627 4706//626
f 4686//638 4685//637 4747//543
f 4767//543 4694//616 4693//617
f 4680//630 4681//629 4750//543
f 4693//617 4692//618 4768//543
f 4769//543 4695//615 4694//616
f 4696//614 4695//615 4769//543
f 4692//618 4691//619 4752//543
f 4739//543 4697//613 4696//614
f 4133//55 4132//54 4707//670
f 4109//35 4110//34 4709//667
f 4134//56 4133//55 4708//668
f 4110//34 4111//33 4712//665
f 4125//47 4124//46 4713//658
f 4135//57 4134//56 4711//666
f 4111//33 4112//32 4716//663
f 4124//46 4123//45 4717//661
f 4136//58 4135//57 4715//664
f 4112//32 4113//31 4719//650
f 4123//45 4122//44 4720//660
f 4137//59 4136//58 4718//662
f 4113//31 4114//30 4722//649
f 4122//44 4121//43 4723//657
f 4138//60 4137//59 4721//659
f 4114//30 4115//29 4725//653
f 4121//43 4120//42 4726//654
f 4115//29 4138//60 4724//656
f 4126//48 4125//47 4714//655
f 4120//42 4119//41 4728//651
f 4127//49 4126//48 4727//652
f 4119//41 4118//40 4730//647
f 4128//50 4127//49 4729//648
f 4118//40 4117//39 4732//644
f 4129//51 4128//50 4731//645
f 4117//39 4116//38 4734//643
f 4130//52 4129//51 4733//646
f 4116//38 4107//37 4736//673
f 4131//53 4130//52 4735//674
f 4107//37 4108//36 4738//671
f 4132//54 4131//53 4737//672
f 4108//36 4109//35 4710//669
f 4738//671 4710//669 4677//2427
f 4707//670 4737//672 4699//611
f 4736//673 4738//671 4676//634
f 4737//672 4735//674 4698//612
f 4734//643 4736//673 4675//635
f 4735//674 4733//646 4697//613
f 4685//637 4732//644 4734//643
f 4733//646 4731//645 4696//614
f 4730//647 4732//644 4685//637
f 4731//645 4729//648 4695//615
f 4728//651 4730//647 4686//638
f 4729//648 4727//652 4694//616
f 4726//654 4728//651 4687//639
f 4727//652 4714//655 4693//617
f 4683//627 4725//653 4724//656
f 4723//657 4726//654 4688//640
f 4682//628 4722//649 4725//653
f 4706//626 4724//656 4721//659
f 4720//660 4723//657 4689//2428
f 4681//629 4719//650 4722//649
f 4705//2429 4721//659 4718//662
f 4691//619 4717//661 4720//660
f 4680//630 4716//663 4719//650
f 4704//624 4718//662 4715//664
f 4692//618 4713//658 4717//661
f 4712//665 4716//663 4680//630
f 4703//623 4715//664 4711//666
f 4693//617 4714//655 4713//658
f 4678//632 4709//667 4712//665
f 4702//622 4711//666 4708//668
f 4710//669 4709//667 4678//632
f 4701//621 4708//668 4707//670
f 4665//542 4739//543 4770//543
f 4660//554 4768//543 4752//543
f 4770//543 4769//543 4663//547
f 4663//547 4769//543 4767//543
f 4661//553 4766//543 4768//543
f 4616//598 4765//543 4750//543
f 4662//552 4767//543 4766//543
f 4654//606 4764//543 4747//543
f 4755//543 4763//543 4674//594
f 4612//599 4762//543 4765//543
f 4655//607 4744//543 4764//543
f 4763//543 4761//543 4673//593
f 4611//600 4760//543 4762//543
f 4761//543 4759//543 4672//592
f 4606//601 4758//543 4760//543
f 4672//592 4759//543 4757//543
f 4605//602 4756//543 4758//543
f 4671//591 4757//543 4754//543
f 4753//543 4756//543 4605//602
f 4658//610 4751//543 4742//543
f 4749//543 4755//543 4619//595
f 4754//543 4748//543 4669//589
f 4746//543 4753//543 4604//2415
f 4659//555 4752//543 4751//543
f 4617//597 4750//543 4749//543
f 4748//543 4745//543 4668//2426
f 4653//605 4747//543 4746//543
f 4745//543 4743//543 4667//540
f 4656//608 4741//543 4744//543
f 4743//543 4740//543 4666//541
f 4742//543 4741//543 4656//608
f 4740//543 4739//543 4665//542
f 4775//59 4802//58 4001//58
f 4773//40 4801//188 4014//39
f 4802//58 4800//57 4000//57
f 4801//188 4799//2433 4013//38
f 4800//57 4798//56 3999//56
f 4799//2433 4797//2432 4012//37
f 4798//56 4796//191 3998//55
f 4797//2432 4795//36 4011//36
f 4796//191 4794//2431 3997//54
f 4795//36 4793//35 4010//35
f 4794//2431 4792//2430 3996//53
f 4793//35 4791//34 4009//34
f 4792//2430 4790//52 3995//52
f 4791//34 4789//33 4008//33
f 4790//52 4788//51 3994//51
f 4789//33 4787//32 4007//32
f 4788//51 4786//50 3993//50
f 4787//32 4785//2357 4006//31
f 4771//677 4784//44 4019//44
f 4786//50 4783//49 3992//49
f 4785//2357 4782//676 4005//30
f 4784//44 4781//43 4018//43
f 4783//49 4780//48 3991//48
f 4782//676 4779//675 4004//29
f 4781//43 4778//42 4017//42
f 4780//48 4777//47 3990//47
f 4779//675 4776//60 4003//60
f 4778//42 4774//41 4016//41
f 4777//47 4772//678 3989//46
f 4776//60 4775//59 4002//59
f 4774//41 4773//40 4015//40
f 4772//678 4771//677 3988//45
f 5075//499 5074//2377 4792//2430
f 5084//2379 5079//2378 4629//2422
f 4804//197 4792//2430 4794//2431
f 4805//198 4779//675 4782//676
f 5102//490 5094//488 4637//557
f 5084//2379 5078//494 4779//675
f 4804//197 4805//198 4807//192
f 4808//193 4806//199 4803//196
f 4644//2423 4808//193 4809//194
f 5093//2381 4810//195 4799//2433
f 5102//490 4808//193 4644//2423
f 4810//195 4807//192 4797//2432
f 5075//499 4804//197 4772//678
f 5093//2381 4809//194 4620//572
f 4804//197 4810//195 4771//677
f 4620//572 4809//194 4803//196
f 4827//2436 4859//715 4860//716
f 4814//702 4846//734 4847//735
f 4841//697 4873//729 4874//730
f 4828//684 4860//716 4861//717
f 4815//703 4847//735 4848//736
f 4842//698 4874//730 4843//731
f 4829//685 4861//717 4862//718
f 4816//704 4848//736 4849//737
f 4830//686 4862//718 4863//719
f 4817//705 4849//737 4850//738
f 4831//687 4863//719 4864//720
f 4818//706 4850//738 4851//739
f 4832//688 4864//720 4865//721
f 4819//2434 4851//739 4852//740
f 4833//689 4865//721 4866//2439
f 4820//708 4852//740 4853//741
f 4834//690 4866//2439 4867//723
f 4821//709 4853//741 4854//742
f 4835//2437 4867//723 4868//724
f 4822//2435 4854//742 4855//743
f 4836//692 4868//724 4869//725
f 4823//711 4855//743 4856//744
f 4837//693 4869//725 4870//726
f 4824//712 4856//744 4857//745
f 4811//699 4843//731 4844//732
f 4838//2438 4870//726 4871//727
f 4825//713 4857//745 4858//746
f 4812//700 4844//732 4845//733
f 4839//695 4871//727 4872//728
f 4826//714 4858//746 4859//715
f 4813//701 4845//733 4846//734
f 4840//696 4872//728 4873//729
f 4868//724 4867//723 4899//755
f 4854//742 4886//774 4887//775
f 4868//724 4900//756 4901//757
f 4856//744 4855//743 4887//775
f 4869//725 4901//757 4902//758
f 4856//744 4888//776 4889//777
f 4843//731 4875//763 4876//764
f 4870//726 4902//758 4903//759
f 4857//745 4889//777 4890//778
f 4844//732 4876//764 4877//765
f 4871//727 4903//759 4904//760
f 4858//746 4890//778 4891//747
f 4845//733 4877//765 4878//766
f 4872//728 4904//760 4905//761
f 4860//716 4859//715 4891//747
f 4846//734 4878//766 4879//767
f 4873//729 4905//761 4906//762
f 4860//716 4892//748 4893//749
f 4847//735 4879//767 4880//768
f 4843//731 4874//730 4906//762
f 4861//717 4893//749 4894//750
f 4848//736 4880//768 4881//769
f 4863//719 4862//718 4894//750
f 4849//737 4881//769 4882//770
f 4863//719 4895//751 4896//752
f 4851//739 4850//738 4882//770
f 4864//720 4896//752 4897//753
f 4851//739 4883//771 4884//772
f 4865//721 4897//753 4898//754
f 4852//740 4884//772 4885//773
f 4866//2439 4898//754 4899//755
f 4853//741 4885//773 4886//774
f 4904//760 4903//759 4910//798
f 4882//770 4881//769 4932//788
f 4901//757 4912//800 4911//799
f 4877//765 4876//764 4937//793
f 4895//751 4894//750 4919//807
f 4888//776 4887//775 4926//782
f 4889//777 4924//780 4923//779
f 4881//769 4880//768 4933//789
f 4900//756 4913//801 4912//800
f 4903//759 4902//758 4911//799
f 4894//750 4893//749 4920//808
f 4887//775 4886//774 4927//783
f 4888//776 4925//781 4924//780
f 4906//762 4907//795 4938//794
f 4899//755 4914//802 4913//801
f 4880//768 4879//767 4934//790
f 4885//773 4928//784 4927//783
f 4892//748 4921//809 4920//808
f 4898//754 4915//803 4914//802
f 4905//761 4908//796 4907//795
f 4884//772 4929//2440 4928//784
f 4878//766 4935//791 4934//790
f 4897//753 4916//804 4915//803
f 4891//747 4922//810 4921//809
f 4883//771 4930//786 4929//2440
f 4905//761 4904//760 4909//797
f 4896//752 4917//805 4916//804
f 4878//766 4877//765 4936//792
f 4883//771 4882//770 4931//787
f 4891//747 4890//778 4923//779
f 4895//751 4918//806 4917//805
f 4875//763 4938//794 4937//793
f 4935//791 4936//792 4968//824
f 4910//798 4942//830 4941//829
f 4937//793 4938//794 4970//826
f 4925//781 4957//813 4956//812
f 4911//799 4912//800 4944//2441
f 4913//801 4945//833 4944//2441
f 4930//786 4931//787 4963//819
f 4914//802 4946//834 4945//833
f 4932//788 4933//789 4965//821
f 4927//783 4959//815 4958//814
f 4916//804 4948//836 4947//835
f 4917//805 4918//806 4950//838
f 4915//803 4947//835 4946//834
f 4938//794 4907//795 4939//827
f 4928//784 4929//2440 4961//2443
f 4919//807 4920//808 4952//840
f 4922//810 4954//842 4953//841
f 4917//805 4949//837 4948//836
f 4924//780 4956//812 4955//811
f 4935//791 4967//823 4966//822
f 4925//781 4926//782 4958//814
f 4918//806 4919//807 4951//839
f 4909//797 4941//829 4940//828
f 4928//784 4960//2442 4959//815
f 4930//786 4962//818 4961//2443
f 4921//809 4953//841 4952//840
f 4936//792 4937//793 4969//825
f 4932//788 4964//820 4963//819
f 4910//798 4911//799 4943//831
f 4934//790 4966//822 4965//821
f 4922//810 4923//779 4955//811
f 4908//796 4940//828 4939//827
f 4968//824 4969//825 5001//857
f 4953//841 4954//842 4986//874
f 4942//830 4943//831 4975//863
f 4956//812 4988//844 4987//843
f 4970//826 5002//858 5001//857
f 4958//814 4990//846 4989//845
f 4945//833 4977//865 4976//864
f 4959//815 4960//2442 4992//848
f 4947//835 4979//867 4978//866
f 4961//2443 4962//818 4994//850
f 4948//836 4949//837 4981//869
f 4964//820 4996//852 4995//851
f 4950//838 4951//839 4983//871
f 4966//822 4998//854 4997//853
f 4939//827 4940//828 4972//860
f 4953//841 4985//873 4984//872
f 4968//824 5000//856 4999//855
f 4942//830 4974//862 4973//861
f 4955//811 4987//843 4986//874
f 4963//819 4995//851 4994//850
f 4944//2441 4976//864 4975//863
f 4956//812 4957//813 4989//845
f 4965//821 4997//853 4996//852
f 4945//833 4946//834 4978//866
f 4958//814 4959//815 4991//847
f 4939//827 4971//859 5002//858
f 4948//836 4980//868 4979//867
f 4961//2443 4993//849 4992//848
f 4967//823 4999//855 4998//854
f 4950//838 4982//870 4981//869
f 4940//828 4941//829 4973//861
f 4951//839 4952//840 4984//872
f 4977//865 5009//897 5008//896
f 4992//848 5024//880 5023//879
f 4979//867 5011//899 5010//898
f 4993//849 4994//850 5026//882
f 4981//869 5013//2444 5012//900
f 4996//852 5028//884 5027//883
f 4983//871 5015//903 5014//902
f 4998//854 5030//886 5029//2446
f 4971//859 4972//860 5004//892
f 4985//873 5017//2445 5016//904
f 5000//856 5032//888 5031//887
f 4974//862 5006//894 5005//893
f 4987//843 5019//875 5018//906
f 4995//851 5027//883 5026//882
f 4975//863 4976//864 5008//896
f 4988//844 4989//845 5021//877
f 4997//853 5029//2446 5028//884
f 4977//865 4978//866 5010//898
f 4990//846 4991//847 5023//879
f 4971//859 5003//891 5034//890
f 4979//867 4980//868 5012//900
f 4993//849 5025//881 5024//880
f 4998//854 4999//855 5031//887
f 4982//870 5014//902 5013//2444
f 4973//861 5005//893 5004//892
f 4983//871 4984//872 5016//904
f 5000//856 5001//857 5033//2447
f 4985//873 4986//874 5018//906
f 4974//862 4975//863 5007//895
f 4988//844 5020//876 5019//875
f 5002//858 5034//890 5033//2447
f 4990//846 5022//878 5021//877
f 5034//890 5003//891 5004//892
f 5004//892 5005//893 5006//894
f 5006//894 5007//895 5008//896
f 5008//896 5009//897 5010//898
f 5010//898 5011//899 5012//900
f 5012//900 5013//2444 5014//902
f 5014//902 5015//903 5016//904
f 5016//904 5017//2445 5018//906
f 5018//906 5019//875 5020//876
f 5020//876 5021//877 5022//878
f 5022//878 5023//879 5024//880
f 5024//880 5025//881 5026//882
f 5026//882 5027//883 5028//884
f 5028//884 5029//2446 5030//886
f 5030//886 5031//887 5032//888
f 5032//888 5033//2447 5034//890
f 5034//890 5004//892 5006//894
f 5006//894 5008//896 5010//898
f 5010//898 5012//900 5014//902
f 5014//902 5016//904 5018//906
f 5018//906 5020//876 5022//878
f 5022//878 5024//880 5026//882
f 5026//882 5028//884 5030//886
f 5030//886 5032//888 5034//890
f 5034//890 5006//894 5010//898
f 5010//898 5014//902 5018//906
f 5018//906 5022//878 5026//882
f 5026//882 5030//886 5034//890
f 5034//890 5010//898 5018//906
f 4837//693 4838//2438 5062//918
f 4824//712 4825//713 5049//937
f 4811//699 4812//700 5036//924
f 4839//695 5063//919 5062//918
f 4825//713 4826//714 5050//938
f 4813//701 5037//925 5036//924
f 4839//695 4840//696 5064//920
f 4827//2436 5051//907 5050//938
f 4814//702 5038//926 5037//925
f 4840//696 4841//697 5065//921
f 4828//684 5052//908 5051//907
f 4814//702 4815//703 5039//927
f 4842//698 5066//922 5065//921
f 4828//684 4829//685 5053//909
f 4815//703 4816//704 5040//928
f 4811//699 5035//923 5066//922
f 4830//686 5054//910 5053//909
f 4817//705 5041//929 5040//928
f 4831//687 5055//911 5054//910
f 4817//705 4818//706 5042//930
f 4831//687 4832//688 5056//912
f 4819//2434 5043//931 5042//930
f 4833//689 5057//913 5056//912
f 4819//2434 4820//708 5044//932
f 4834//690 5058//914 5057//913
f 4820//708 4821//709 5045//933
f 4834//690 4835//2437 5059//915
f 4822//2435 5046//934 5045//933
f 4836//692 5060//916 5059//915
f 4822//2435 4823//711 5047//935
f 4837//693 5061//917 5060//916
f 4824//712 5048//936 5047//935
f 5048//936 4512//485 4511//484
f 5062//918 4526//467 4525//466
f 5049//937 4513//486 4512//485
f 5036//924 4500//473 4499//472
f 5063//919 4527//468 4526//467
f 5050//938 4514//487 4513//486
f 5037//925 4501//474 4500//473
f 5064//920 4528//469 4527//468
f 5051//907 4515//456 4514//487
f 5038//926 4502//475 4501//474
f 5065//921 4529//470 4528//469
f 5052//908 4516//457 4515//456
f 5039//927 4503//476 4502//475
f 5066//922 4530//471 4529//470
f 5053//909 4517//458 4516//457
f 5040//928 4504//477 4503//476
f 5035//923 4499//472 4530//471
f 5054//910 4518//459 4517//458
f 5041//929 4505//478 4504//477
f 5055//911 4519//460 4518//459
f 5042//930 4506//479 4505//478
f 5056//912 4520//461 4519//460
f 5043//931 4507//480 4506//479
f 5057//913 4521//462 4520//461
f 5044//932 4508//481 4507//480
f 5058//914 4522//463 4521//462
f 5045//933 4509//482 4508//481
f 5059//915 4523//2376 4522//463
f 5046//934 4510//483 4509//482
f 5060//916 4524//465 4523//2376
f 5047//935 4511//484 4510//483
f 5061//917 4525//466 4524//465
f 4621//573 4803//196 5075//499
f 4628//2421 5074//2377 5075//499
f 5074//2377 5073//52 4790//52
f 5073//52 5072//51 4788//51
f 5072//51 5071//50 4786//50
f 5071//50 5070//49 4783//49
f 5070//49 5069//48 4780//48
f 5069//48 5068//47 4777//47
f 5068//47 5067//497 4772//678
f 4636//556 5078//494 5084//2379
f 4794//2431 5079//2378 5084//2379
f 5076//59 5083//58 4802//58
f 5083//58 5082//57 4800//57
f 5082//57 5081//56 4798//56
f 5081//56 5080//55 4796//191
f 5080//55 5079//2378 4794//2431
f 5078//494 5077//60 4776//60
f 5077//60 5076//59 4775//59
f 4771//677 4810//195 5093//2381
f 4645//2424 4809//194 5093//2381
f 5086//40 5092//39 4801//188
f 5092//39 5091//2380 4799//2433
f 5085//491 5090//44 4784//44
f 5090//44 5089//43 4781//43
f 5089//43 5088//42 4778//42
f 5088//42 5087//41 4774//41
f 5087//41 5086//40 4773//40
f 4797//2432 4807//192 5102//490
f 4782//676 5094//488 5102//490
f 5101//2382 5100//36 4795//36
f 5100//36 5099//35 4793//35
f 5099//35 5098//34 4791//34
f 5098//34 5097//33 4789//33
f 5097//33 5096//32 4787//32
f 5096//32 5095//31 4785//2357
f 5095//31 5094//488 4782//676
f 3974//2340 5186//2509 5185//2508
f 5103//2448 5183//543 5182//2506
f 3971//2337 5104//2449 5119//2462
f 4567//2383 5179//180 5180//2505
f 1341//1062 2490//1062 5107//2452
f 4573//2389 5111//2455 5105//2450
f 5160//2490 5175//2502 5222//2077
f 1992//543 4614//543 5109//1993
f 4615//2419 4608//2417 5108//2453
f 5130//2469 5108//2453 4608//2417
f 4578//2393 5115//2458 5104//2449
f 3982//1080 5139//1080 5197//1080
f 5132//2471 5112//2456 4607//2416
f 4613//2418 4607//2416 5112//2456
f 4583//2398 5119//2462 3803//2227
f 5113//1996 5206//1996 5209//2523
f 5134//2473 5116//2459 3300//2185
f 3311//2189 3300//2185 5116//2459
f 5119//2462 5135//2474 3823//2245
f 5135//2474 5134//2473 3822//2244
f 5115//2458 5133//2472 5123//2466
f 5133//2472 5132//2471 5122//2465
f 5111//2455 5131//2470 5125//2468
f 5125//2468 5131//2470 5130//2469
f 5107//2452 5129//2007 5151//2007
f 5129//2007 5128//2006 5152//2006
f 5106//2451 5127//2007 5120//2463
f 5127//2007 5126//2006 5121//2464
f 5104//2449 5123//2466 5135//2474
f 5123//2466 5122//2465 5134//2473
f 5103//2448 5120//2463 5131//2470
f 5131//2470 5120//2463 5121//2464
f 2490//1062 2512//2007 5129//2007
f 2512//2007 2511//2006 5128//2006
f 5151//2007 5152//2006 5126//2006
f 5147//2480 5151//2007 5127//2007
f 3310//2188 3847//543 5150//2483
f 2500//1996 2599//2065 5206//1996
f 4614//543 5146//2479 5148//2481
f 5136//2475 5147//2480 5106//2451
f 5126//2006 5152//2006 5144//1590
f 5109//1993 5148//2481 5144//1590
f 5145//2478 5208//2522 5210//2524
f 4593//1577 5143//1577 5142//1578
f 4594//1578 5142//1578 5140//2477
f 5198//2517 3983//2344 4577//2392
f 3982//1080 4574//1561 5141//1561
f 4570//2386 5140//2477 5136//2475
f 4593//1577 3976//1063 5137//1063
f 4574//1561 3977//1063 5137//1063
f 1347//1068 3982//1080 5196//1080
f 4585//2400 2673//2111 3899//2299
f 5215//2074 5154//2485 5155//2486
f 5160//2490 5159//2489 5173//2500
f 5215//2074 5153//2484 5169//2496
f 5166//2494 5176//2503 5221//2076
f 5110//2454 5148//2481 5168//2495
f 5157//2488 5168//2495 5167//2495
f 5158//2488 5167//2495 5166//2494
f 5148//2481 5146//2479 5163//2492
f 5168//2495 5163//2492 5164//2492
f 5167//2495 5164//2492 5165//2493
f 5110//2454 5157//2488 5162//2491
f 5157//2488 5158//2488 5161//2491
f 5158//2488 5159//2489 5160//2490
f 5173//2500 5171//2498 5170//2497
f 5176//2503 5174//2501 5169//2496
f 5175//2502 5170//2497 5219//2078
f 5221//2076 5176//2503 5172//2499
f 5156//2487 5172//2499 5169//2496
f 5154//2485 5170//2497 5171//2498
f 5166//2494 5165//2493 5174//2501
f 5155//2486 5171//2498 5220//2079
f 3975//2341 5106//2451 5182//2506
f 4573//2389 5181//1002 5184//2507
f 4567//2383 4570//2386 5178//2504
f 4573//2389 4576//2391 5180//2505
f 5187//2510 5185//2508 5186//2509
f 5186//2509 5188//2511 5189//2512
f 5136//2475 5140//2477 5187//2510
f 5147//2480 5189//2512 5188//2511
f 5140//2477 4571//2387 5185//2508
f 5136//2475 5190//2513 5189//2512
f 3981//2343 4585//2400 5202//2519
f 5234//2087 5213//180 2611//180
f 1989//180 2585//180 5193//180
f 5232//2532 5228//2528 5195//2516
f 5228//2528 5230//2530 5200//2518
f 2585//180 2584//180 5199//180
f 3931//180 5225//180 5231//2531
f 1176//180 1989//180 5201//180
f 2600//2066 5205//2520 5206//1996
f 2600//2066 2604//2066 5211//2525
f 5205//2520 5208//2522 5209//2523
f 5207//2521 5210//2524 5208//2522
f 3897//180 5201//180 5204//180
f 5193//180 5199//180 5203//180
f 5201//180 5193//180 5194//180
f 5233//2086 5196//1080 5197//1080
f 2608//543 5212//2526 5211//2525
f 1288//543 3918//2309 5212//2526
f 4580//2395 5138//2476 4577//2392
f 4580//2395 5200//2518 3966//2334
f 3980//2342 3969//2335 5192//2515
f 3966//2334 3969//2335 3980//2342
f 4577//2392 5138//2476 3980//2342
f 4582//2397 5192//2515 3969//2335
f 5199//180 5213//180 5214//180
f 5238//2534 5198//2517 5200//2518
f 2584//180 2611//180 5213//180
f 5113//1996 5149//2482 5146//2479
f 5125//2468 5124//2467 5132//2471
f 5105//2450 5125//2468 5133//2472
f 3970//2336 5105//2450 5115//2458
f 2500//1996 5113//1996 4614//543
f 5124//2467 4608//2417 5112//2456
f 5114//2457 5112//2456 4608//2417
f 4599//2410 4591//2406 4592//2407
f 4600//2411 4592//2407 4569//2385
f 4581//2396 4569//2385 3970//2336
f 5198//2517 4582//2397 3966//2334
f 3293//2178 5660//2921 5659//2920
f 4580//2395 3983//2344 3973//2339
f 5149//2482 5114//2457 4615//2419
f 5203//180 5214//180 5226//180
f 5225//180 3931//180 3898//180
f 5194//180 5203//180 5224//180
f 5204//180 5194//180 5223//180
f 5197//1080 5198//2517 5238//2534
f 5156//2487 5216//2075 5220//2079
f 5173//2500 5221//2076 5220//2079
f 5222//2077 5219//2078 5169//2496
f 5161//2491 5218//2077 5165//2493
f 5162//2491 5161//2491 5164//2492
f 4615//2419 5162//2491 5163//2492
f 5159//2489 5217//2076 5221//2076
f 5154//2485 5215//2074 5219//2078
f 5153//2484 5215//2074 5216//2075
f 5139//1080 3983//2344 5198//2517
f 3847//543 3311//2189 5118//2461
f 5145//2478 4613//2418 5114//2457
f 5218//2077 5222//2077 5174//2501
f 5148//2481 5110//2454 4609//1590
f 5150//2483 5118//2461 4613//2418
f 5139//1080 5141//1561 4575//2390
f 5141//1561 5137//1063 3976//1063
f 5236//2087 5237//2533 5226//180
f 5233//2086 5235//2088 5247//2086
f 5226//180 5237//2533 5229//2529
f 2632//2086 5233//2086 5245//2086
f 5213//180 5234//2087 5236//2087
f 5234//2087 5246//2087 5248//2087
f 3937//2313 5232//2532 5202//2519
f 5228//2528 5232//2532 5244//2540
f 5223//180 5224//180 5229//2529
f 5238//2534 5230//2530 5242//2538
f 5225//180 5223//180 5227//2527
f 5231//2531 5227//2527 5239//2535
f 5196//1080 5233//2086 2632//2086
f 5237//2533 5249//2541 5241//2537
f 5247//2086 5250//2542 5249//2541
f 5249//2541 5250//2542 5242//2538
f 5246//2087 5245//2086 5247//2086
f 3950//2322 5243//2539 5244//2540
f 5239//2535 5241//2537 5242//2538
f 5243//2539 5239//2535 5240//2536
f 5245//2086 5246//2087 2647//2087
f 2633//2087 2647//2087 5246//2087
f 5232//2532 3937//2313 3951//2323
f 3936//2312 5231//2531 5243//2539
f 5236//2087 5248//2087 5249//2541
f 5227//2527 5229//2529 5241//2537
f 5235//2088 5238//2534 5250//2542
f 5230//2530 5228//2528 5240//2536
f 5258//2550 5254//2546 5255//2547
f 5251//2543 5258//2550 5253//2545
f 5256//2548 5259//2551 5258//2550
f 5258//2550 5259//2551 5257//2549
f 5255//2547 5261//2553 5264//2556
f 5253//2545 5264//2556 5260//2552
f 5264//2556 5265//2557 5262//2554
f 5264//2556 5261//2553 5263//2555
f 5268//2560 5267//2559 5270//2562
f 5266//2558 5270//2562 5251//2543
f 5270//2562 5271//2563 5256//2548
f 5270//2562 5267//2559 5269//2561
f 5274//2566 5272//2564 5268//2560
f 5260//2552 5274//2566 5266//2558
f 5262//2554 5275//2567 5274//2566
f 5274//2566 5275//2567 5273//2565
f 2526//2017 2514//2009 5282//2574
f 2491//1988 5280//2572 5282//2574
f 1186//962 5279//2571 5278//2570
f 1162//941 1188//964 5277//2569
f 652//536 640//528 4//4
f 1350//1071 629//517 5280//2572
f 1985//1588 632//520 1161//940
f 1350//1071 1948//1556 1180//956
f 1200//972 5278//2570 5277//2569
f 613//502 1964//1571 4//4
f 13//13 1162//941 5276//2568
f 13//13 1967//1574 1964//1571
f 1186//962 2526//2017 5281//2573
f 1948//1556 1973//1580 1161//940
f 638//526 652//536 612//501
f 638//526 2508//2003 632//520
f 5293//2585 5297//2589 5309//2601
f 629//517 1180//956 5320//2612
f 5286//2578 5289//2581 5324//2616
f 5294//2586 5295//2587 5330//2622
f 632//520 5319//2611 5302//2594
f 5286//2578 5305//2597 5299//2591
f 5298//2590 5311//2603 5330//2622
f 629//517 5318//2610 5314//2606
f 5288//2580 5323//2615 5301//2593
f 612//501 4//4 5317//2609
f 5293//2585 5328//2620 5311//2603
f 5276//2568 5277//2569 5316//2608
f 5285//2577 5287//2579 5322//2614
f 5279//2571 5315//2607 5310//2602
f 5285//2577 5303//2595 5307//2599
f 2508//2003 5306//2598 5319//2611
f 5310//2602 5342//2634 5348//2640
f 5322//2614 5326//2618 5358//2650
f 5318//2610 5320//2612 5352//2644
f 5309//2601 5327//2619 5359//2651
f 5319//2611 5351//2643 5334//2626
f 5325//2617 5357//2649 5355//2647
f 5318//2610 5350//2642 5346//2638
f 5324//2616 5301//2593 5333//2625
f 5300//2592 5317//2609 5349//2641
f 5325//2617 5329//2621 5361//2653
f 5308//2600 5316//2608 5348//2640
f 5299//2591 5331//2623 5358//2650
f 5315//2607 5347//2639 5342//2634
f 5306//2598 5338//2630 5351//2643
f 5307//2599 5339//2631 5359//2651
f 5314//2606 5346//2638 5345//2637
f 5278//2570 5310//2602 5316//2608
f 5296//2588 5307//2599 5327//2619
f 1964//1571 5321//2613 5317//2609
f 5283//2575 5299//2591 5326//2618
f 1967//1574 5276//2568 5308//2600
f 5290//2582 5294//2586 5329//2621
f 1967//1574 5304//2596 5321//2613
f 5289//2581 5284//2576 5301//2593
f 5279//2571 5281//2573 5312//2604
f 5290//2582 5325//2617 5323//2615
f 1180//956 1161//940 5302//2594
f 5297//2589 5292//2584 5327//2619
f 5281//2573 5282//2574 5313//2605
f 2508//2003 612//501 5300//2592
f 5287//2579 5291//2583 5326//2618
f 5280//2572 5314//2606 5313//2605
f 5344//2636 5345//2637 5362//2654
f 5346//2638 5361//2653 5362//2654
f 5347//2639 5360//2652 5341//2633
f 5340//2632 5348//2640 5359//2651
f 5332//2624 5349//2641 5358//2650
f 5350//2642 5357//2649 5361//2653
f 5351//2643 5356//2648 5333//2625
f 5350//2642 5352//2644 5355//2647
f 5342//2634 5341//2633 5359//2651
f 5353//2645 5354//2646 5358//2650
f 5336//2628 5340//2632 5339//2631
f 5336//2628 5335//2627 5354//2646
f 5347//2639 5344//2636 5343//2635
f 5352//2644 5334//2626 5333//2625
f 5338//2630 5332//2624 5331//2623
f 5338//2630 5337//2629 5356//2648
f 5303//2595 5335//2627 5339//2631
f 5321//2613 5353//2645 5349//2641
f 5303//2595 5322//2614 5354//2646
f 5304//2596 5308//2600 5340//2632
f 5328//2620 5360//2652 5343//2635
f 5304//2596 5336//2628 5353//2645
f 5323//2615 5355//2647 5333//2625
f 5311//2603 5343//2635 5362//2654
f 5315//2607 5312//2604 5344//2636
f 5305//2597 5337//2629 5331//2623
f 5329//2621 5330//2622 5362//2654
f 5320//2612 5302//2594 5334//2626
f 5305//2597 5324//2616 5356//2648
f 5312//2604 5313//2605 5345//2637
f 5328//2620 5309//2601 5341//2633
f 5306//2598 5300//2592 5332//2624
f 5371//2663 5403//2695 5402//2694
f 5385//2677 5417//2709 5416//2708
f 5404//2696 5403//2695 5371//2663
f 5418//2710 5417//2709 5385//2677
f 5405//2697 5404//2696 5372//2664
f 5387//2679 5419//2711 5418//2710
f 5374//2666 5406//2698 5405//2697
f 5420//2712 5419//2711 5387//2679
f 5407//2699 5406//2698 5374//2666
f 5389//2681 5421//2713 5420//2712
f 5408//2700 5407//2699 5375//2667
f 5422//2714 5421//2713 5389//2681
f 5377//2669 5409//2701 5408//2700
f 5396//2688 5395//2687 5363//2655
f 5423//2715 5422//2714 5390//2682
f 5378//2670 5410//2702 5409//2701
f 5365//2657 5397//2689 5396//2688
f 5392//2684 5424//2716 5423//2715
f 5411//2703 5410//2702 5378//2670
f 5398//2690 5397//2689 5365//2657
f 5425//2717 5424//2716 5392//2684
f 5380//2672 5412//2704 5411//2703
f 5399//2691 5398//2690 5366//2658
f 5426//2718 5425//2717 5393//2685
f 5413//2705 5412//2704 5380//2672
f 5368//2660 5400//2692 5399//2691
f 5363//2655 5395//2687 5426//2718
f 5414//2706 5413//2705 5381//2673
f 5401//2693 5400//2692 5368//2660
f 5415//2707 5414//2706 5382//2674
f 5370//2662 5402//2694 5401//2693
f 5384//2676 5416//2708 5415//2707
f 5430//2722 5429//2721 5397//2689
f 5457//2749 5456//2748 5424//2716
f 5444//2736 5443//2735 5411//2703
f 5431//2723 5430//2722 5398//2690
f 5458//2750 5457//2749 5425//2717
f 5445//2737 5444//2736 5412//2704
f 5432//2724 5431//2723 5399//2691
f 5427//2719 5458//2750 5426//2718
f 5446//2738 5445//2737 5413//2705
f 5433//2725 5432//2724 5400//2692
f 5447//2739 5446//2738 5414//2706
f 5434//2726 5433//2725 5401//2693
f 5448//2740 5447//2739 5415//2707
f 5435//2727 5434//2726 5402//2694
f 5449//2741 5448//2740 5416//2708
f 5436//2728 5435//2727 5403//2695
f 5450//2742 5449//2741 5417//2709
f 5437//2729 5436//2728 5404//2696
f 5451//2743 5450//2742 5418//2710
f 5438//2730 5437//2729 5405//2697
f 5452//2744 5451//2743 5419//2711
f 5439//2731 5438//2730 5406//2698
f 5453//2745 5452//2744 5420//2712
f 5440//2732 5439//2731 5407//2699
f 5454//2746 5453//2745 5421//2713
f 5441//2733 5440//2732 5408//2700
f 5428//2720 5427//2719 5395//2687
f 5455//2747 5454//2746 5422//2714
f 5442//2734 5441//2733 5409//2701
f 5429//2721 5428//2720 5396//2688
f 5456//2748 5455//2747 5423//2715
f 5443//2735 5442//2734 5410//2702
f 5465//2757 5464//2756 5432//2724
f 5479//2771 5478//2770 5446//2738
f 5434//2726 5466//2758 5465//2757
f 5448//2740 5480//2772 5479//2771
f 5467//2759 5466//2758 5434//2726
f 5481//2773 5480//2772 5448//2740
f 5436//2728 5468//2760 5467//2759
f 5450//2742 5482//2774 5481//2773
f 5469//2761 5468//2760 5436//2728
f 5483//2775 5482//2774 5450//2742
f 5438//2730 5470//2762 5469//2761
f 5452//2744 5484//2776 5483//2775
f 5471//2763 5470//2762 5438//2730
f 5485//2777 5484//2776 5452//2744
f 5440//2732 5472//2764 5471//2763
f 5454//2746 5486//2778 5485//2777
f 5473//2765 5472//2764 5440//2732
f 5428//2720 5460//2752 5459//2751
f 5487//2779 5486//2778 5454//2746
f 5442//2734 5474//2766 5473//2765
f 5461//2753 5460//2752 5428//2720
f 5456//2748 5488//2780 5487//2779
f 5475//2767 5474//2766 5442//2734
f 5430//2722 5462//2754 5461//2753
f 5489//2781 5488//2780 5456//2748
f 5444//2736 5476//2768 5475//2767
f 5431//2723 5463//2755 5462//2754
f 5458//2750 5490//2782 5489//2781
f 5477//2769 5476//2768 5444//2736
f 5432//2724 5464//2756 5463//2755
f 5459//2751 5490//2782 5458//2750
f 5446//2738 5478//2770 5477//2769
f 5500//2744 5499//2743 5467//2759
f 5514//2726 5513//2725 5481//2773
f 5501//2745 5500//2744 5468//2760
f 5515//2727 5514//2726 5482//2774
f 5502//2746 5501//2745 5469//2761
f 5516//2728 5515//2727 5483//2775
f 5503//2747 5502//2746 5470//2762
f 5517//2729 5516//2728 5484//2776
f 5504//2748 5503//2747 5471//2763
f 5518//2730 5517//2729 5485//2777
f 5505//2749 5504//2748 5472//2764
f 5492//2736 5491//2735 5459//2751
f 5519//2731 5518//2730 5486//2778
f 5506//2750 5505//2749 5473//2765
f 5493//2737 5492//2736 5460//2752
f 5520//2732 5519//2731 5487//2779
f 5507//2719 5506//2750 5474//2766
f 5494//2738 5493//2737 5461//2753
f 5521//2733 5520//2732 5488//2780
f 5508//2720 5507//2719 5475//2767
f 5495//2739 5494//2738 5462//2754
f 5522//2734 5521//2733 5489//2781
f 5509//2783 5508//2720 5476//2768
f 5496//2740 5495//2739 5463//2755
f 5491//2735 5522//2734 5490//2782
f 5510//2722 5509//2783 5477//2769
f 5497//2741 5496//2740 5464//2756
f 5511//2723 5510//2722 5478//2770
f 5498//2742 5497//2741 5465//2757
f 5512//2724 5511//2723 5479//2771
f 5499//2743 5498//2742 5466//2758
f 5513//2725 5512//2724 5480//2772
f 5535//2796 5534//2795 5502//2746
f 5549//2810 5548//2809 5516//2728
f 5504//2748 5536//2797 5535//2796
f 5518//2730 5550//2811 5549//2810
f 5537//2798 5536//2797 5504//2748
f 5492//2736 5524//2785 5523//2784
f 5551//2812 5550//2811 5518//2730
f 5506//2750 5538//2799 5537//2798
f 5525//2786 5524//2785 5492//2736
f 5520//2732 5552//2813 5551//2812
f 5539//2800 5538//2799 5506//2750
f 5494//2738 5526//2787 5525//2786
f 5553//2814 5552//2813 5520//2732
f 5508//2720 5540//2801 5539//2800
f 5495//2739 5527//2788 5526//2787
f 5522//2734 5554//2815 5553//2814
f 5541//2802 5540//2801 5508//2720
f 5496//2740 5528//2789 5527//2788
f 5523//2784 5554//2815 5522//2734
f 5510//2722 5542//2803 5541//2802
f 5529//2790 5528//2789 5496//2740
f 5543//2804 5542//2803 5510//2722
f 5498//2742 5530//2791 5529//2790
f 5512//2724 5544//2805 5543//2804
f 5531//2792 5530//2791 5498//2742
f 5545//2806 5544//2805 5512//2724
f 5500//2744 5532//2793 5531//2792
f 5514//2726 5546//2807 5545//2806
f 5533//2794 5532//2793 5500//2744
f 5547//2808 5546//2807 5514//2726
f 5502//2746 5534//2795 5533//2794
f 5516//2728 5548//2809 5547//2808
f 5538//2799 5570//2831 5569//2830
f 5557//2818 5556//2817 5524//2785
f 5552//2813 5584//2845 5583//2844
f 5571//2832 5570//2831 5538//2799
f 5558//2819 5557//2818 5525//2786
f 5585//2846 5584//2845 5552//2813
f 5572//2833 5571//2832 5539//2800
f 5559//2820 5558//2819 5526//2787
f 5586//2847 5585//2846 5553//2814
f 5573//2834 5572//2833 5540//2801
f 5528//2789 5560//2821 5559//2820
f 5555//2816 5586//2847 5554//2815
f 5574//2835 5573//2834 5541//2802
f 5561//2822 5560//2821 5528//2789
f 5575//2836 5574//2835 5542//2803
f 5562//2823 5561//2822 5529//2790
f 5544//2805 5576//2837 5575//2836
f 5563//2824 5562//2823 5530//2791
f 5545//2806 5577//2838 5576//2837
f 5532//2793 5564//2825 5563//2824
f 5546//2807 5578//2839 5577//2838
f 5533//2794 5565//2826 5564//2825
f 5579//2840 5578//2839 5546//2807
f 5534//2795 5566//2827 5565//2826
f 5548//2809 5580//2841 5579//2840
f 5567//2828 5566//2827 5534//2795
f 5581//2842 5580//2841 5548//2809
f 5568//2829 5567//2828 5535//2796
f 5550//2811 5582//2843 5581//2842
f 5569//2830 5568//2829 5536//2797
f 5524//2785 5556//2817 5555//2816
f 5583//2844 5582//2843 5550//2811
f 5605//2866 5604//2865 5572//2833
f 5592//2853 5591//2852 5559//2820
f 5587//2848 5618//2879 5586//2847
f 5606//2867 5605//2866 5573//2834
f 5593//2854 5592//2853 5560//2821
f 5607//2868 5606//2867 5574//2835
f 5562//2823 5594//2855 5593//2854
f 5576//2837 5608//2869 5607//2868
f 5563//2824 5595//2856 5594//2855
f 5609//2870 5608//2869 5576//2837
f 5596//2857 5595//2856 5563//2824
f 5610//2871 5609//2870 5577//2838
f 5597//2858 5596//2857 5564//2825
f 5611//2872 5610//2871 5578//2839
f 5566//2827 5598//2859 5597//2858
f 5580//2841 5612//2873 5611//2872
f 5599//2860 5598//2859 5566//2827
f 5581//2842 5613//2874 5612//2873
f 5568//2829 5600//2861 5599//2860
f 5582//2843 5614//2875 5613//2874
f 5569//2830 5601//2862 5600//2861
f 5588//2849 5587//2848 5555//2816
f 5615//2876 5614//2875 5582//2843
f 5602//2863 5601//2862 5569//2830
f 5557//2818 5589//2850 5588//2849
f 5584//2845 5616//2877 5615//2876
f 5571//2832 5603//2864 5602//2863
f 5590//2851 5589//2850 5557//2818
f 5585//2846 5617//2878 5616//2877
f 5572//2833 5604//2865 5603//2864
f 5559//2820 5591//2852 5590//2851
f 5586//2847 5618//2879 5617//2878
f 5608//2869 5640//2901 5639//2900
f 5595//2856 5627//2888 5626//2887
f 5641//2902 5640//2901 5608//2869
f 5596//2857 5628//2889 5627//2888
f 5610//2871 5642//2903 5641//2902
f 5629//2890 5628//2889 5596//2857
f 5643//2904 5642//2903 5610//2871
f 5630//2891 5629//2890 5597//2858
f 5612//2873 5644//2905 5643//2904
f 5631//2892 5630//2891 5598//2859
f 5645//2906 5644//2905 5612//2873
f 5600//2861 5632//2893 5631//2892
f 5646//2907 5645//2906 5613//2874
f 5633//2894 5632//2893 5600//2861
f 5620//2881 5619//2880 5587//2848
f 5615//2876 5647//2908 5646//2907
f 5634//2895 5633//2894 5601//2862
f 5621//2882 5620//2881 5588//2849
f 5616//2877 5648//2909 5647//2908
f 5603//2864 5635//2896 5634//2895
f 5622//2883 5621//2882 5589//2850
f 5649//2910 5648//2909 5616//2877
f 5604//2865 5636//2897 5635//2896
f 5591//2852 5623//2884 5622//2883
f 5618//2879 5650//2911 5649//2910
f 5605//2866 5637//2898 5636//2897
f 5592//2853 5624//2885 5623//2884
f 5619//2880 5650//2911 5618//2879
f 5606//2867 5638//2899 5637//2898
f 5593//2854 5625//2886 5624//2885
f 5639//2900 5638//2899 5606//2867
f 5594//2855 5626//2887 5625//2886
f 5619//2880 5620//2881 5621//2882
f 5621//2882 5622//2883 5623//2884
f 5623//2884 5624//2885 5625//2886
f 5625//2886 5626//2887 5627//2888
f 5627//2888 5628//2889 5629//2890
f 5629//2890 5630//2891 5631//2892
f 5631//2892 5632//2893 5633//2894
f 5633//2894 5634//2895 5635//2896
f 5635//2896 5636//2897 5637//2898
f 5637//2898 5638//2899 5639//2900
f 5639//2900 5640//2901 5641//2902
f 5641//2902 5642//2903 5643//2904
f 5643//2904 5644//2905 5645//2906
f 5645//2906 5646//2907 5647//2908
f 5647//2908 5648//2909 5649//2910
f 5649//2910 5650//2911 5619//2880
f 5619//2880 5621//2882 5623//2884
f 5623//2884 5625//2886 5627//2888
f 5627//2888 5629//2890 5631//2892
f 5631//2892 5633//2894 5635//2896
f 5635//2896 5637//2898 5639//2900
f 5639//2900 5641//2902 5643//2904
f 5643//2904 5645//2906 5647//2908
f 5647//2908 5649//2910 5619//2880
f 5619//2880 5623//2884 5627//2888
f 5627//2888 5631//2892 5635//2896
f 5635//2896 5639//2900 5643//2904
f 5643//2904 5647//2908 5619//2880
f 5619//2880 5627//2888 5635//2896
f 5655//2916 5677//2938 5675//2936
f 5651//2912 5673//2934 5674//2935
f 5670//2931 5692//2952 5688//2948
f 5660//2921 5654//2915 5676//2937
f 5671//2932 5693//2953 5691//2951
f 5661//2922 5659//2920 5681//2941
f 5672//2933 5694//2954 5690//2950
f 5662//2923 5658//2919 5680//2940
f 5669//2930 5691//2951 5692//2952
f 5659//2920 5660//2921 5682//2942
f 4572//2388 5666//2927 5665//2926
f 4589//2404 4601//2412 5672//2933
f 3278//2167 2656//2101 5656//2917
f 3273//2162 2664//2106 5652//2913
f 3295//2180 5661//2922 5658//2919
f 3287//2176 5659//2920 5661//2922
f 4584//2399 5663//2924 5656//2917
f 3285//2174 5658//2919 5662//2923
f 4597//2408 4591//2406 5669//2930
f 4579//2394 5667//2928 5664//2925
f 2664//2106 3278//2167 5651//2912
f 2665//2107 3273//2162 5655//2916
f 5680//2940 5674//2935 5673//2934
f 5682//2942 5676//2937 5675//2936
f 5683//2943 5677//2938 5674//2935
f 5684//2944 5673//2934 5678//2939
f 5681//2941 5675//2936 5677//2938
f 5685//2945 5686//2946 5690//2950
f 5687//2947 5688//2948 5692//2952
f 5686//2946 5689//2949 5693//2953
f 5678//2939 5685//2945 5694//2954
f 5689//2949 5687//2947 5691//2951
f 5667//2928 5665//2926 5687//2947
f 5653//2914 5675//2936 5676//2937
f 5663//2924 5664//2925 5686//2946
f 5652//2913 5674//2935 5677//2938
f 5665//2926 5666//2927 5688//2948
f 5657//2918 5662//2923 5684//2944
f 5657//2918 5679//2299 5694//2954
f 5656//2917 5678//2939 5673//2934
f 5664//2925 5667//2928 5689//2949
f 5658//2919 5661//2922 5683//2943
f 5668//2929 5690//2950 5693//2953
f 5656//2917 5663//2924 5685//2945
